Linear part: No equation.
Convergent part:
dec__0(enc__0(x__5,y__6),y__6) = x__5
fst__0((x__1,y__2)) = x__1
snd__0((x__3,y__4)) = y__4
verify__0(sign__0(d__7,k__8),d__7,pk__0(k__8)) = true__0
Completing equations...
Completed equations:
verify__0(sign__0(d__7,k__8),d__7,pk__0(k__8)) = true__0
snd__0((x__3,y__4)) = y__4
fst__0((x__1,y__2)) = x__1
dec__0(enc__0(x__5,y__6),y__6) = x__5
Process 0 (that is, the initial process):
{1}insert access_control_table(client_t__0,udp_t__0,send__0__syscall);
{2}insert access_control_table(server_t__0,udp_t__0,recv__0__syscall);
{3}insert access_control_table(client_t__0,rpc_t__0,connect_rpc__0__syscall);
{4}insert access_control_table(client_t__0,rpc_t__0,invoke_rpc__0__syscall);
{5}insert access_control_table(client_t__0,rpc_t__0,close_rpc__0__syscall);
{6}insert access_control_table(client_ta_t__0,rpc_t__0,accept_rpc__0__syscall);
{7}insert access_control_table(client_ta_t__0,rpc_t__0,none__syscall);
{8}insert access_control_table(client_t__0,rpc_t__0,none__syscall);
{9}insert access_control_table(client_ta_t__0,readonly_t__0,fopen__0__syscall);
{10}insert access_control_table(client_ta_t__0,readonly_t__0,fread__0__syscall);
{11}insert access_control_table(client_ta_t__0,readonly_t__0,fclose__0__syscall);
{12}insert access_control_table(server_t__0,readonly_t__0,fopen__0__syscall);
{13}insert access_control_table(server_t__0,readonly_t__0,fread__0__syscall);
{14}insert access_control_table(server_t__0,readonly_t__0,fclose__0__syscall);
(
    {15}let ptype: proc_t = client_t__0 in
    {16}let ch_net__35: channel = udp__0 in
    {17}let ch_rpc__36: channel = rpc__0 in
    {18}insert channel_table(udp_t__0,ch_net__35);
    {19}insert channel_table(rpc_t__0,ch_rpc__36);
    {67}get channel_table(ch_type__121: acc_data_t,=ch_rpc__36) in
    {66}get access_control_table(=ptype,=ch_type__121,=connect_rpc__0__syscall) in
    (
        {20}out(ch_rpc__36, req__chan)
    ) | (
        {65}get channel_table(ch_type__120: acc_data_t,=ch_rpc__36) in
        {64}get access_control_table(=ptype,=ch_type__120,=connect_rpc__0__syscall) in
        {21}in(ch_rpc__36, ack__chan);
        {22}new channel_case_ch__64: channel;
        (
            {23}out(channel_case_ch__64, (false__bool,(),dev_camera__str,secret_priv__str,sign_image__str,ch_rpc__36))
        ) | (
            {24}in(channel_case_ch__64, (=false__bool,channel_case_result__114: bitstring,channel_case_state_0__115: bitstring,channel_case_state_1__116: bitstring,channel_case_state_2__117: bitstring,channel_case_state_3__118: channel));
            {25}new x__14: bitstring;
            {29}get channel_table(ch_type__119: acc_data_t,=channel_case_state_3__118) in
            {28}get access_control_table(=ptype,=ch_type__119,=connect_rpc__0__syscall) in
            (
                {26}out(channel_case_state_3__118, conn__chan)
            ) | (
                {27}out(channel_case_ch__64, (true__bool,chid__struct(x__14,channel_case_state_3__118),channel_case_state_0__115,channel_case_state_1__116,channel_case_state_2__117,channel_case_state_3__118))
            )
        ) | (
            {30}in(channel_case_ch__64, (=true__bool,channel_case_done_result__65: bitstring,channel_case_done_state_0__66: bitstring,channel_case_done_state_1__67: bitstring,channel_case_done_state_2__68: bitstring,channel_case_done_state_3__69: channel));
            {31}new loop_ch__70: channel;
            (
                {32}out(loop_ch__70, (false__bool,(),channel_case_done_state_0__66,channel_case_done_state_1__67,channel_case_done_state_2__68,channel_case_done_result__65))
            ) | (
                {33}!
                (
                    {34}in(loop_ch__70, (=false__bool,loop_result__81: bitstring,loop_state_0__82: bitstring,loop_state_1__83: bitstring,loop_state_2__84: bitstring,loop_state_3__85: bitstring));
                    {35}new v__24: bitstring;
                    {36}out(attacker_ch, v__24);
                    {54}get deleted_address_table(=chid__struct_addr(loop_state_3__85)) in
                        0
                    else
                        {53}get channel_table(ch_type__112: acc_data_t,=chid__struct_par_1(loop_state_3__85)) in
                        {52}get access_control_table(=ptype,=ch_type__112,=invoke_rpc__0__syscall) in
                        (
                            {37}out(chid__struct_par_1(loop_state_3__85), invoke__chan(loop_state_2__84,v__24,loop_state_1__83))
                        ) | (
                            {51}get channel_table(ch_type__111: acc_data_t,=chid__struct_par_1(loop_state_3__85)) in
                            {50}get access_control_table(=ptype,=ch_type__111,=invoke_rpc__0__syscall) in
                            {38}in(chid__struct_par_1(loop_state_3__85), Returned__chan(case_arg_0__86: bitstring));
                            {39}new channel_case_ch__87: channel;
                            (
                                {40}out(channel_case_ch__87, (false__bool,(),loop_state_0__82,loop_state_1__83,loop_state_2__84,loop_state_3__85,v__24,loop_state_3__85,loop_state_2__84,v__24,loop_state_1__83,chid__struct_par_1(loop_state_3__85)))
                            ) | (
                                {41}in(channel_case_ch__87, (=false__bool,channel_case_result__100: bitstring,channel_case_state_0__101: bitstring,channel_case_state_1__102: bitstring,channel_case_state_2__103: bitstring,channel_case_state_3__104: bitstring,channel_case_state_4__105: bitstring,channel_case_state_5__106: bitstring,channel_case_state_6__107: bitstring,channel_case_state_7__108: bitstring,channel_case_state_8__109: bitstring,channel_case_state_9__110: channel));
                                {42}out(channel_case_ch__87, (true__bool,case_arg_0__86,channel_case_state_0__101,channel_case_state_1__102,channel_case_state_2__103,channel_case_state_3__104,channel_case_state_4__105,channel_case_state_5__106,channel_case_state_6__107,channel_case_state_7__108,channel_case_state_8__109,channel_case_state_9__110))
                            ) | (
                                {43}in(channel_case_ch__87, (=true__bool,channel_case_done_result__88: bitstring,channel_case_done_state_0__89: bitstring,channel_case_done_state_1__90: bitstring,channel_case_done_state_2__91: bitstring,channel_case_done_state_3__92: bitstring,channel_case_done_state_4__93: bitstring,channel_case_done_state_5__94: bitstring,channel_case_done_state_6__95: bitstring,channel_case_done_state_7__96: bitstring,channel_case_done_state_8__97: bitstring,channel_case_done_state_9__98: channel));
                                {44}out(attacker_ch, channel_case_done_result__88);
                                {45}event ImgSend__event_global(channel_case_done_state_4__93);
                                {49}get channel_table(ch_type__99: acc_data_t,=ch_net__35) in
                                {48}get access_control_table(=ptype,=ch_type__99,=send__0__syscall) in
                                (
                                    {46}out(ch_net__35, store__chan((channel_case_done_result__88,channel_case_done_state_4__93)))
                                ) | (
                                    {47}out(loop_ch__70, (false__bool,(),channel_case_done_state_0__89,channel_case_done_state_1__90,channel_case_done_state_2__91,channel_case_done_state_3__92))
                                )
                            )
                        )
                ) | (
                    {55}in(loop_ch__70, (=false__bool,loop_result__76: bitstring,loop_state_0__77: bitstring,loop_state_1__78: bitstring,loop_state_2__79: bitstring,loop_state_3__80: bitstring));
                    {56}out(loop_ch__70, (true__bool,(),loop_state_0__77,loop_state_1__78,loop_state_2__79,loop_state_3__80))
                )
            ) | (
                {57}in(loop_ch__70, (=true__bool,loop_done_result__71: bitstring,loop_done_state_0__72: bitstring,loop_done_state_1__73: bitstring,loop_done_state_2__74: bitstring,loop_done_state_3__75: bitstring));
                {63}get deleted_address_table(=chid__struct_addr(loop_done_state_3__75)) in
                    0
                else
                    {58}insert deleted_address_table(chid__struct_addr(loop_done_state_3__75));
                    {62}get channel_table(ch_type__113: acc_data_t,=chid__struct_par_1(loop_done_state_3__75)) in
                    {61}get access_control_table(=ptype,=ch_type__113,=close_rpc__0__syscall) in
                    (
                        {59}out(chid__struct_par_1(loop_done_state_3__75), exit__chan)
                    ) | (
                        {60}event ClientClose__event_global
                    )
            )
        )
    )
) | (
    {68}let ptype_1: proc_t = server_t__0 in
    {69}let ch_net__56: channel = udp__0 in
    {70}insert channel_table(udp_t__0,ch_net__56);
    {71}insert file_type_table(ptype_1,readonly_t__0,secret_pub__str);
    {72}new file_ch: channel;
    (
        {73}out(file_ch, (secret_pub__str,pk__0(priv_k__0)))
    ) | (
        {127}get file_type_table(=ptype_1,file_type__229: acc_data_t,=secret_pub__str) in
        {126}get access_control_table(=ptype_1,=file_type__229,=fopen__0__syscall) in
        {74}in(file_ch, (=secret_pub__str,file_contents__163: bitstring));
        {75}new y__27: bitstring;
        {125}get file_type_table(=ptype_1,file_type__228: acc_data_t,=secret_pub__str) in
        {124}get access_control_table(=ptype_1,=file_type__228,=fopen__0__syscall) in
        (
            {76}out(file_ch, (secret_pub__str,file_contents__163))
        ) | (
            {123}get deleted_address_table(=Fd__struct_addr(Fd__struct(y__27,file_contents__163))) in
                0
            else
                {77}new loop_ch__164: channel;
                (
                    {78}out(loop_ch__164, (false__bool,(),secret_pub__str,Fd__struct(y__27,file_contents__163),Fd__struct_par_1(Fd__struct(y__27,file_contents__163))))
                ) | (
                    {79}!
                    (
                        {80}in(loop_ch__164, (=false__bool,loop_result__173: bitstring,loop_state_0__174: bitstring,loop_state_1__175: bitstring,loop_state_2__176: bitstring));
                        {81}new call_join_ch__191: channel;
                        (
                            {82}new attack_choice_ch: channel;
                            (
                                {83}out(attack_choice_ch, true__bool)
                            ) | (
                                {84}in(attack_choice_ch, ignored_v: bitstring);
                                {93}get channel_table(ch_type__197: acc_data_t,=ch_net__56) in
                                {92}get access_control_table(=ptype_1,=ch_type__197,=recv__0__syscall) in
                                {85}in(ch_net__56, store__chan(case_arg_0__177: bitstring));
                                {86}new channel_case_ch__178: channel;
                                (
                                    {87}out(channel_case_ch__178, (false__bool,(),loop_state_0__174,loop_state_1__175,loop_state_2__176,ch_net__56))
                                ) | (
                                    {88}in(channel_case_ch__178, (=false__bool,channel_case_result__192: bitstring,channel_case_state_0__193: bitstring,channel_case_state_1__194: bitstring,channel_case_state_2__195: bitstring,channel_case_state_3__196: channel));
                                    {89}out(channel_case_ch__178, (true__bool,case_arg_0__177,channel_case_state_0__193,channel_case_state_1__194,channel_case_state_2__195,channel_case_state_3__196))
                                ) | (
                                    {90}in(channel_case_ch__178, (=true__bool,channel_case_done_result__179: bitstring,channel_case_done_state_0__180: bitstring,channel_case_done_state_1__181: bitstring,channel_case_done_state_2__182: bitstring,channel_case_done_state_3__183: channel));
                                    {91}out(call_join_ch__191, (true__bool,channel_case_done_result__179,channel_case_done_state_0__180,channel_case_done_state_1__181,channel_case_done_state_2__182))
                                )
                            ) | (
                                {94}in(attack_choice_ch, ignored_v_1: bitstring);
                                {104}get channel_table(ch_type__204: acc_data_t,=ch_net__56) in
                                {103}get access_control_table(=ptype_1,=ch_type__204,=recv__0__syscall) in
                                {95}in(ch_net__56, store__chan(case_arg_0__184: bitstring));
                                {96}new channel_case_ch__185: channel;
                                (
                                    {97}out(channel_case_ch__185, (false__bool,(),loop_state_0__174,loop_state_1__175,loop_state_2__176,ch_net__56))
                                ) | (
                                    {98}in(channel_case_ch__185, (=false__bool,channel_case_result__198: bitstring,channel_case_state_0__199: bitstring,channel_case_state_1__200: bitstring,channel_case_state_2__201: bitstring,channel_case_state_3__202: channel));
                                    {99}in(attacker_ch, attacker_input__203: bitstring);
                                    {100}out(channel_case_ch__185, (true__bool,attacker_input__203,channel_case_state_0__199,channel_case_state_1__200,channel_case_state_2__201,channel_case_state_3__202))
                                ) | (
                                    {101}in(channel_case_ch__185, (=true__bool,channel_case_done_result__186: bitstring,channel_case_done_state_0__187: bitstring,channel_case_done_state_1__188: bitstring,channel_case_done_state_2__189: bitstring,channel_case_done_state_3__190: channel));
                                    {102}out(call_join_ch__191, (true__bool,channel_case_done_result__186,channel_case_done_state_0__187,channel_case_done_state_1__188,channel_case_done_state_2__189))
                                )
                            )
                        ) | (
                            {105}in(call_join_ch__191, (=true__bool,call_result__205: bitstring,call_state_0__206: bitstring,call_state_1__207: bitstring,call_state_2__208: bitstring));
                            {106}new case_ch__209: channel;
                            (
                                {107}out(case_ch__209, (false__bool,(),call_state_0__206,call_state_1__207,call_state_2__208,call_result__205,verify__0(fst__0(call_result__205),snd__0(call_result__205),call_state_2__208)))
                            ) | (
                                {108}in(case_ch__209, (=false__bool,case_result__216: bitstring,case_state_0__217: bitstring,case_state_1__218: bitstring,case_state_2__219: bitstring,case_state_3__220: bitstring,case_state_4__221: bitstring));
                                {109}if (case_state_4__221 = true__0) then
                                    {110}event ImgRecvValid__event_global(snd__0(case_state_3__220));
                                    {111}out(case_ch__209, (true__bool,(),case_state_0__217,case_state_1__218,case_state_2__219,case_state_3__220,case_state_4__221))
                                else
                                    {112}out(case_ch__209, (false__bool,case_result__216,case_state_0__217,case_state_1__218,case_state_2__219,case_state_3__220,case_state_4__221))
                            ) | (
                                {113}in(case_ch__209, (=false__bool,case_result__222: bitstring,case_state_0__223: bitstring,case_state_1__224: bitstring,case_state_2__225: bitstring,case_state_3__226: bitstring,case_state_4__227: bitstring));
                                {114}if (case_state_4__227 = true__0) then
                                    {115}out(case_ch__209, (false__bool,case_result__222,case_state_0__223,case_state_1__224,case_state_2__225,case_state_3__226,case_state_4__227))
                                else
                                    {116}event ImgRecvInvalid__event_global(snd__0(case_state_3__226));
                                    {117}out(case_ch__209, (true__bool,(),case_state_0__223,case_state_1__224,case_state_2__225,case_state_3__226,case_state_4__227))
                            ) | (
                                {118}in(case_ch__209, (=true__bool,case_done_result__210: bitstring,case_done_state_0__211: bitstring,case_done_state_1__212: bitstring,case_done_state_2__213: bitstring,case_done_state_3__214: bitstring,case_done_state_4__215: bitstring));
                                {119}out(loop_ch__164, (false__bool,case_done_result__210,case_done_state_0__211,case_done_state_1__212,case_done_state_2__213))
                            )
                        )
                    ) | (
                        {120}in(loop_ch__164, (=false__bool,loop_result__169: bitstring,loop_state_0__170: bitstring,loop_state_1__171: bitstring,loop_state_2__172: bitstring));
                        {121}out(loop_ch__164, (false__bool,loop_result__169,loop_state_0__170,loop_state_1__171,loop_state_2__172))
                    )
                ) | (
                    {122}in(loop_ch__164, (=true__bool,loop_done_result__165: bitstring,loop_done_state_0__166: bitstring,loop_done_state_1__167: bitstring,loop_done_state_2__168: bitstring))
                )
        )
    )
) | (
    {128}let ptype_2: proc_t = client_ta_t__0 in
    {129}let ch_rpc__43: channel = rpc__0 in
    {130}insert channel_table(rpc_t__0,ch_rpc__43);
    {131}insert file_type_table(ptype_2,readonly_t__0,secret_priv__str);
    {132}new file_ch_1: channel;
    (
        {133}out(file_ch_1, (secret_priv__str,enc__0(priv_k__0,sym_k__0)))
    ) | (
        {187}get channel_table(ch_type__162: acc_data_t,=ch_rpc__43) in
        {186}get access_control_table(=ptype_2,=ch_type__162,=accept_rpc__0__syscall) in
        {134}in(ch_rpc__43, req__chan);
        {135}new channel_case_ch__122: channel;
        (
            {136}out(channel_case_ch__122, (false__bool,(),sym_k__0,ch_rpc__43))
        ) | (
            {137}in(channel_case_ch__122, (=false__bool,channel_case_result__158: bitstring,channel_case_state_0__159: bitstring,channel_case_state_1__160: channel));
            {141}get channel_table(ch_type__161: acc_data_t,=channel_case_state_1__160) in
            {140}get access_control_table(=ptype_2,=ch_type__161,=accept_rpc__0__syscall) in
            (
                {138}out(channel_case_state_1__160, ack__chan)
            ) | (
                {139}out(channel_case_ch__122, (true__bool,(),channel_case_state_0__159,channel_case_state_1__160))
            )
        ) | (
            {142}in(channel_case_ch__122, (=true__bool,channel_case_done_result__123: bitstring,channel_case_done_state_0__124: bitstring,channel_case_done_state_1__125: channel));
            {143}new loop_ch__126: channel;
            (
                {144}out(loop_ch__126, (false__bool,(),channel_case_done_state_0__124))
            ) | (
                {145}!
                (
                    {146}in(loop_ch__126, (=false__bool,loop_result__132: bitstring,loop_state_0__133: bitstring));
                    {176}get channel_table(ch_type__157: acc_data_t,=ch_rpc__43) in
                    (
                        {174}get access_control_table(=ptype_2,=ch_type__157,=none__syscall) in
                            {147}in(ch_rpc__43, invoke__chan(case_arg_0__134: bitstring,case_arg_1__135: bitstring,case_arg_2__136: bitstring));
                            {148}new case_ch__137: channel;
                            (
                                {149}out(case_ch__137, (false__bool,(),loop_state_0__133,case_arg_0__134,case_arg_1__135,case_arg_2__136))
                            ) | (
                                {150}in(case_ch__137, (=false__bool,case_result__143: bitstring,case_state_0__144: bitstring,case_state_1__145: bitstring,case_state_2__146: bitstring,case_state_3__147: bitstring));
                                {151}if (case_state_1__145 = sign_image__str) then
                                (
                                    {164}get file_type_table(=ptype_2,file_type__151: acc_data_t,=case_state_3__147) in
                                    {163}get access_control_table(=ptype_2,=file_type__151,=fopen__0__syscall) in
                                    {152}in(file_ch_1, (=case_state_3__147,file_contents__148: bitstring));
                                    {153}new y_: bitstring;
                                    {162}get file_type_table(=ptype_2,file_type__150: acc_data_t,=case_state_3__147) in
                                    {161}get access_control_table(=ptype_2,=file_type__150,=fopen__0__syscall) in
                                    (
                                        {154}out(file_ch_1, (case_state_3__147,file_contents__148))
                                    ) | (
                                        {160}get deleted_address_table(=Fd__struct_addr(Fd__struct(y_,file_contents__148))) in
                                            0
                                        else
                                            {155}insert deleted_address_table(Fd__struct_addr(Fd__struct(y_,file_contents__148)));
                                            {159}get channel_table(ch_type__149: acc_data_t,=ch_rpc__43) in
                                            {158}get access_control_table(=ptype_2,=ch_type__149,=none__syscall) in
                                            (
                                                {156}out(ch_rpc__43, Returned__chan(sign__0(case_state_2__146,dec__0(Fd__struct_par_1(Fd__struct(y_,file_contents__148)),case_state_0__144))))
                                            ) | (
                                                {157}out(case_ch__137, (true__bool,(),case_state_0__144,case_state_1__145,case_state_2__146,case_state_3__147))
                                            )
                                    )
                                )
                                else
                                    {165}out(case_ch__137, (false__bool,case_result__143,case_state_0__144,case_state_1__145,case_state_2__146,case_state_3__147))
                            ) | (
                                {166}in(case_ch__137, (=false__bool,case_result__152: bitstring,case_state_0__153: bitstring,case_state_1__154: bitstring,case_state_2__155: bitstring,case_state_3__156: bitstring));
                                {167}if (case_state_1__154 = sign_image__str) then
                                    {168}out(case_ch__137, (false__bool,case_result__152,case_state_0__153,case_state_1__154,case_state_2__155,case_state_3__156))
                                else
                                    {169}event InValidName__event_plain(case_state_1__154);
                                    {170}out(case_ch__137, (true__bool,(),case_state_0__153,case_state_1__154,case_state_2__155,case_state_3__156))
                            ) | (
                                {171}in(case_ch__137, (=true__bool,case_done_result__138: bitstring,case_done_state_0__139: bitstring,case_done_state_1__140: bitstring,case_done_state_2__141: bitstring,case_done_state_3__142: bitstring));
                                {172}out(loop_ch__126, (false__bool,case_done_result__138,case_done_state_0__139))
                            )
                        else
                            {173}out(loop_ch__126, (false__bool,loop_result__132,loop_state_0__133))
                    )
                    else
                        {175}out(loop_ch__126, (false__bool,loop_result__132,loop_state_0__133))
                ) | (
                    {177}in(loop_ch__126, (=false__bool,loop_result__129: bitstring,loop_state_0__130: bitstring));
                    {183}get channel_table(ch_type__131: acc_data_t,=ch_rpc__43) in
                    (
                        {181}get access_control_table(=ptype_2,=ch_type__131,=none__syscall) in
                            {178}in(ch_rpc__43, exit__chan);
                            {179}out(loop_ch__126, (true__bool,(),loop_state_0__130))
                        else
                            {180}out(loop_ch__126, (false__bool,loop_result__129,loop_state_0__130))
                    )
                    else
                        {182}out(loop_ch__126, (false__bool,loop_result__129,loop_state_0__130))
                )
            ) | (
                {184}in(loop_ch__126, (=true__bool,loop_done_result__127: bitstring,loop_done_state_0__128: bitstring));
                {185}event ClientTAClose__event_global
            )
        )
    )
)

--  Process 1 (that is, process 0, with let moved downwards):
{1}insert access_control_table(client_t__0,udp_t__0,send__0__syscall);
{2}insert access_control_table(server_t__0,udp_t__0,recv__0__syscall);
{3}insert access_control_table(client_t__0,rpc_t__0,connect_rpc__0__syscall);
{4}insert access_control_table(client_t__0,rpc_t__0,invoke_rpc__0__syscall);
{5}insert access_control_table(client_t__0,rpc_t__0,close_rpc__0__syscall);
{6}insert access_control_table(client_ta_t__0,rpc_t__0,accept_rpc__0__syscall);
{7}insert access_control_table(client_ta_t__0,rpc_t__0,none__syscall);
{8}insert access_control_table(client_t__0,rpc_t__0,none__syscall);
{9}insert access_control_table(client_ta_t__0,readonly_t__0,fopen__0__syscall);
{10}insert access_control_table(client_ta_t__0,readonly_t__0,fread__0__syscall);
{11}insert access_control_table(client_ta_t__0,readonly_t__0,fclose__0__syscall);
{12}insert access_control_table(server_t__0,readonly_t__0,fopen__0__syscall);
{13}insert access_control_table(server_t__0,readonly_t__0,fread__0__syscall);
{14}insert access_control_table(server_t__0,readonly_t__0,fclose__0__syscall);
(
    {16}let ch_net__35: channel = udp__0 in
    {18}insert channel_table(udp_t__0,ch_net__35);
    {17}let ch_rpc__36: channel = rpc__0 in
    {19}insert channel_table(rpc_t__0,ch_rpc__36);
    {67}get channel_table(ch_type__121: acc_data_t,=ch_rpc__36) in
    {15}let ptype: proc_t = client_t__0 in
    {66}get access_control_table(=ptype,=ch_type__121,=connect_rpc__0__syscall) in
    (
        {20}out(ch_rpc__36, req__chan)
    ) | (
        {65}get channel_table(ch_type__120: acc_data_t,=ch_rpc__36) in
        {64}get access_control_table(=ptype,=ch_type__120,=connect_rpc__0__syscall) in
        {21}in(ch_rpc__36, ack__chan);
        {22}new channel_case_ch__64: channel;
        (
            {23}out(channel_case_ch__64, (false__bool,(),dev_camera__str,secret_priv__str,sign_image__str,ch_rpc__36))
        ) | (
            {24}in(channel_case_ch__64, (=false__bool,channel_case_result__114: bitstring,channel_case_state_0__115: bitstring,channel_case_state_1__116: bitstring,channel_case_state_2__117: bitstring,channel_case_state_3__118: channel));
            {25}new x__14: bitstring;
            {29}get channel_table(ch_type__119: acc_data_t,=channel_case_state_3__118) in
            {28}get access_control_table(=ptype,=ch_type__119,=connect_rpc__0__syscall) in
            (
                {26}out(channel_case_state_3__118, conn__chan)
            ) | (
                {27}out(channel_case_ch__64, (true__bool,chid__struct(x__14,channel_case_state_3__118),channel_case_state_0__115,channel_case_state_1__116,channel_case_state_2__117,channel_case_state_3__118))
            )
        ) | (
            {30}in(channel_case_ch__64, (=true__bool,channel_case_done_result__65: bitstring,channel_case_done_state_0__66: bitstring,channel_case_done_state_1__67: bitstring,channel_case_done_state_2__68: bitstring,channel_case_done_state_3__69: channel));
            {31}new loop_ch__70: channel;
            (
                {32}out(loop_ch__70, (false__bool,(),channel_case_done_state_0__66,channel_case_done_state_1__67,channel_case_done_state_2__68,channel_case_done_result__65))
            ) | (
                {33}!
                (
                    {34}in(loop_ch__70, (=false__bool,loop_result__81: bitstring,loop_state_0__82: bitstring,loop_state_1__83: bitstring,loop_state_2__84: bitstring,loop_state_3__85: bitstring));
                    {35}new v__24: bitstring;
                    {36}out(attacker_ch, v__24);
                    {54}get deleted_address_table(=chid__struct_addr(loop_state_3__85)) in
                        0
                    else
                        {53}get channel_table(ch_type__112: acc_data_t,=chid__struct_par_1(loop_state_3__85)) in
                        {52}get access_control_table(=ptype,=ch_type__112,=invoke_rpc__0__syscall) in
                        (
                            {37}out(chid__struct_par_1(loop_state_3__85), invoke__chan(loop_state_2__84,v__24,loop_state_1__83))
                        ) | (
                            {51}get channel_table(ch_type__111: acc_data_t,=chid__struct_par_1(loop_state_3__85)) in
                            {50}get access_control_table(=ptype,=ch_type__111,=invoke_rpc__0__syscall) in
                            {38}in(chid__struct_par_1(loop_state_3__85), Returned__chan(case_arg_0__86: bitstring));
                            {39}new channel_case_ch__87: channel;
                            (
                                {40}out(channel_case_ch__87, (false__bool,(),loop_state_0__82,loop_state_1__83,loop_state_2__84,loop_state_3__85,v__24,loop_state_3__85,loop_state_2__84,v__24,loop_state_1__83,chid__struct_par_1(loop_state_3__85)))
                            ) | (
                                {41}in(channel_case_ch__87, (=false__bool,channel_case_result__100: bitstring,channel_case_state_0__101: bitstring,channel_case_state_1__102: bitstring,channel_case_state_2__103: bitstring,channel_case_state_3__104: bitstring,channel_case_state_4__105: bitstring,channel_case_state_5__106: bitstring,channel_case_state_6__107: bitstring,channel_case_state_7__108: bitstring,channel_case_state_8__109: bitstring,channel_case_state_9__110: channel));
                                {42}out(channel_case_ch__87, (true__bool,case_arg_0__86,channel_case_state_0__101,channel_case_state_1__102,channel_case_state_2__103,channel_case_state_3__104,channel_case_state_4__105,channel_case_state_5__106,channel_case_state_6__107,channel_case_state_7__108,channel_case_state_8__109,channel_case_state_9__110))
                            ) | (
                                {43}in(channel_case_ch__87, (=true__bool,channel_case_done_result__88: bitstring,channel_case_done_state_0__89: bitstring,channel_case_done_state_1__90: bitstring,channel_case_done_state_2__91: bitstring,channel_case_done_state_3__92: bitstring,channel_case_done_state_4__93: bitstring,channel_case_done_state_5__94: bitstring,channel_case_done_state_6__95: bitstring,channel_case_done_state_7__96: bitstring,channel_case_done_state_8__97: bitstring,channel_case_done_state_9__98: channel));
                                {44}out(attacker_ch, channel_case_done_result__88);
                                {45}event ImgSend__event_global(channel_case_done_state_4__93);
                                {49}get channel_table(ch_type__99: acc_data_t,=ch_net__35) in
                                {48}get access_control_table(=ptype,=ch_type__99,=send__0__syscall) in
                                (
                                    {46}out(ch_net__35, store__chan((channel_case_done_result__88,channel_case_done_state_4__93)))
                                ) | (
                                    {47}out(loop_ch__70, (false__bool,(),channel_case_done_state_0__89,channel_case_done_state_1__90,channel_case_done_state_2__91,channel_case_done_state_3__92))
                                )
                            )
                        )
                ) | (
                    {55}in(loop_ch__70, (=false__bool,loop_result__76: bitstring,loop_state_0__77: bitstring,loop_state_1__78: bitstring,loop_state_2__79: bitstring,loop_state_3__80: bitstring));
                    {56}out(loop_ch__70, (true__bool,(),loop_state_0__77,loop_state_1__78,loop_state_2__79,loop_state_3__80))
                )
            ) | (
                {57}in(loop_ch__70, (=true__bool,loop_done_result__71: bitstring,loop_done_state_0__72: bitstring,loop_done_state_1__73: bitstring,loop_done_state_2__74: bitstring,loop_done_state_3__75: bitstring));
                {63}get deleted_address_table(=chid__struct_addr(loop_done_state_3__75)) in
                    0
                else
                    {58}insert deleted_address_table(chid__struct_addr(loop_done_state_3__75));
                    {62}get channel_table(ch_type__113: acc_data_t,=chid__struct_par_1(loop_done_state_3__75)) in
                    {61}get access_control_table(=ptype,=ch_type__113,=close_rpc__0__syscall) in
                    (
                        {59}out(chid__struct_par_1(loop_done_state_3__75), exit__chan)
                    ) | (
                        {60}event ClientClose__event_global
                    )
            )
        )
    )
) | (
    {69}let ch_net__56: channel = udp__0 in
    {70}insert channel_table(udp_t__0,ch_net__56);
    {68}let ptype_1: proc_t = server_t__0 in
    {71}insert file_type_table(ptype_1,readonly_t__0,secret_pub__str);
    {72}new file_ch: channel;
    (
        {73}out(file_ch, (secret_pub__str,pk__0(priv_k__0)))
    ) | (
        {127}get file_type_table(=ptype_1,file_type__229: acc_data_t,=secret_pub__str) in
        {126}get access_control_table(=ptype_1,=file_type__229,=fopen__0__syscall) in
        {74}in(file_ch, (=secret_pub__str,file_contents__163: bitstring));
        {75}new y__27: bitstring;
        {125}get file_type_table(=ptype_1,file_type__228: acc_data_t,=secret_pub__str) in
        {124}get access_control_table(=ptype_1,=file_type__228,=fopen__0__syscall) in
        (
            {76}out(file_ch, (secret_pub__str,file_contents__163))
        ) | (
            {123}get deleted_address_table(=Fd__struct_addr(Fd__struct(y__27,file_contents__163))) in
                0
            else
                {77}new loop_ch__164: channel;
                (
                    {78}out(loop_ch__164, (false__bool,(),secret_pub__str,Fd__struct(y__27,file_contents__163),Fd__struct_par_1(Fd__struct(y__27,file_contents__163))))
                ) | (
                    {79}!
                    (
                        {80}in(loop_ch__164, (=false__bool,loop_result__173: bitstring,loop_state_0__174: bitstring,loop_state_1__175: bitstring,loop_state_2__176: bitstring));
                        {81}new call_join_ch__191: channel;
                        (
                            {82}new attack_choice_ch: channel;
                            (
                                {83}out(attack_choice_ch, true__bool)
                            ) | (
                                {84}in(attack_choice_ch, ignored_v: bitstring);
                                {93}get channel_table(ch_type__197: acc_data_t,=ch_net__56) in
                                {92}get access_control_table(=ptype_1,=ch_type__197,=recv__0__syscall) in
                                {85}in(ch_net__56, store__chan(case_arg_0__177: bitstring));
                                {86}new channel_case_ch__178: channel;
                                (
                                    {87}out(channel_case_ch__178, (false__bool,(),loop_state_0__174,loop_state_1__175,loop_state_2__176,ch_net__56))
                                ) | (
                                    {88}in(channel_case_ch__178, (=false__bool,channel_case_result__192: bitstring,channel_case_state_0__193: bitstring,channel_case_state_1__194: bitstring,channel_case_state_2__195: bitstring,channel_case_state_3__196: channel));
                                    {89}out(channel_case_ch__178, (true__bool,case_arg_0__177,channel_case_state_0__193,channel_case_state_1__194,channel_case_state_2__195,channel_case_state_3__196))
                                ) | (
                                    {90}in(channel_case_ch__178, (=true__bool,channel_case_done_result__179: bitstring,channel_case_done_state_0__180: bitstring,channel_case_done_state_1__181: bitstring,channel_case_done_state_2__182: bitstring,channel_case_done_state_3__183: channel));
                                    {91}out(call_join_ch__191, (true__bool,channel_case_done_result__179,channel_case_done_state_0__180,channel_case_done_state_1__181,channel_case_done_state_2__182))
                                )
                            ) | (
                                {94}in(attack_choice_ch, ignored_v_1: bitstring);
                                {104}get channel_table(ch_type__204: acc_data_t,=ch_net__56) in
                                {103}get access_control_table(=ptype_1,=ch_type__204,=recv__0__syscall) in
                                {95}in(ch_net__56, store__chan(case_arg_0__184: bitstring));
                                {96}new channel_case_ch__185: channel;
                                (
                                    {97}out(channel_case_ch__185, (false__bool,(),loop_state_0__174,loop_state_1__175,loop_state_2__176,ch_net__56))
                                ) | (
                                    {98}in(channel_case_ch__185, (=false__bool,channel_case_result__198: bitstring,channel_case_state_0__199: bitstring,channel_case_state_1__200: bitstring,channel_case_state_2__201: bitstring,channel_case_state_3__202: channel));
                                    {99}in(attacker_ch, attacker_input__203: bitstring);
                                    {100}out(channel_case_ch__185, (true__bool,attacker_input__203,channel_case_state_0__199,channel_case_state_1__200,channel_case_state_2__201,channel_case_state_3__202))
                                ) | (
                                    {101}in(channel_case_ch__185, (=true__bool,channel_case_done_result__186: bitstring,channel_case_done_state_0__187: bitstring,channel_case_done_state_1__188: bitstring,channel_case_done_state_2__189: bitstring,channel_case_done_state_3__190: channel));
                                    {102}out(call_join_ch__191, (true__bool,channel_case_done_result__186,channel_case_done_state_0__187,channel_case_done_state_1__188,channel_case_done_state_2__189))
                                )
                            )
                        ) | (
                            {105}in(call_join_ch__191, (=true__bool,call_result__205: bitstring,call_state_0__206: bitstring,call_state_1__207: bitstring,call_state_2__208: bitstring));
                            {106}new case_ch__209: channel;
                            (
                                {107}out(case_ch__209, (false__bool,(),call_state_0__206,call_state_1__207,call_state_2__208,call_result__205,verify__0(fst__0(call_result__205),snd__0(call_result__205),call_state_2__208)))
                            ) | (
                                {108}in(case_ch__209, (=false__bool,case_result__216: bitstring,case_state_0__217: bitstring,case_state_1__218: bitstring,case_state_2__219: bitstring,case_state_3__220: bitstring,case_state_4__221: bitstring));
                                {109}if (case_state_4__221 = true__0) then
                                    {110}event ImgRecvValid__event_global(snd__0(case_state_3__220));
                                    {111}out(case_ch__209, (true__bool,(),case_state_0__217,case_state_1__218,case_state_2__219,case_state_3__220,case_state_4__221))
                                else
                                    {112}out(case_ch__209, (false__bool,case_result__216,case_state_0__217,case_state_1__218,case_state_2__219,case_state_3__220,case_state_4__221))
                            ) | (
                                {113}in(case_ch__209, (=false__bool,case_result__222: bitstring,case_state_0__223: bitstring,case_state_1__224: bitstring,case_state_2__225: bitstring,case_state_3__226: bitstring,case_state_4__227: bitstring));
                                {114}if (case_state_4__227 = true__0) then
                                    {115}out(case_ch__209, (false__bool,case_result__222,case_state_0__223,case_state_1__224,case_state_2__225,case_state_3__226,case_state_4__227))
                                else
                                    {116}event ImgRecvInvalid__event_global(snd__0(case_state_3__226));
                                    {117}out(case_ch__209, (true__bool,(),case_state_0__223,case_state_1__224,case_state_2__225,case_state_3__226,case_state_4__227))
                            ) | (
                                {118}in(case_ch__209, (=true__bool,case_done_result__210: bitstring,case_done_state_0__211: bitstring,case_done_state_1__212: bitstring,case_done_state_2__213: bitstring,case_done_state_3__214: bitstring,case_done_state_4__215: bitstring));
                                {119}out(loop_ch__164, (false__bool,case_done_result__210,case_done_state_0__211,case_done_state_1__212,case_done_state_2__213))
                            )
                        )
                    ) | (
                        {120}in(loop_ch__164, (=false__bool,loop_result__169: bitstring,loop_state_0__170: bitstring,loop_state_1__171: bitstring,loop_state_2__172: bitstring));
                        {121}out(loop_ch__164, (false__bool,loop_result__169,loop_state_0__170,loop_state_1__171,loop_state_2__172))
                    )
                ) | (
                    {122}in(loop_ch__164, (=true__bool,loop_done_result__165: bitstring,loop_done_state_0__166: bitstring,loop_done_state_1__167: bitstring,loop_done_state_2__168: bitstring))
                )
        )
    )
) | (
    {129}let ch_rpc__43: channel = rpc__0 in
    {130}insert channel_table(rpc_t__0,ch_rpc__43);
    {128}let ptype_2: proc_t = client_ta_t__0 in
    {131}insert file_type_table(ptype_2,readonly_t__0,secret_priv__str);
    {132}new file_ch_1: channel;
    (
        {133}out(file_ch_1, (secret_priv__str,enc__0(priv_k__0,sym_k__0)))
    ) | (
        {187}get channel_table(ch_type__162: acc_data_t,=ch_rpc__43) in
        {186}get access_control_table(=ptype_2,=ch_type__162,=accept_rpc__0__syscall) in
        {134}in(ch_rpc__43, req__chan);
        {135}new channel_case_ch__122: channel;
        (
            {136}out(channel_case_ch__122, (false__bool,(),sym_k__0,ch_rpc__43))
        ) | (
            {137}in(channel_case_ch__122, (=false__bool,channel_case_result__158: bitstring,channel_case_state_0__159: bitstring,channel_case_state_1__160: channel));
            {141}get channel_table(ch_type__161: acc_data_t,=channel_case_state_1__160) in
            {140}get access_control_table(=ptype_2,=ch_type__161,=accept_rpc__0__syscall) in
            (
                {138}out(channel_case_state_1__160, ack__chan)
            ) | (
                {139}out(channel_case_ch__122, (true__bool,(),channel_case_state_0__159,channel_case_state_1__160))
            )
        ) | (
            {142}in(channel_case_ch__122, (=true__bool,channel_case_done_result__123: bitstring,channel_case_done_state_0__124: bitstring,channel_case_done_state_1__125: channel));
            {143}new loop_ch__126: channel;
            (
                {144}out(loop_ch__126, (false__bool,(),channel_case_done_state_0__124))
            ) | (
                {145}!
                (
                    {146}in(loop_ch__126, (=false__bool,loop_result__132: bitstring,loop_state_0__133: bitstring));
                    {176}get channel_table(ch_type__157: acc_data_t,=ch_rpc__43) in
                    (
                        {174}get access_control_table(=ptype_2,=ch_type__157,=none__syscall) in
                            {147}in(ch_rpc__43, invoke__chan(case_arg_0__134: bitstring,case_arg_1__135: bitstring,case_arg_2__136: bitstring));
                            {148}new case_ch__137: channel;
                            (
                                {149}out(case_ch__137, (false__bool,(),loop_state_0__133,case_arg_0__134,case_arg_1__135,case_arg_2__136))
                            ) | (
                                {150}in(case_ch__137, (=false__bool,case_result__143: bitstring,case_state_0__144: bitstring,case_state_1__145: bitstring,case_state_2__146: bitstring,case_state_3__147: bitstring));
                                {151}if (case_state_1__145 = sign_image__str) then
                                (
                                    {164}get file_type_table(=ptype_2,file_type__151: acc_data_t,=case_state_3__147) in
                                    {163}get access_control_table(=ptype_2,=file_type__151,=fopen__0__syscall) in
                                    {152}in(file_ch_1, (=case_state_3__147,file_contents__148: bitstring));
                                    {153}new y_: bitstring;
                                    {162}get file_type_table(=ptype_2,file_type__150: acc_data_t,=case_state_3__147) in
                                    {161}get access_control_table(=ptype_2,=file_type__150,=fopen__0__syscall) in
                                    (
                                        {154}out(file_ch_1, (case_state_3__147,file_contents__148))
                                    ) | (
                                        {160}get deleted_address_table(=Fd__struct_addr(Fd__struct(y_,file_contents__148))) in
                                            0
                                        else
                                            {155}insert deleted_address_table(Fd__struct_addr(Fd__struct(y_,file_contents__148)));
                                            {159}get channel_table(ch_type__149: acc_data_t,=ch_rpc__43) in
                                            {158}get access_control_table(=ptype_2,=ch_type__149,=none__syscall) in
                                            (
                                                {156}out(ch_rpc__43, Returned__chan(sign__0(case_state_2__146,dec__0(Fd__struct_par_1(Fd__struct(y_,file_contents__148)),case_state_0__144))))
                                            ) | (
                                                {157}out(case_ch__137, (true__bool,(),case_state_0__144,case_state_1__145,case_state_2__146,case_state_3__147))
                                            )
                                    )
                                )
                                else
                                    {165}out(case_ch__137, (false__bool,case_result__143,case_state_0__144,case_state_1__145,case_state_2__146,case_state_3__147))
                            ) | (
                                {166}in(case_ch__137, (=false__bool,case_result__152: bitstring,case_state_0__153: bitstring,case_state_1__154: bitstring,case_state_2__155: bitstring,case_state_3__156: bitstring));
                                {167}if (case_state_1__154 = sign_image__str) then
                                    {168}out(case_ch__137, (false__bool,case_result__152,case_state_0__153,case_state_1__154,case_state_2__155,case_state_3__156))
                                else
                                    {169}event InValidName__event_plain(case_state_1__154);
                                    {170}out(case_ch__137, (true__bool,(),case_state_0__153,case_state_1__154,case_state_2__155,case_state_3__156))
                            ) | (
                                {171}in(case_ch__137, (=true__bool,case_done_result__138: bitstring,case_done_state_0__139: bitstring,case_done_state_1__140: bitstring,case_done_state_2__141: bitstring,case_done_state_3__142: bitstring));
                                {172}out(loop_ch__126, (false__bool,case_done_result__138,case_done_state_0__139))
                            )
                        else
                            {173}out(loop_ch__126, (false__bool,loop_result__132,loop_state_0__133))
                    )
                    else
                        {175}out(loop_ch__126, (false__bool,loop_result__132,loop_state_0__133))
                ) | (
                    {177}in(loop_ch__126, (=false__bool,loop_result__129: bitstring,loop_state_0__130: bitstring));
                    {183}get channel_table(ch_type__131: acc_data_t,=ch_rpc__43) in
                    (
                        {181}get access_control_table(=ptype_2,=ch_type__131,=none__syscall) in
                            {178}in(ch_rpc__43, exit__chan);
                            {179}out(loop_ch__126, (true__bool,(),loop_state_0__130))
                        else
                            {180}out(loop_ch__126, (false__bool,loop_result__129,loop_state_0__130))
                    )
                    else
                        {182}out(loop_ch__126, (false__bool,loop_result__129,loop_state_0__130))
                )
            ) | (
                {184}in(loop_ch__126, (=true__bool,loop_done_result__127: bitstring,loop_done_state_0__128: bitstring));
                {185}event ClientTAClose__event_global
            )
        )
    )
)

-- Query not (event(ClientClose__event_global) && event(ClientTAClose__event_global) && event(ImgRecvValid__event_global(x__62))) in process 1.
Translating the process into Horn clauses...
Initial clauses:
Clause 0: attacker(v) && attacker(v_1) && attacker(v_2) -> attacker(verify__0(v,v_1,v_2))
(The attacker applies function verify__0.)

Clause 1: attacker(udp_t__0)
(The attacker applies function udp_t__0.)

Clause 2: attacker(true__bool)
(The attacker applies function true__bool.)

Clause 3: attacker(true__0)
(The attacker applies function true__0.)

Clause 4: attacker(true)
(The attacker applies function true.)

Clause 5: attacker(v) -> attacker(store__chan(v))
(The attacker applies function store__chan.)

Clause 6: attacker(store__chan(v)) -> attacker(v)
(The attacker applies function 1-proj-store__chan.)

Clause 7: attacker(v) -> attacker(snd__0(v))
(The attacker applies function snd__0.)

Clause 8: attacker(sign_image__str)
(The attacker applies function sign_image__str.)

Clause 9: attacker(v) && attacker(v_1) -> attacker(sign__0(v,v_1))
(The attacker applies function sign__0.)

Clause 10: attacker(server_t__0)
(The attacker applies function server_t__0.)

Clause 11: attacker(send__0__syscall)
(The attacker applies function send__0__syscall.)

Clause 12: attacker(secret_pub__str)
(The attacker applies function secret_pub__str.)

Clause 13: attacker(secret_priv__str)
(The attacker applies function secret_priv__str.)

Clause 14: attacker(rpc_t__0)
(The attacker applies function rpc_t__0.)

Clause 15: attacker(req__chan)
(The attacker applies function req__chan.)

Clause 16: attacker(recv__0__syscall)
(The attacker applies function recv__0__syscall.)

Clause 17: attacker(readonly_t__0)
(The attacker applies function readonly_t__0.)

Clause 18: attacker(v) -> attacker(pk__0(v))
(The attacker applies function pk__0.)

Clause 19: attacker(none__syscall)
(The attacker applies function none__syscall.)

Clause 20: attacker(invoke_rpc__0__syscall)
(The attacker applies function invoke_rpc__0__syscall.)

Clause 21: attacker(v) && attacker(v_1) && attacker(v_2) -> attacker(invoke__chan(v,v_1,v_2))
(The attacker applies function invoke__chan.)

Clause 22: attacker(invoke__chan(v,v_1,v_2)) -> attacker(v)
(The attacker applies function 1-proj-invoke__chan.)

Clause 23: attacker(invoke__chan(v,v_1,v_2)) -> attacker(v_1)
(The attacker applies function 2-proj-invoke__chan.)

Clause 24: attacker(invoke__chan(v,v_1,v_2)) -> attacker(v_2)
(The attacker applies function 3-proj-invoke__chan.)

Clause 25: attacker(v) -> attacker(h__0(v))
(The attacker applies function h__0.)

Clause 26: attacker(get_picture__0__syscall)
(The attacker applies function get_picture__0__syscall.)

Clause 27: attacker(v) -> attacker(fst__0(v))
(The attacker applies function fst__0.)

Clause 28: attacker(fread__0__syscall)
(The attacker applies function fread__0__syscall.)

Clause 29: attacker(fopen__0__syscall)
(The attacker applies function fopen__0__syscall.)

Clause 30: attacker(fclose__0__syscall)
(The attacker applies function fclose__0__syscall.)

Clause 31: attacker(false__bool)
(The attacker applies function false__bool.)

Clause 32: attacker(false)
(The attacker applies function false.)

Clause 33: attacker(exit__chan)
(The attacker applies function exit__chan.)

Clause 34: attacker(v) && attacker(v_1) -> attacker(enc__0(v,v_1))
(The attacker applies function enc__0.)

Clause 35: attacker(eaves_mem__0__syscall)
(The attacker applies function eaves_mem__0__syscall.)

Clause 36: attacker(dev_camera__str)
(The attacker applies function dev_camera__str.)

Clause 37: attacker(v) && attacker(v_1) -> attacker(dec__0(v,v_1))
(The attacker applies function dec__0.)

Clause 38: attacker(enc__0(x__5,y__6)) && attacker(y__6) -> attacker(x__5)
(The attacker applies function dec__0.)

Clause 39: attacker(connect_rpc__0__syscall)
(The attacker applies function connect_rpc__0__syscall.)

Clause 40: attacker(conn__chan)
(The attacker applies function conn__chan.)

Clause 41: attacker(close_rpc__0__syscall)
(The attacker applies function close_rpc__0__syscall.)

Clause 42: attacker(client_ta_t__0)
(The attacker applies function client_ta_t__0.)

Clause 43: attacker(client_t__0)
(The attacker applies function client_t__0.)

Clause 44: attacker(v) && attacker(v_1) -> attacker(chid__struct(v,v_1))
(The attacker applies function chid__struct.)

Clause 45: attacker(chid__struct(v,v_1)) -> attacker(v)
(The attacker applies function 1-proj-chid__struct.)

Clause 46: attacker(chid__struct(v,v_1)) -> attacker(v_1)
(The attacker applies function 2-proj-chid__struct.)

Clause 47: attacker(ack__chan)
(The attacker applies function ack__chan.)

Clause 48: attacker(accept_rpc__0__syscall)
(The attacker applies function accept_rpc__0__syscall.)

Clause 49: attacker(v) -> attacker(Returned__chan(v))
(The attacker applies function Returned__chan.)

Clause 50: attacker(Returned__chan(v)) -> attacker(v)
(The attacker applies function 1-proj-Returned__chan.)

Clause 51: attacker(v) && attacker(v_1) -> attacker(Fd__struct(v,v_1))
(The attacker applies function Fd__struct.)

Clause 52: attacker(Fd__struct(v,v_1)) -> attacker(v)
(The attacker applies function 1-proj-Fd__struct.)

Clause 53: attacker(Fd__struct(v,v_1)) -> attacker(v_1)
(The attacker applies function 2-proj-Fd__struct.)

Clause 54: attacker(0)
(The attacker applies function 0.)

Clause 55: attacker(v) -> attacker(v + 1)
(The attacker applies function +.)

Clause 56: attacker(v + 1) -> attacker(v)
(The attacker applies function - 1.)

Clause 57: attacker(v) && attacker(v_1) && attacker(v_2) && attacker(v_3) && attacker(v_4) -> attacker((v,v_1,v_2,v_3,v_4))
(The attacker applies function 5-tuple.)

Clause 58: attacker((v,v_1,v_2,v_3,v_4)) -> attacker(v)
(The attacker applies function 1-proj-5-tuple.)

Clause 59: attacker((v,v_1,v_2,v_3,v_4)) -> attacker(v_1)
(The attacker applies function 2-proj-5-tuple.)

Clause 60: attacker((v,v_1,v_2,v_3,v_4)) -> attacker(v_2)
(The attacker applies function 3-proj-5-tuple.)

Clause 61: attacker((v,v_1,v_2,v_3,v_4)) -> attacker(v_3)
(The attacker applies function 4-proj-5-tuple.)

Clause 62: attacker((v,v_1,v_2,v_3,v_4)) -> attacker(v_4)
(The attacker applies function 5-proj-5-tuple.)

Clause 63: attacker(v) && attacker(v_1) && attacker(v_2) -> attacker((v,v_1,v_2))
(The attacker applies function 3-tuple.)

Clause 64: attacker((v,v_1,v_2)) -> attacker(v)
(The attacker applies function 1-proj-3-tuple.)

Clause 65: attacker((v,v_1,v_2)) -> attacker(v_1)
(The attacker applies function 2-proj-3-tuple.)

Clause 66: attacker((v,v_1,v_2)) -> attacker(v_2)
(The attacker applies function 3-proj-3-tuple.)

Clause 67: attacker(v) && attacker(v_1) -> attacker((v,v_1))
(The attacker applies function 2-tuple.)

Clause 68: attacker((v,v_1)) -> attacker(v)
(The attacker applies function 1-proj-2-tuple.)

Clause 69: attacker((v,v_1)) -> attacker(v_1)
(The attacker applies function 2-proj-2-tuple.)

Clause 70: attacker(v) && attacker(v_1) && attacker(v_2) && attacker(v_3) -> attacker((v,v_1,v_2,v_3))
(The attacker applies function 4-tuple.)

Clause 71: attacker((v,v_1,v_2,v_3)) -> attacker(v)
(The attacker applies function 1-proj-4-tuple.)

Clause 72: attacker((v,v_1,v_2,v_3)) -> attacker(v_1)
(The attacker applies function 2-proj-4-tuple.)

Clause 73: attacker((v,v_1,v_2,v_3)) -> attacker(v_2)
(The attacker applies function 3-proj-4-tuple.)

Clause 74: attacker((v,v_1,v_2,v_3)) -> attacker(v_3)
(The attacker applies function 4-proj-4-tuple.)

Clause 75: attacker(())
(The attacker applies function 0-tuple.)

Clause 76: attacker(v) && attacker(v_1) && attacker(v_2) && attacker(v_3) && attacker(v_4) && attacker(v_5) && attacker(v_6) && attacker(v_7) && attacker(v_8) && attacker(v_9) && attacker(v_10) && attacker(v_11) -> attacker((v,v_1,v_2,v_3,v_4,v_5,v_6,v_7,v_8,v_9,v_10,v_11))
(The attacker applies function 12-tuple.)

Clause 77: attacker((v,v_1,v_2,v_3,v_4,v_5,v_6,v_7,v_8,v_9,v_10,v_11)) -> attacker(v)
(The attacker applies function 1-proj-12-tuple.)

Clause 78: attacker((v,v_1,v_2,v_3,v_4,v_5,v_6,v_7,v_8,v_9,v_10,v_11)) -> attacker(v_1)
(The attacker applies function 2-proj-12-tuple.)

Clause 79: attacker((v,v_1,v_2,v_3,v_4,v_5,v_6,v_7,v_8,v_9,v_10,v_11)) -> attacker(v_2)
(The attacker applies function 3-proj-12-tuple.)

Clause 80: attacker((v,v_1,v_2,v_3,v_4,v_5,v_6,v_7,v_8,v_9,v_10,v_11)) -> attacker(v_3)
(The attacker applies function 4-proj-12-tuple.)

Clause 81: attacker((v,v_1,v_2,v_3,v_4,v_5,v_6,v_7,v_8,v_9,v_10,v_11)) -> attacker(v_4)
(The attacker applies function 5-proj-12-tuple.)

Clause 82: attacker((v,v_1,v_2,v_3,v_4,v_5,v_6,v_7,v_8,v_9,v_10,v_11)) -> attacker(v_5)
(The attacker applies function 6-proj-12-tuple.)

Clause 83: attacker((v,v_1,v_2,v_3,v_4,v_5,v_6,v_7,v_8,v_9,v_10,v_11)) -> attacker(v_6)
(The attacker applies function 7-proj-12-tuple.)

Clause 84: attacker((v,v_1,v_2,v_3,v_4,v_5,v_6,v_7,v_8,v_9,v_10,v_11)) -> attacker(v_7)
(The attacker applies function 8-proj-12-tuple.)

Clause 85: attacker((v,v_1,v_2,v_3,v_4,v_5,v_6,v_7,v_8,v_9,v_10,v_11)) -> attacker(v_8)
(The attacker applies function 9-proj-12-tuple.)

Clause 86: attacker((v,v_1,v_2,v_3,v_4,v_5,v_6,v_7,v_8,v_9,v_10,v_11)) -> attacker(v_9)
(The attacker applies function 10-proj-12-tuple.)

Clause 87: attacker((v,v_1,v_2,v_3,v_4,v_5,v_6,v_7,v_8,v_9,v_10,v_11)) -> attacker(v_10)
(The attacker applies function 11-proj-12-tuple.)

Clause 88: attacker((v,v_1,v_2,v_3,v_4,v_5,v_6,v_7,v_8,v_9,v_10,v_11)) -> attacker(v_11)
(The attacker applies function 12-proj-12-tuple.)

Clause 89: attacker(v) && attacker(v_1) && attacker(v_2) && attacker(v_3) && attacker(v_4) && attacker(v_5) && attacker(v_6) -> attacker((v,v_1,v_2,v_3,v_4,v_5,v_6))
(The attacker applies function 7-tuple.)

Clause 90: attacker((v,v_1,v_2,v_3,v_4,v_5,v_6)) -> attacker(v)
(The attacker applies function 1-proj-7-tuple.)

Clause 91: attacker((v,v_1,v_2,v_3,v_4,v_5,v_6)) -> attacker(v_1)
(The attacker applies function 2-proj-7-tuple.)

Clause 92: attacker((v,v_1,v_2,v_3,v_4,v_5,v_6)) -> attacker(v_2)
(The attacker applies function 3-proj-7-tuple.)

Clause 93: attacker((v,v_1,v_2,v_3,v_4,v_5,v_6)) -> attacker(v_3)
(The attacker applies function 4-proj-7-tuple.)

Clause 94: attacker((v,v_1,v_2,v_3,v_4,v_5,v_6)) -> attacker(v_4)
(The attacker applies function 5-proj-7-tuple.)

Clause 95: attacker((v,v_1,v_2,v_3,v_4,v_5,v_6)) -> attacker(v_5)
(The attacker applies function 6-proj-7-tuple.)

Clause 96: attacker((v,v_1,v_2,v_3,v_4,v_5,v_6)) -> attacker(v_6)
(The attacker applies function 7-proj-7-tuple.)

Clause 97: attacker(v) && attacker(v_1) && attacker(v_2) && attacker(v_3) && attacker(v_4) && attacker(v_5) -> attacker((v,v_1,v_2,v_3,v_4,v_5))
(The attacker applies function 6-tuple.)

Clause 98: attacker((v,v_1,v_2,v_3,v_4,v_5)) -> attacker(v)
(The attacker applies function 1-proj-6-tuple.)

Clause 99: attacker((v,v_1,v_2,v_3,v_4,v_5)) -> attacker(v_1)
(The attacker applies function 2-proj-6-tuple.)

Clause 100: attacker((v,v_1,v_2,v_3,v_4,v_5)) -> attacker(v_2)
(The attacker applies function 3-proj-6-tuple.)

Clause 101: attacker((v,v_1,v_2,v_3,v_4,v_5)) -> attacker(v_3)
(The attacker applies function 4-proj-6-tuple.)

Clause 102: attacker((v,v_1,v_2,v_3,v_4,v_5)) -> attacker(v_4)
(The attacker applies function 5-proj-6-tuple.)

Clause 103: attacker((v,v_1,v_2,v_3,v_4,v_5)) -> attacker(v_5)
(The attacker applies function 6-proj-6-tuple.)

Clause 104: attacker(v) -> attacker((v))
(The attacker applies function 1-tuple.)

Clause 105: attacker((v)) -> attacker(v)
(The attacker applies function 1-proj-1-tuple.)

Clause 106: mess(v,v_1) && attacker(v) -> attacker(v_1)
(The attacker can listen on all channels it has.)

Clause 107: attacker(v) && attacker(v_1) -> mess(v,v_1)
(The attacker can send messages it has on all channels it has.)

Clause 108: attacker(fail-any_type)
(Initial knowledge of the attacker.)

Clause 109: attacker(attacker_ch[])
(Initial knowledge of the attacker.)

Clause 110: equal(v,v)
(Definition of equal.)

Clause 111: attacker(new-name_1)
(The attacker can create new names.)
Abbreviations:
new-name_1 = new-name[!att = v]

Clause 112: table(access_control_table(client_t__0,udp_t__0,send__0__syscall))
(The entry access_control_table(client_t__0,udp_t__0,send__0__syscall) may be inserted in a table at insert {1}.)

Clause 113: table(access_control_table(server_t__0,udp_t__0,recv__0__syscall))
(The entry access_control_table(server_t__0,udp_t__0,recv__0__syscall) may be inserted in a table at insert {2}.)

Clause 114: table(access_control_table(client_t__0,rpc_t__0,connect_rpc__0__syscall))
(The entry access_control_table(client_t__0,rpc_t__0,connect_rpc__0__syscall) may be inserted in a table at insert {3}.)

Clause 115: table(access_control_table(client_t__0,rpc_t__0,invoke_rpc__0__syscall))
(The entry access_control_table(client_t__0,rpc_t__0,invoke_rpc__0__syscall) may be inserted in a table at insert {4}.)

Clause 116: table(access_control_table(client_t__0,rpc_t__0,close_rpc__0__syscall))
(The entry access_control_table(client_t__0,rpc_t__0,close_rpc__0__syscall) may be inserted in a table at insert {5}.)

Clause 117: table(access_control_table(client_ta_t__0,rpc_t__0,accept_rpc__0__syscall))
(The entry access_control_table(client_ta_t__0,rpc_t__0,accept_rpc__0__syscall) may be inserted in a table at insert {6}.)

Clause 118: table(access_control_table(client_ta_t__0,rpc_t__0,none__syscall))
(The entry access_control_table(client_ta_t__0,rpc_t__0,none__syscall) may be inserted in a table at insert {7}.)

Clause 119: table(access_control_table(client_t__0,rpc_t__0,none__syscall))
(The entry access_control_table(client_t__0,rpc_t__0,none__syscall) may be inserted in a table at insert {8}.)

Clause 120: table(access_control_table(client_ta_t__0,readonly_t__0,fopen__0__syscall))
(The entry access_control_table(client_ta_t__0,readonly_t__0,fopen__0__syscall) may be inserted in a table at insert {9}.)

Clause 121: table(access_control_table(client_ta_t__0,readonly_t__0,fread__0__syscall))
(The entry access_control_table(client_ta_t__0,readonly_t__0,fread__0__syscall) may be inserted in a table at insert {10}.)

Clause 122: table(access_control_table(client_ta_t__0,readonly_t__0,fclose__0__syscall))
(The entry access_control_table(client_ta_t__0,readonly_t__0,fclose__0__syscall) may be inserted in a table at insert {11}.)

Clause 123: table(access_control_table(server_t__0,readonly_t__0,fopen__0__syscall))
(The entry access_control_table(server_t__0,readonly_t__0,fopen__0__syscall) may be inserted in a table at insert {12}.)

Clause 124: table(access_control_table(server_t__0,readonly_t__0,fread__0__syscall))
(The entry access_control_table(server_t__0,readonly_t__0,fread__0__syscall) may be inserted in a table at insert {13}.)

Clause 125: table(access_control_table(server_t__0,readonly_t__0,fclose__0__syscall))
(The entry access_control_table(server_t__0,readonly_t__0,fclose__0__syscall) may be inserted in a table at insert {14}.)

Clause 126: table(channel_table(udp_t__0,udp__0[]))
(The entry channel_table(udp_t__0,udp__0[]) may be inserted in a table at insert {18}.)

Clause 127: table(channel_table(rpc_t__0,rpc__0[]))
(The entry channel_table(rpc_t__0,rpc__0[]) may be inserted in a table at insert {19}.)

Clause 128: table(access_control_table(client_t__0,ch_type_,connect_rpc__0__syscall)) && table(channel_table(ch_type_,rpc__0[])) -> mess(rpc__0[],req__chan)
(If the entry channel_table(ch_type_,rpc__0[]) is in a table at get {67},
the entry access_control_table(client_t__0,ch_type_,connect_rpc__0__syscall) is in a table at get {66},
then the message req__chan may be sent on channel rpc__0[] at output {20}.)

Clause 129: mess(rpc__0[],ack__chan) && table(access_control_table(client_t__0,ch_type_,connect_rpc__0__syscall)) && table(channel_table(ch_type_,rpc__0[])) && table(access_control_table(client_t__0,ch_type__1,connect_rpc__0__syscall)) && table(channel_table(ch_type__1,rpc__0[])) -> mess(channel_case_ch_,(false__bool,(),dev_camera__str,secret_priv__str,sign_image__str,rpc__0[]))
(If the entry channel_table(ch_type__1,rpc__0[]) is in a table at get {67},
the entry access_control_table(client_t__0,ch_type__1,connect_rpc__0__syscall) is in a table at get {66},
the entry channel_table(ch_type_,rpc__0[]) is in a table at get {65},
the entry access_control_table(client_t__0,ch_type_,connect_rpc__0__syscall) is in a table at get {64},
the message ack__chan is received on channel rpc__0[] at input {21},
then the message (false__bool,(),dev_camera__str,secret_priv__str,sign_image__str,rpc__0[]) may be sent on channel channel_case_ch_ at output {23}.)
Abbreviations:
channel_case_ch_ = channel_case_ch__64[ch_type__120 = ch_type_,ch_type__121 = ch_type__1]

Clause 130: table(access_control_table(client_t__0,ch_type_,connect_rpc__0__syscall)) && table(channel_table(ch_type_,channel_case_state_3_)) && mess(channel_case_ch_,(false__bool,channel_case_result_,channel_case_state_0_,channel_case_state_1_,channel_case_state_2_,channel_case_state_3_)) && b-event(@p_act(@occ24[],(false__bool,channel_case_result_,channel_case_state_0_,channel_case_state_1_,channel_case_state_2_,channel_case_state_3_))) && mess(rpc__0[],ack__chan) && table(access_control_table(client_t__0,ch_type__1,connect_rpc__0__syscall)) && table(channel_table(ch_type__1,rpc__0[])) && table(access_control_table(client_t__0,ch_type__2,connect_rpc__0__syscall)) && table(channel_table(ch_type__2,rpc__0[])) -> mess(channel_case_state_3_,conn__chan)
(If the entry channel_table(ch_type__2,rpc__0[]) is in a table at get {67},
the entry access_control_table(client_t__0,ch_type__2,connect_rpc__0__syscall) is in a table at get {66},
the entry channel_table(ch_type__1,rpc__0[]) is in a table at get {65},
the entry access_control_table(client_t__0,ch_type__1,connect_rpc__0__syscall) is in a table at get {64},
the message ack__chan is received on channel rpc__0[] at input {21},
event @p_act(@occ24[],(false__bool,channel_case_result_,channel_case_state_0_,channel_case_state_1_,channel_case_state_2_,channel_case_state_3_)) records how variables are instantiated at {24},
the message (false__bool,channel_case_result_,channel_case_state_0_,channel_case_state_1_,channel_case_state_2_,channel_case_state_3_) is received on channel channel_case_ch_ at input {24},
the entry channel_table(ch_type_,channel_case_state_3_) is in a table at get {29},
the entry access_control_table(client_t__0,ch_type_,connect_rpc__0__syscall) is in a table at get {28},
then the message conn__chan may be sent on channel channel_case_state_3_ at output {26}.)
Abbreviations:
channel_case_ch_ = channel_case_ch__64[ch_type__120 = ch_type__1,ch_type__121 = ch_type__2]

Clause 131: table(access_control_table(client_t__0,ch_type_,connect_rpc__0__syscall)) && table(channel_table(ch_type_,channel_case_state_3_)) && mess(channel_case_ch_,(false__bool,channel_case_result_,channel_case_state_0_,channel_case_state_1_,channel_case_state_2_,channel_case_state_3_)) && b-event(@p_act(@occ24[],(false__bool,channel_case_result_,channel_case_state_0_,channel_case_state_1_,channel_case_state_2_,channel_case_state_3_))) && mess(rpc__0[],ack__chan) && table(access_control_table(client_t__0,ch_type__1,connect_rpc__0__syscall)) && table(channel_table(ch_type__1,rpc__0[])) && table(access_control_table(client_t__0,ch_type__2,connect_rpc__0__syscall)) && table(channel_table(ch_type__2,rpc__0[])) -> mess(channel_case_ch_,(true__bool,chid__struct(x_,channel_case_state_3_),channel_case_state_0_,channel_case_state_1_,channel_case_state_2_,channel_case_state_3_))
(If the entry channel_table(ch_type__2,rpc__0[]) is in a table at get {67},
the entry access_control_table(client_t__0,ch_type__2,connect_rpc__0__syscall) is in a table at get {66},
the entry channel_table(ch_type__1,rpc__0[]) is in a table at get {65},
the entry access_control_table(client_t__0,ch_type__1,connect_rpc__0__syscall) is in a table at get {64},
the message ack__chan is received on channel rpc__0[] at input {21},
event @p_act(@occ24[],(false__bool,channel_case_result_,channel_case_state_0_,channel_case_state_1_,channel_case_state_2_,channel_case_state_3_)) records how variables are instantiated at {24},
the message (false__bool,channel_case_result_,channel_case_state_0_,channel_case_state_1_,channel_case_state_2_,channel_case_state_3_) is received on channel channel_case_ch_ at input {24},
the entry channel_table(ch_type_,channel_case_state_3_) is in a table at get {29},
the entry access_control_table(client_t__0,ch_type_,connect_rpc__0__syscall) is in a table at get {28},
then the message (true__bool,chid__struct(x_,channel_case_state_3_),channel_case_state_0_,channel_case_state_1_,channel_case_state_2_,channel_case_state_3_) may be sent on channel channel_case_ch_ at output {27}.)
Abbreviations:
channel_case_ch_ = channel_case_ch__64[ch_type__120 = ch_type__1,ch_type__121 = ch_type__2]
x_ = x__14[channel_case_state_3__118 = channel_case_state_3_,channel_case_state_2__117 = channel_case_state_2_,channel_case_state_1__116 = channel_case_state_1_,channel_case_state_0__115 = channel_case_state_0_,channel_case_result__114 = channel_case_result_,ch_type__120 = ch_type__1,ch_type__121 = ch_type__2]

Clause 132: mess(channel_case_ch_,(true__bool,channel_case_done_result_,channel_case_done_state_0_,channel_case_done_state_1_,channel_case_done_state_2_,channel_case_done_state_3_)) && b-event(@p_act(@occ30[],(true__bool,channel_case_done_result_,channel_case_done_state_0_,channel_case_done_state_1_,channel_case_done_state_2_,channel_case_done_state_3_))) && mess(rpc__0[],ack__chan) && table(access_control_table(client_t__0,ch_type_,connect_rpc__0__syscall)) && table(channel_table(ch_type_,rpc__0[])) && table(access_control_table(client_t__0,ch_type__1,connect_rpc__0__syscall)) && table(channel_table(ch_type__1,rpc__0[])) -> mess(loop_ch_,(false__bool,(),channel_case_done_state_0_,channel_case_done_state_1_,channel_case_done_state_2_,channel_case_done_result_))
(If the entry channel_table(ch_type__1,rpc__0[]) is in a table at get {67},
the entry access_control_table(client_t__0,ch_type__1,connect_rpc__0__syscall) is in a table at get {66},
the entry channel_table(ch_type_,rpc__0[]) is in a table at get {65},
the entry access_control_table(client_t__0,ch_type_,connect_rpc__0__syscall) is in a table at get {64},
the message ack__chan is received on channel rpc__0[] at input {21},
event @p_act(@occ30[],(true__bool,channel_case_done_result_,channel_case_done_state_0_,channel_case_done_state_1_,channel_case_done_state_2_,channel_case_done_state_3_)) records how variables are instantiated at {30},
the message (true__bool,channel_case_done_result_,channel_case_done_state_0_,channel_case_done_state_1_,channel_case_done_state_2_,channel_case_done_state_3_) is received on channel channel_case_ch_ at input {30},
then the message (false__bool,(),channel_case_done_state_0_,channel_case_done_state_1_,channel_case_done_state_2_,channel_case_done_result_) may be sent on channel loop_ch_ at output {32}.)
Abbreviations:
loop_ch_ = loop_ch__70[channel_case_done_state_3__69 = channel_case_done_state_3_,channel_case_done_state_2__68 = channel_case_done_state_2_,channel_case_done_state_1__67 = channel_case_done_state_1_,channel_case_done_state_0__66 = channel_case_done_state_0_,channel_case_done_result__65 = channel_case_done_result_,ch_type__120 = ch_type_,ch_type__121 = ch_type__1]
channel_case_ch_ = channel_case_ch__64[ch_type__120 = ch_type_,ch_type__121 = ch_type__1]

Clause 133: mess(loop_ch_,(false__bool,loop_result_,loop_state_0_,loop_state_1_,loop_state_2_,loop_state_3_)) && b-event(@p_act(@occ34_1,(false__bool,loop_result_,loop_state_0_,loop_state_1_,loop_state_2_,loop_state_3_))) && mess(channel_case_ch_,(true__bool,channel_case_done_result_,channel_case_done_state_0_,channel_case_done_state_1_,channel_case_done_state_2_,channel_case_done_state_3_)) && b-event(@p_act(@occ30[],(true__bool,channel_case_done_result_,channel_case_done_state_0_,channel_case_done_state_1_,channel_case_done_state_2_,channel_case_done_state_3_))) && mess(rpc__0[],ack__chan) && table(access_control_table(client_t__0,ch_type_,connect_rpc__0__syscall)) && table(channel_table(ch_type_,rpc__0[])) && table(access_control_table(client_t__0,ch_type__1,connect_rpc__0__syscall)) && table(channel_table(ch_type__1,rpc__0[])) -> attacker(v_)
(If the entry channel_table(ch_type__1,rpc__0[]) is in a table at get {67},
the entry access_control_table(client_t__0,ch_type__1,connect_rpc__0__syscall) is in a table at get {66},
the entry channel_table(ch_type_,rpc__0[]) is in a table at get {65},
the entry access_control_table(client_t__0,ch_type_,connect_rpc__0__syscall) is in a table at get {64},
the message ack__chan is received on channel rpc__0[] at input {21},
event @p_act(@occ30[],(true__bool,channel_case_done_result_,channel_case_done_state_0_,channel_case_done_state_1_,channel_case_done_state_2_,channel_case_done_state_3_)) records how variables are instantiated at {30},
the message (true__bool,channel_case_done_result_,channel_case_done_state_0_,channel_case_done_state_1_,channel_case_done_state_2_,channel_case_done_state_3_) is received on channel channel_case_ch_ at input {30},
event @p_act(@occ34_1,(false__bool,loop_result_,loop_state_0_,loop_state_1_,loop_state_2_,loop_state_3_)) records how variables are instantiated at {34},
the message (false__bool,loop_result_,loop_state_0_,loop_state_1_,loop_state_2_,loop_state_3_) is received on channel loop_ch_ at input {34},
then the message v_ may be sent to the attacker at output {36}.)
Abbreviations:
v_ = v__24[loop_state_3__85 = loop_state_3_,loop_state_2__84 = loop_state_2_,loop_state_1__83 = loop_state_1_,loop_state_0__82 = loop_state_0_,loop_result__81 = loop_result_,!1 = @sid,channel_case_done_state_3__69 = channel_case_done_state_3_,channel_case_done_state_2__68 = channel_case_done_state_2_,channel_case_done_state_1__67 = channel_case_done_state_1_,channel_case_done_state_0__66 = channel_case_done_state_0_,channel_case_done_result__65 = channel_case_done_result_,ch_type__120 = ch_type_,ch_type__121 = ch_type__1]
loop_ch_ = loop_ch__70[channel_case_done_state_3__69 = channel_case_done_state_3_,channel_case_done_state_2__68 = channel_case_done_state_2_,channel_case_done_state_1__67 = channel_case_done_state_1_,channel_case_done_state_0__66 = channel_case_done_state_0_,channel_case_done_result__65 = channel_case_done_result_,ch_type__120 = ch_type_,ch_type__121 = ch_type__1]
@occ34_1 = @occ34[!1 = @sid]
channel_case_ch_ = channel_case_ch__64[ch_type__120 = ch_type_,ch_type__121 = ch_type__1]

Clause 134: table(access_control_table(client_t__0,ch_type_,invoke_rpc__0__syscall)) && table(channel_table(ch_type_,x_1)) && mess(loop_ch_,(false__bool,loop_result_,loop_state_0_,loop_state_1_,loop_state_2_,chid__struct(x_0,x_1))) && b-event(@p_act(@occ34_1,(false__bool,loop_result_,loop_state_0_,loop_state_1_,loop_state_2_,chid__struct(x_0,x_1)))) && mess(channel_case_ch_,(true__bool,channel_case_done_result_,channel_case_done_state_0_,channel_case_done_state_1_,channel_case_done_state_2_,channel_case_done_state_3_)) && b-event(@p_act(@occ30[],(true__bool,channel_case_done_result_,channel_case_done_state_0_,channel_case_done_state_1_,channel_case_done_state_2_,channel_case_done_state_3_))) && mess(rpc__0[],ack__chan) && table(access_control_table(client_t__0,ch_type__1,connect_rpc__0__syscall)) && table(channel_table(ch_type__1,rpc__0[])) && table(access_control_table(client_t__0,ch_type__2,connect_rpc__0__syscall)) && table(channel_table(ch_type__2,rpc__0[])) -> mess(x_1,invoke__chan(loop_state_2_,v_,loop_state_1_))
(If the entry channel_table(ch_type__2,rpc__0[]) is in a table at get {67},
the entry access_control_table(client_t__0,ch_type__2,connect_rpc__0__syscall) is in a table at get {66},
the entry channel_table(ch_type__1,rpc__0[]) is in a table at get {65},
the entry access_control_table(client_t__0,ch_type__1,connect_rpc__0__syscall) is in a table at get {64},
the message ack__chan is received on channel rpc__0[] at input {21},
event @p_act(@occ30[],(true__bool,channel_case_done_result_,channel_case_done_state_0_,channel_case_done_state_1_,channel_case_done_state_2_,channel_case_done_state_3_)) records how variables are instantiated at {30},
the message (true__bool,channel_case_done_result_,channel_case_done_state_0_,channel_case_done_state_1_,channel_case_done_state_2_,channel_case_done_state_3_) is received on channel channel_case_ch_ at input {30},
event @p_act(@occ34_1,(false__bool,loop_result_,loop_state_0_,loop_state_1_,loop_state_2_,chid__struct(x_0,x_1))) records how variables are instantiated at {34},
the message (false__bool,loop_result_,loop_state_0_,loop_state_1_,loop_state_2_,chid__struct(x_0,x_1)) is received on channel loop_ch_ at input {34},
the entry channel_table(ch_type_,x_1) is in a table at get {53},
the entry access_control_table(client_t__0,ch_type_,invoke_rpc__0__syscall) is in a table at get {52},
then the message invoke__chan(loop_state_2_,v_,loop_state_1_) may be sent on channel x_1 at output {37}.)
Abbreviations:
v_ = v__24[loop_state_3__85 = chid__struct(x_0,x_1),loop_state_2__84 = loop_state_2_,loop_state_1__83 = loop_state_1_,loop_state_0__82 = loop_state_0_,loop_result__81 = loop_result_,!1 = @sid,channel_case_done_state_3__69 = channel_case_done_state_3_,channel_case_done_state_2__68 = channel_case_done_state_2_,channel_case_done_state_1__67 = channel_case_done_state_1_,channel_case_done_state_0__66 = channel_case_done_state_0_,channel_case_done_result__65 = channel_case_done_result_,ch_type__120 = ch_type__1,ch_type__121 = ch_type__2]
loop_ch_ = loop_ch__70[channel_case_done_state_3__69 = channel_case_done_state_3_,channel_case_done_state_2__68 = channel_case_done_state_2_,channel_case_done_state_1__67 = channel_case_done_state_1_,channel_case_done_state_0__66 = channel_case_done_state_0_,channel_case_done_result__65 = channel_case_done_result_,ch_type__120 = ch_type__1,ch_type__121 = ch_type__2]
@occ34_1 = @occ34[!1 = @sid]
channel_case_ch_ = channel_case_ch__64[ch_type__120 = ch_type__1,ch_type__121 = ch_type__2]

Clause 135: mess(x_1,Returned__chan(case_arg_0_)) && table(access_control_table(client_t__0,ch_type_,invoke_rpc__0__syscall)) && table(channel_table(ch_type_,x_1)) && table(access_control_table(client_t__0,ch_type__1,invoke_rpc__0__syscall)) && table(channel_table(ch_type__1,x_1)) && mess(loop_ch_,(false__bool,loop_result_,loop_state_0_,loop_state_1_,loop_state_2_,chid__struct(x_0,x_1))) && b-event(@p_act(@occ34_1,(false__bool,loop_result_,loop_state_0_,loop_state_1_,loop_state_2_,chid__struct(x_0,x_1)))) && mess(channel_case_ch_,(true__bool,channel_case_done_result_,channel_case_done_state_0_,channel_case_done_state_1_,channel_case_done_state_2_,channel_case_done_state_3_)) && b-event(@p_act(@occ30[],(true__bool,channel_case_done_result_,channel_case_done_state_0_,channel_case_done_state_1_,channel_case_done_state_2_,channel_case_done_state_3_))) && mess(rpc__0[],ack__chan) && table(access_control_table(client_t__0,ch_type__2,connect_rpc__0__syscall)) && table(channel_table(ch_type__2,rpc__0[])) && table(access_control_table(client_t__0,ch_type__3,connect_rpc__0__syscall)) && table(channel_table(ch_type__3,rpc__0[])) -> mess(channel_case_ch__1,(false__bool,(),loop_state_0_,loop_state_1_,loop_state_2_,chid__struct(x_0,x_1),v_,chid__struct(x_0,x_1),loop_state_2_,v_,loop_state_1_,x_1))
(If the entry channel_table(ch_type__3,rpc__0[]) is in a table at get {67},
the entry access_control_table(client_t__0,ch_type__3,connect_rpc__0__syscall) is in a table at get {66},
the entry channel_table(ch_type__2,rpc__0[]) is in a table at get {65},
the entry access_control_table(client_t__0,ch_type__2,connect_rpc__0__syscall) is in a table at get {64},
the message ack__chan is received on channel rpc__0[] at input {21},
event @p_act(@occ30[],(true__bool,channel_case_done_result_,channel_case_done_state_0_,channel_case_done_state_1_,channel_case_done_state_2_,channel_case_done_state_3_)) records how variables are instantiated at {30},
the message (true__bool,channel_case_done_result_,channel_case_done_state_0_,channel_case_done_state_1_,channel_case_done_state_2_,channel_case_done_state_3_) is received on channel channel_case_ch_ at input {30},
event @p_act(@occ34_1,(false__bool,loop_result_,loop_state_0_,loop_state_1_,loop_state_2_,chid__struct(x_0,x_1))) records how variables are instantiated at {34},
the message (false__bool,loop_result_,loop_state_0_,loop_state_1_,loop_state_2_,chid__struct(x_0,x_1)) is received on channel loop_ch_ at input {34},
the entry channel_table(ch_type__1,x_1) is in a table at get {53},
the entry access_control_table(client_t__0,ch_type__1,invoke_rpc__0__syscall) is in a table at get {52},
the entry channel_table(ch_type_,x_1) is in a table at get {51},
the entry access_control_table(client_t__0,ch_type_,invoke_rpc__0__syscall) is in a table at get {50},
the message Returned__chan(case_arg_0_) is received on channel x_1 at input {38},
then the message (false__bool,(),loop_state_0_,loop_state_1_,loop_state_2_,chid__struct(x_0,x_1),v_,chid__struct(x_0,x_1),loop_state_2_,v_,loop_state_1_,x_1) may be sent on channel channel_case_ch__1 at output {40}.)
Abbreviations:
channel_case_ch__1 = channel_case_ch__87[case_arg_0__86 = case_arg_0_,ch_type__111 = ch_type_,ch_type__112 = ch_type__1,loop_state_3__85 = chid__struct(x_0,x_1),loop_state_2__84 = loop_state_2_,loop_state_1__83 = loop_state_1_,loop_state_0__82 = loop_state_0_,loop_result__81 = loop_result_,!1 = @sid,channel_case_done_state_3__69 = channel_case_done_state_3_,channel_case_done_state_2__68 = channel_case_done_state_2_,channel_case_done_state_1__67 = channel_case_done_state_1_,channel_case_done_state_0__66 = channel_case_done_state_0_,channel_case_done_result__65 = channel_case_done_result_,ch_type__120 = ch_type__2,ch_type__121 = ch_type__3]
v_ = v__24[loop_state_3__85 = chid__struct(x_0,x_1),loop_state_2__84 = loop_state_2_,loop_state_1__83 = loop_state_1_,loop_state_0__82 = loop_state_0_,loop_result__81 = loop_result_,!1 = @sid,channel_case_done_state_3__69 = channel_case_done_state_3_,channel_case_done_state_2__68 = channel_case_done_state_2_,channel_case_done_state_1__67 = channel_case_done_state_1_,channel_case_done_state_0__66 = channel_case_done_state_0_,channel_case_done_result__65 = channel_case_done_result_,ch_type__120 = ch_type__2,ch_type__121 = ch_type__3]
loop_ch_ = loop_ch__70[channel_case_done_state_3__69 = channel_case_done_state_3_,channel_case_done_state_2__68 = channel_case_done_state_2_,channel_case_done_state_1__67 = channel_case_done_state_1_,channel_case_done_state_0__66 = channel_case_done_state_0_,channel_case_done_result__65 = channel_case_done_result_,ch_type__120 = ch_type__2,ch_type__121 = ch_type__3]
@occ34_1 = @occ34[!1 = @sid]
channel_case_ch_ = channel_case_ch__64[ch_type__120 = ch_type__2,ch_type__121 = ch_type__3]

Clause 136: mess(channel_case_ch_,(false__bool,channel_case_result_,channel_case_state_0_,channel_case_state_1_,channel_case_state_2_,channel_case_state_3_,channel_case_state_4_,channel_case_state_5_,channel_case_state_6_,channel_case_state_7_,channel_case_state_8_,channel_case_state_9_)) && b-event(@p_act(@occ41_1,(false__bool,channel_case_result_,channel_case_state_0_,channel_case_state_1_,channel_case_state_2_,channel_case_state_3_,channel_case_state_4_,channel_case_state_5_,channel_case_state_6_,channel_case_state_7_,channel_case_state_8_,channel_case_state_9_))) && mess(x_1,Returned__chan(case_arg_0_)) && table(access_control_table(client_t__0,ch_type_,invoke_rpc__0__syscall)) && table(channel_table(ch_type_,x_1)) && table(access_control_table(client_t__0,ch_type__1,invoke_rpc__0__syscall)) && table(channel_table(ch_type__1,x_1)) && mess(loop_ch_,(false__bool,loop_result_,loop_state_0_,loop_state_1_,loop_state_2_,chid__struct(x_0,x_1))) && b-event(@p_act(@occ34_1,(false__bool,loop_result_,loop_state_0_,loop_state_1_,loop_state_2_,chid__struct(x_0,x_1)))) && mess(channel_case_ch__1,(true__bool,channel_case_done_result_,channel_case_done_state_0_,channel_case_done_state_1_,channel_case_done_state_2_,channel_case_done_state_3_)) && b-event(@p_act(@occ30[],(true__bool,channel_case_done_result_,channel_case_done_state_0_,channel_case_done_state_1_,channel_case_done_state_2_,channel_case_done_state_3_))) && mess(rpc__0[],ack__chan) && table(access_control_table(client_t__0,ch_type__2,connect_rpc__0__syscall)) && table(channel_table(ch_type__2,rpc__0[])) && table(access_control_table(client_t__0,ch_type__3,connect_rpc__0__syscall)) && table(channel_table(ch_type__3,rpc__0[])) -> mess(channel_case_ch_,(true__bool,case_arg_0_,channel_case_state_0_,channel_case_state_1_,channel_case_state_2_,channel_case_state_3_,channel_case_state_4_,channel_case_state_5_,channel_case_state_6_,channel_case_state_7_,channel_case_state_8_,channel_case_state_9_))
(If the entry channel_table(ch_type__3,rpc__0[]) is in a table at get {67},
the entry access_control_table(client_t__0,ch_type__3,connect_rpc__0__syscall) is in a table at get {66},
the entry channel_table(ch_type__2,rpc__0[]) is in a table at get {65},
the entry access_control_table(client_t__0,ch_type__2,connect_rpc__0__syscall) is in a table at get {64},
the message ack__chan is received on channel rpc__0[] at input {21},
event @p_act(@occ30[],(true__bool,channel_case_done_result_,channel_case_done_state_0_,channel_case_done_state_1_,channel_case_done_state_2_,channel_case_done_state_3_)) records how variables are instantiated at {30},
the message (true__bool,channel_case_done_result_,channel_case_done_state_0_,channel_case_done_state_1_,channel_case_done_state_2_,channel_case_done_state_3_) is received on channel channel_case_ch__1 at input {30},
event @p_act(@occ34_1,(false__bool,loop_result_,loop_state_0_,loop_state_1_,loop_state_2_,chid__struct(x_0,x_1))) records how variables are instantiated at {34},
the message (false__bool,loop_result_,loop_state_0_,loop_state_1_,loop_state_2_,chid__struct(x_0,x_1)) is received on channel loop_ch_ at input {34},
the entry channel_table(ch_type__1,x_1) is in a table at get {53},
the entry access_control_table(client_t__0,ch_type__1,invoke_rpc__0__syscall) is in a table at get {52},
the entry channel_table(ch_type_,x_1) is in a table at get {51},
the entry access_control_table(client_t__0,ch_type_,invoke_rpc__0__syscall) is in a table at get {50},
the message Returned__chan(case_arg_0_) is received on channel x_1 at input {38},
event @p_act(@occ41_1,(false__bool,channel_case_result_,channel_case_state_0_,channel_case_state_1_,channel_case_state_2_,channel_case_state_3_,channel_case_state_4_,channel_case_state_5_,channel_case_state_6_,channel_case_state_7_,channel_case_state_8_,channel_case_state_9_)) records how variables are instantiated at {41},
the message (false__bool,channel_case_result_,channel_case_state_0_,channel_case_state_1_,channel_case_state_2_,channel_case_state_3_,channel_case_state_4_,channel_case_state_5_,channel_case_state_6_,channel_case_state_7_,channel_case_state_8_,channel_case_state_9_) is received on channel channel_case_ch_ at input {41},
then the message (true__bool,case_arg_0_,channel_case_state_0_,channel_case_state_1_,channel_case_state_2_,channel_case_state_3_,channel_case_state_4_,channel_case_state_5_,channel_case_state_6_,channel_case_state_7_,channel_case_state_8_,channel_case_state_9_) may be sent on channel channel_case_ch_ at output {42}.)
Abbreviations:
channel_case_ch_ = channel_case_ch__87[case_arg_0__86 = case_arg_0_,ch_type__111 = ch_type_,ch_type__112 = ch_type__1,loop_state_3__85 = chid__struct(x_0,x_1),loop_state_2__84 = loop_state_2_,loop_state_1__83 = loop_state_1_,loop_state_0__82 = loop_state_0_,loop_result__81 = loop_result_,!1 = @sid,channel_case_done_state_3__69 = channel_case_done_state_3_,channel_case_done_state_2__68 = channel_case_done_state_2_,channel_case_done_state_1__67 = channel_case_done_state_1_,channel_case_done_state_0__66 = channel_case_done_state_0_,channel_case_done_result__65 = channel_case_done_result_,ch_type__120 = ch_type__2,ch_type__121 = ch_type__3]
@occ41_1 = @occ41[!1 = @sid]
loop_ch_ = loop_ch__70[channel_case_done_state_3__69 = channel_case_done_state_3_,channel_case_done_state_2__68 = channel_case_done_state_2_,channel_case_done_state_1__67 = channel_case_done_state_1_,channel_case_done_state_0__66 = channel_case_done_state_0_,channel_case_done_result__65 = channel_case_done_result_,ch_type__120 = ch_type__2,ch_type__121 = ch_type__3]
@occ34_1 = @occ34[!1 = @sid]
channel_case_ch__1 = channel_case_ch__64[ch_type__120 = ch_type__2,ch_type__121 = ch_type__3]

Clause 137: mess(channel_case_ch_,(true__bool,channel_case_done_result_,channel_case_done_state_0_,channel_case_done_state_1_,channel_case_done_state_2_,channel_case_done_state_3_,channel_case_done_state_4_,channel_case_done_state_5_,channel_case_done_state_6_,channel_case_done_state_7_,channel_case_done_state_8_,channel_case_done_state_9_)) && b-event(@p_act(@occ43_1,(true__bool,channel_case_done_result_,channel_case_done_state_0_,channel_case_done_state_1_,channel_case_done_state_2_,channel_case_done_state_3_,channel_case_done_state_4_,channel_case_done_state_5_,channel_case_done_state_6_,channel_case_done_state_7_,channel_case_done_state_8_,channel_case_done_state_9_))) && mess(x_1,Returned__chan(case_arg_0_)) && table(access_control_table(client_t__0,ch_type_,invoke_rpc__0__syscall)) && table(channel_table(ch_type_,x_1)) && table(access_control_table(client_t__0,ch_type__1,invoke_rpc__0__syscall)) && table(channel_table(ch_type__1,x_1)) && mess(loop_ch_,(false__bool,loop_result_,loop_state_0_,loop_state_1_,loop_state_2_,chid__struct(x_0,x_1))) && b-event(@p_act(@occ34_1,(false__bool,loop_result_,loop_state_0_,loop_state_1_,loop_state_2_,chid__struct(x_0,x_1)))) && mess(channel_case_ch__1,(true__bool,channel_case_done_result__1,channel_case_done_state_0__1,channel_case_done_state_1__1,channel_case_done_state_2__1,channel_case_done_state_3__1)) && b-event(@p_act(@occ30[],(true__bool,channel_case_done_result__1,channel_case_done_state_0__1,channel_case_done_state_1__1,channel_case_done_state_2__1,channel_case_done_state_3__1))) && mess(rpc__0[],ack__chan) && table(access_control_table(client_t__0,ch_type__2,connect_rpc__0__syscall)) && table(channel_table(ch_type__2,rpc__0[])) && table(access_control_table(client_t__0,ch_type__3,connect_rpc__0__syscall)) && table(channel_table(ch_type__3,rpc__0[])) -> attacker(channel_case_done_result_)
(If the entry channel_table(ch_type__3,rpc__0[]) is in a table at get {67},
the entry access_control_table(client_t__0,ch_type__3,connect_rpc__0__syscall) is in a table at get {66},
the entry channel_table(ch_type__2,rpc__0[]) is in a table at get {65},
the entry access_control_table(client_t__0,ch_type__2,connect_rpc__0__syscall) is in a table at get {64},
the message ack__chan is received on channel rpc__0[] at input {21},
event @p_act(@occ30[],(true__bool,channel_case_done_result__1,channel_case_done_state_0__1,channel_case_done_state_1__1,channel_case_done_state_2__1,channel_case_done_state_3__1)) records how variables are instantiated at {30},
the message (true__bool,channel_case_done_result__1,channel_case_done_state_0__1,channel_case_done_state_1__1,channel_case_done_state_2__1,channel_case_done_state_3__1) is received on channel channel_case_ch__1 at input {30},
event @p_act(@occ34_1,(false__bool,loop_result_,loop_state_0_,loop_state_1_,loop_state_2_,chid__struct(x_0,x_1))) records how variables are instantiated at {34},
the message (false__bool,loop_result_,loop_state_0_,loop_state_1_,loop_state_2_,chid__struct(x_0,x_1)) is received on channel loop_ch_ at input {34},
the entry channel_table(ch_type__1,x_1) is in a table at get {53},
the entry access_control_table(client_t__0,ch_type__1,invoke_rpc__0__syscall) is in a table at get {52},
the entry channel_table(ch_type_,x_1) is in a table at get {51},
the entry access_control_table(client_t__0,ch_type_,invoke_rpc__0__syscall) is in a table at get {50},
the message Returned__chan(case_arg_0_) is received on channel x_1 at input {38},
event @p_act(@occ43_1,(true__bool,channel_case_done_result_,channel_case_done_state_0_,channel_case_done_state_1_,channel_case_done_state_2_,channel_case_done_state_3_,channel_case_done_state_4_,channel_case_done_state_5_,channel_case_done_state_6_,channel_case_done_state_7_,channel_case_done_state_8_,channel_case_done_state_9_)) records how variables are instantiated at {43},
the message (true__bool,channel_case_done_result_,channel_case_done_state_0_,channel_case_done_state_1_,channel_case_done_state_2_,channel_case_done_state_3_,channel_case_done_state_4_,channel_case_done_state_5_,channel_case_done_state_6_,channel_case_done_state_7_,channel_case_done_state_8_,channel_case_done_state_9_) is received on channel channel_case_ch_ at input {43},
then the message channel_case_done_result_ may be sent to the attacker at output {44}.)
Abbreviations:
channel_case_ch_ = channel_case_ch__87[case_arg_0__86 = case_arg_0_,ch_type__111 = ch_type_,ch_type__112 = ch_type__1,loop_state_3__85 = chid__struct(x_0,x_1),loop_state_2__84 = loop_state_2_,loop_state_1__83 = loop_state_1_,loop_state_0__82 = loop_state_0_,loop_result__81 = loop_result_,!1 = @sid,channel_case_done_state_3__69 = channel_case_done_state_3__1,channel_case_done_state_2__68 = channel_case_done_state_2__1,channel_case_done_state_1__67 = channel_case_done_state_1__1,channel_case_done_state_0__66 = channel_case_done_state_0__1,channel_case_done_result__65 = channel_case_done_result__1,ch_type__120 = ch_type__2,ch_type__121 = ch_type__3]
@occ43_1 = @occ43[!1 = @sid]
loop_ch_ = loop_ch__70[channel_case_done_state_3__69 = channel_case_done_state_3__1,channel_case_done_state_2__68 = channel_case_done_state_2__1,channel_case_done_state_1__67 = channel_case_done_state_1__1,channel_case_done_state_0__66 = channel_case_done_state_0__1,channel_case_done_result__65 = channel_case_done_result__1,ch_type__120 = ch_type__2,ch_type__121 = ch_type__3]
@occ34_1 = @occ34[!1 = @sid]
channel_case_ch__1 = channel_case_ch__64[ch_type__120 = ch_type__2,ch_type__121 = ch_type__3]

Clause 138: table(access_control_table(client_t__0,ch_type_,send__0__syscall)) && table(channel_table(ch_type_,udp__0[])) && mess(channel_case_ch_,(true__bool,channel_case_done_result_,channel_case_done_state_0_,channel_case_done_state_1_,channel_case_done_state_2_,channel_case_done_state_3_,channel_case_done_state_4_,channel_case_done_state_5_,channel_case_done_state_6_,channel_case_done_state_7_,channel_case_done_state_8_,channel_case_done_state_9_)) && b-event(@p_act(@occ43_1,(true__bool,channel_case_done_result_,channel_case_done_state_0_,channel_case_done_state_1_,channel_case_done_state_2_,channel_case_done_state_3_,channel_case_done_state_4_,channel_case_done_state_5_,channel_case_done_state_6_,channel_case_done_state_7_,channel_case_done_state_8_,channel_case_done_state_9_))) && mess(x_1,Returned__chan(case_arg_0_)) && table(access_control_table(client_t__0,ch_type__1,invoke_rpc__0__syscall)) && table(channel_table(ch_type__1,x_1)) && table(access_control_table(client_t__0,ch_type__2,invoke_rpc__0__syscall)) && table(channel_table(ch_type__2,x_1)) && mess(loop_ch_,(false__bool,loop_result_,loop_state_0_,loop_state_1_,loop_state_2_,chid__struct(x_0,x_1))) && b-event(@p_act(@occ34_1,(false__bool,loop_result_,loop_state_0_,loop_state_1_,loop_state_2_,chid__struct(x_0,x_1)))) && mess(channel_case_ch__1,(true__bool,channel_case_done_result__1,channel_case_done_state_0__1,channel_case_done_state_1__1,channel_case_done_state_2__1,channel_case_done_state_3__1)) && b-event(@p_act(@occ30[],(true__bool,channel_case_done_result__1,channel_case_done_state_0__1,channel_case_done_state_1__1,channel_case_done_state_2__1,channel_case_done_state_3__1))) && mess(rpc__0[],ack__chan) && table(access_control_table(client_t__0,ch_type__3,connect_rpc__0__syscall)) && table(channel_table(ch_type__3,rpc__0[])) && table(access_control_table(client_t__0,ch_type__4,connect_rpc__0__syscall)) && table(channel_table(ch_type__4,rpc__0[])) -> mess(udp__0[],store__chan((channel_case_done_result_,channel_case_done_state_4_)))
(If the entry channel_table(ch_type__4,rpc__0[]) is in a table at get {67},
the entry access_control_table(client_t__0,ch_type__4,connect_rpc__0__syscall) is in a table at get {66},
the entry channel_table(ch_type__3,rpc__0[]) is in a table at get {65},
the entry access_control_table(client_t__0,ch_type__3,connect_rpc__0__syscall) is in a table at get {64},
the message ack__chan is received on channel rpc__0[] at input {21},
event @p_act(@occ30[],(true__bool,channel_case_done_result__1,channel_case_done_state_0__1,channel_case_done_state_1__1,channel_case_done_state_2__1,channel_case_done_state_3__1)) records how variables are instantiated at {30},
the message (true__bool,channel_case_done_result__1,channel_case_done_state_0__1,channel_case_done_state_1__1,channel_case_done_state_2__1,channel_case_done_state_3__1) is received on channel channel_case_ch__1 at input {30},
event @p_act(@occ34_1,(false__bool,loop_result_,loop_state_0_,loop_state_1_,loop_state_2_,chid__struct(x_0,x_1))) records how variables are instantiated at {34},
the message (false__bool,loop_result_,loop_state_0_,loop_state_1_,loop_state_2_,chid__struct(x_0,x_1)) is received on channel loop_ch_ at input {34},
the entry channel_table(ch_type__2,x_1) is in a table at get {53},
the entry access_control_table(client_t__0,ch_type__2,invoke_rpc__0__syscall) is in a table at get {52},
the entry channel_table(ch_type__1,x_1) is in a table at get {51},
the entry access_control_table(client_t__0,ch_type__1,invoke_rpc__0__syscall) is in a table at get {50},
the message Returned__chan(case_arg_0_) is received on channel x_1 at input {38},
event @p_act(@occ43_1,(true__bool,channel_case_done_result_,channel_case_done_state_0_,channel_case_done_state_1_,channel_case_done_state_2_,channel_case_done_state_3_,channel_case_done_state_4_,channel_case_done_state_5_,channel_case_done_state_6_,channel_case_done_state_7_,channel_case_done_state_8_,channel_case_done_state_9_)) records how variables are instantiated at {43},
the message (true__bool,channel_case_done_result_,channel_case_done_state_0_,channel_case_done_state_1_,channel_case_done_state_2_,channel_case_done_state_3_,channel_case_done_state_4_,channel_case_done_state_5_,channel_case_done_state_6_,channel_case_done_state_7_,channel_case_done_state_8_,channel_case_done_state_9_) is received on channel channel_case_ch_ at input {43},
the entry channel_table(ch_type_,udp__0[]) is in a table at get {49},
the entry access_control_table(client_t__0,ch_type_,send__0__syscall) is in a table at get {48},
then the message store__chan((channel_case_done_result_,channel_case_done_state_4_)) may be sent on channel udp__0[] at output {46}.)
Abbreviations:
channel_case_ch_ = channel_case_ch__87[case_arg_0__86 = case_arg_0_,ch_type__111 = ch_type__1,ch_type__112 = ch_type__2,loop_state_3__85 = chid__struct(x_0,x_1),loop_state_2__84 = loop_state_2_,loop_state_1__83 = loop_state_1_,loop_state_0__82 = loop_state_0_,loop_result__81 = loop_result_,!1 = @sid,channel_case_done_state_3__69 = channel_case_done_state_3__1,channel_case_done_state_2__68 = channel_case_done_state_2__1,channel_case_done_state_1__67 = channel_case_done_state_1__1,channel_case_done_state_0__66 = channel_case_done_state_0__1,channel_case_done_result__65 = channel_case_done_result__1,ch_type__120 = ch_type__3,ch_type__121 = ch_type__4]
@occ43_1 = @occ43[!1 = @sid]
loop_ch_ = loop_ch__70[channel_case_done_state_3__69 = channel_case_done_state_3__1,channel_case_done_state_2__68 = channel_case_done_state_2__1,channel_case_done_state_1__67 = channel_case_done_state_1__1,channel_case_done_state_0__66 = channel_case_done_state_0__1,channel_case_done_result__65 = channel_case_done_result__1,ch_type__120 = ch_type__3,ch_type__121 = ch_type__4]
@occ34_1 = @occ34[!1 = @sid]
channel_case_ch__1 = channel_case_ch__64[ch_type__120 = ch_type__3,ch_type__121 = ch_type__4]

Clause 139: table(access_control_table(client_t__0,ch_type_,send__0__syscall)) && table(channel_table(ch_type_,udp__0[])) && mess(channel_case_ch_,(true__bool,channel_case_done_result_,channel_case_done_state_0_,channel_case_done_state_1_,channel_case_done_state_2_,channel_case_done_state_3_,channel_case_done_state_4_,channel_case_done_state_5_,channel_case_done_state_6_,channel_case_done_state_7_,channel_case_done_state_8_,channel_case_done_state_9_)) && b-event(@p_act(@occ43_1,(true__bool,channel_case_done_result_,channel_case_done_state_0_,channel_case_done_state_1_,channel_case_done_state_2_,channel_case_done_state_3_,channel_case_done_state_4_,channel_case_done_state_5_,channel_case_done_state_6_,channel_case_done_state_7_,channel_case_done_state_8_,channel_case_done_state_9_))) && mess(x_1,Returned__chan(case_arg_0_)) && table(access_control_table(client_t__0,ch_type__1,invoke_rpc__0__syscall)) && table(channel_table(ch_type__1,x_1)) && table(access_control_table(client_t__0,ch_type__2,invoke_rpc__0__syscall)) && table(channel_table(ch_type__2,x_1)) && mess(loop_ch_,(false__bool,loop_result_,loop_state_0_,loop_state_1_,loop_state_2_,chid__struct(x_0,x_1))) && b-event(@p_act(@occ34_1,(false__bool,loop_result_,loop_state_0_,loop_state_1_,loop_state_2_,chid__struct(x_0,x_1)))) && mess(channel_case_ch__1,(true__bool,channel_case_done_result__1,channel_case_done_state_0__1,channel_case_done_state_1__1,channel_case_done_state_2__1,channel_case_done_state_3__1)) && b-event(@p_act(@occ30[],(true__bool,channel_case_done_result__1,channel_case_done_state_0__1,channel_case_done_state_1__1,channel_case_done_state_2__1,channel_case_done_state_3__1))) && mess(rpc__0[],ack__chan) && table(access_control_table(client_t__0,ch_type__3,connect_rpc__0__syscall)) && table(channel_table(ch_type__3,rpc__0[])) && table(access_control_table(client_t__0,ch_type__4,connect_rpc__0__syscall)) && table(channel_table(ch_type__4,rpc__0[])) -> mess(loop_ch_,(false__bool,(),channel_case_done_state_0_,channel_case_done_state_1_,channel_case_done_state_2_,channel_case_done_state_3_))
(If the entry channel_table(ch_type__4,rpc__0[]) is in a table at get {67},
the entry access_control_table(client_t__0,ch_type__4,connect_rpc__0__syscall) is in a table at get {66},
the entry channel_table(ch_type__3,rpc__0[]) is in a table at get {65},
the entry access_control_table(client_t__0,ch_type__3,connect_rpc__0__syscall) is in a table at get {64},
the message ack__chan is received on channel rpc__0[] at input {21},
event @p_act(@occ30[],(true__bool,channel_case_done_result__1,channel_case_done_state_0__1,channel_case_done_state_1__1,channel_case_done_state_2__1,channel_case_done_state_3__1)) records how variables are instantiated at {30},
the message (true__bool,channel_case_done_result__1,channel_case_done_state_0__1,channel_case_done_state_1__1,channel_case_done_state_2__1,channel_case_done_state_3__1) is received on channel channel_case_ch__1 at input {30},
event @p_act(@occ34_1,(false__bool,loop_result_,loop_state_0_,loop_state_1_,loop_state_2_,chid__struct(x_0,x_1))) records how variables are instantiated at {34},
the message (false__bool,loop_result_,loop_state_0_,loop_state_1_,loop_state_2_,chid__struct(x_0,x_1)) is received on channel loop_ch_ at input {34},
the entry channel_table(ch_type__2,x_1) is in a table at get {53},
the entry access_control_table(client_t__0,ch_type__2,invoke_rpc__0__syscall) is in a table at get {52},
the entry channel_table(ch_type__1,x_1) is in a table at get {51},
the entry access_control_table(client_t__0,ch_type__1,invoke_rpc__0__syscall) is in a table at get {50},
the message Returned__chan(case_arg_0_) is received on channel x_1 at input {38},
event @p_act(@occ43_1,(true__bool,channel_case_done_result_,channel_case_done_state_0_,channel_case_done_state_1_,channel_case_done_state_2_,channel_case_done_state_3_,channel_case_done_state_4_,channel_case_done_state_5_,channel_case_done_state_6_,channel_case_done_state_7_,channel_case_done_state_8_,channel_case_done_state_9_)) records how variables are instantiated at {43},
the message (true__bool,channel_case_done_result_,channel_case_done_state_0_,channel_case_done_state_1_,channel_case_done_state_2_,channel_case_done_state_3_,channel_case_done_state_4_,channel_case_done_state_5_,channel_case_done_state_6_,channel_case_done_state_7_,channel_case_done_state_8_,channel_case_done_state_9_) is received on channel channel_case_ch_ at input {43},
the entry channel_table(ch_type_,udp__0[]) is in a table at get {49},
the entry access_control_table(client_t__0,ch_type_,send__0__syscall) is in a table at get {48},
then the message (false__bool,(),channel_case_done_state_0_,channel_case_done_state_1_,channel_case_done_state_2_,channel_case_done_state_3_) may be sent on channel loop_ch_ at output {47}.)
Abbreviations:
loop_ch_ = loop_ch__70[channel_case_done_state_3__69 = channel_case_done_state_3__1,channel_case_done_state_2__68 = channel_case_done_state_2__1,channel_case_done_state_1__67 = channel_case_done_state_1__1,channel_case_done_state_0__66 = channel_case_done_state_0__1,channel_case_done_result__65 = channel_case_done_result__1,ch_type__120 = ch_type__3,ch_type__121 = ch_type__4]
channel_case_ch_ = channel_case_ch__87[case_arg_0__86 = case_arg_0_,ch_type__111 = ch_type__1,ch_type__112 = ch_type__2,loop_state_3__85 = chid__struct(x_0,x_1),loop_state_2__84 = loop_state_2_,loop_state_1__83 = loop_state_1_,loop_state_0__82 = loop_state_0_,loop_result__81 = loop_result_,!1 = @sid,channel_case_done_state_3__69 = channel_case_done_state_3__1,channel_case_done_state_2__68 = channel_case_done_state_2__1,channel_case_done_state_1__67 = channel_case_done_state_1__1,channel_case_done_state_0__66 = channel_case_done_state_0__1,channel_case_done_result__65 = channel_case_done_result__1,ch_type__120 = ch_type__3,ch_type__121 = ch_type__4]
@occ43_1 = @occ43[!1 = @sid]
@occ34_1 = @occ34[!1 = @sid]
channel_case_ch__1 = channel_case_ch__64[ch_type__120 = ch_type__3,ch_type__121 = ch_type__4]

Clause 140: mess(loop_ch_,(false__bool,loop_result_,loop_state_0_,loop_state_1_,loop_state_2_,loop_state_3_)) && b-event(@p_act(@occ55_1,(false__bool,loop_result_,loop_state_0_,loop_state_1_,loop_state_2_,loop_state_3_))) && mess(channel_case_ch_,(true__bool,channel_case_done_result_,channel_case_done_state_0_,channel_case_done_state_1_,channel_case_done_state_2_,channel_case_done_state_3_)) && b-event(@p_act(@occ30[],(true__bool,channel_case_done_result_,channel_case_done_state_0_,channel_case_done_state_1_,channel_case_done_state_2_,channel_case_done_state_3_))) && mess(rpc__0[],ack__chan) && table(access_control_table(client_t__0,ch_type_,connect_rpc__0__syscall)) && table(channel_table(ch_type_,rpc__0[])) && table(access_control_table(client_t__0,ch_type__1,connect_rpc__0__syscall)) && table(channel_table(ch_type__1,rpc__0[])) -> mess(loop_ch_,(true__bool,(),loop_state_0_,loop_state_1_,loop_state_2_,loop_state_3_))
(If the entry channel_table(ch_type__1,rpc__0[]) is in a table at get {67},
the entry access_control_table(client_t__0,ch_type__1,connect_rpc__0__syscall) is in a table at get {66},
the entry channel_table(ch_type_,rpc__0[]) is in a table at get {65},
the entry access_control_table(client_t__0,ch_type_,connect_rpc__0__syscall) is in a table at get {64},
the message ack__chan is received on channel rpc__0[] at input {21},
event @p_act(@occ30[],(true__bool,channel_case_done_result_,channel_case_done_state_0_,channel_case_done_state_1_,channel_case_done_state_2_,channel_case_done_state_3_)) records how variables are instantiated at {30},
the message (true__bool,channel_case_done_result_,channel_case_done_state_0_,channel_case_done_state_1_,channel_case_done_state_2_,channel_case_done_state_3_) is received on channel channel_case_ch_ at input {30},
event @p_act(@occ55_1,(false__bool,loop_result_,loop_state_0_,loop_state_1_,loop_state_2_,loop_state_3_)) records how variables are instantiated at {55},
the message (false__bool,loop_result_,loop_state_0_,loop_state_1_,loop_state_2_,loop_state_3_) is received on channel loop_ch_ at input {55},
then the message (true__bool,(),loop_state_0_,loop_state_1_,loop_state_2_,loop_state_3_) may be sent on channel loop_ch_ at output {56}.)
Abbreviations:
loop_ch_ = loop_ch__70[channel_case_done_state_3__69 = channel_case_done_state_3_,channel_case_done_state_2__68 = channel_case_done_state_2_,channel_case_done_state_1__67 = channel_case_done_state_1_,channel_case_done_state_0__66 = channel_case_done_state_0_,channel_case_done_result__65 = channel_case_done_result_,ch_type__120 = ch_type_,ch_type__121 = ch_type__1]
@occ55_1 = @occ55[!1 = @sid]
channel_case_ch_ = channel_case_ch__64[ch_type__120 = ch_type_,ch_type__121 = ch_type__1]

Clause 141: mess(loop_ch_,(true__bool,loop_done_result_,loop_done_state_0_,loop_done_state_1_,loop_done_state_2_,chid__struct(x_0,x_1))) && b-event(@p_act(@occ57[],(true__bool,loop_done_result_,loop_done_state_0_,loop_done_state_1_,loop_done_state_2_,chid__struct(x_0,x_1)))) && mess(channel_case_ch_,(true__bool,channel_case_done_result_,channel_case_done_state_0_,channel_case_done_state_1_,channel_case_done_state_2_,channel_case_done_state_3_)) && b-event(@p_act(@occ30[],(true__bool,channel_case_done_result_,channel_case_done_state_0_,channel_case_done_state_1_,channel_case_done_state_2_,channel_case_done_state_3_))) && mess(rpc__0[],ack__chan) && table(access_control_table(client_t__0,ch_type_,connect_rpc__0__syscall)) && table(channel_table(ch_type_,rpc__0[])) && table(access_control_table(client_t__0,ch_type__1,connect_rpc__0__syscall)) && table(channel_table(ch_type__1,rpc__0[])) -> table(deleted_address_table(x_0))
(If the entry channel_table(ch_type__1,rpc__0[]) is in a table at get {67},
the entry access_control_table(client_t__0,ch_type__1,connect_rpc__0__syscall) is in a table at get {66},
the entry channel_table(ch_type_,rpc__0[]) is in a table at get {65},
the entry access_control_table(client_t__0,ch_type_,connect_rpc__0__syscall) is in a table at get {64},
the message ack__chan is received on channel rpc__0[] at input {21},
event @p_act(@occ30[],(true__bool,channel_case_done_result_,channel_case_done_state_0_,channel_case_done_state_1_,channel_case_done_state_2_,channel_case_done_state_3_)) records how variables are instantiated at {30},
the message (true__bool,channel_case_done_result_,channel_case_done_state_0_,channel_case_done_state_1_,channel_case_done_state_2_,channel_case_done_state_3_) is received on channel channel_case_ch_ at input {30},
event @p_act(@occ57[],(true__bool,loop_done_result_,loop_done_state_0_,loop_done_state_1_,loop_done_state_2_,chid__struct(x_0,x_1))) records how variables are instantiated at {57},
the message (true__bool,loop_done_result_,loop_done_state_0_,loop_done_state_1_,loop_done_state_2_,chid__struct(x_0,x_1)) is received on channel loop_ch_ at input {57},
then the entry deleted_address_table(x_0) may be inserted in a table at insert {58}.)
Abbreviations:
loop_ch_ = loop_ch__70[channel_case_done_state_3__69 = channel_case_done_state_3_,channel_case_done_state_2__68 = channel_case_done_state_2_,channel_case_done_state_1__67 = channel_case_done_state_1_,channel_case_done_state_0__66 = channel_case_done_state_0_,channel_case_done_result__65 = channel_case_done_result_,ch_type__120 = ch_type_,ch_type__121 = ch_type__1]
channel_case_ch_ = channel_case_ch__64[ch_type__120 = ch_type_,ch_type__121 = ch_type__1]

Clause 142: table(access_control_table(client_t__0,ch_type_,close_rpc__0__syscall)) && table(channel_table(ch_type_,x_1)) && mess(loop_ch_,(true__bool,loop_done_result_,loop_done_state_0_,loop_done_state_1_,loop_done_state_2_,chid__struct(x_0,x_1))) && b-event(@p_act(@occ57[],(true__bool,loop_done_result_,loop_done_state_0_,loop_done_state_1_,loop_done_state_2_,chid__struct(x_0,x_1)))) && mess(channel_case_ch_,(true__bool,channel_case_done_result_,channel_case_done_state_0_,channel_case_done_state_1_,channel_case_done_state_2_,channel_case_done_state_3_)) && b-event(@p_act(@occ30[],(true__bool,channel_case_done_result_,channel_case_done_state_0_,channel_case_done_state_1_,channel_case_done_state_2_,channel_case_done_state_3_))) && mess(rpc__0[],ack__chan) && table(access_control_table(client_t__0,ch_type__1,connect_rpc__0__syscall)) && table(channel_table(ch_type__1,rpc__0[])) && table(access_control_table(client_t__0,ch_type__2,connect_rpc__0__syscall)) && table(channel_table(ch_type__2,rpc__0[])) -> mess(x_1,exit__chan)
(If the entry channel_table(ch_type__2,rpc__0[]) is in a table at get {67},
the entry access_control_table(client_t__0,ch_type__2,connect_rpc__0__syscall) is in a table at get {66},
the entry channel_table(ch_type__1,rpc__0[]) is in a table at get {65},
the entry access_control_table(client_t__0,ch_type__1,connect_rpc__0__syscall) is in a table at get {64},
the message ack__chan is received on channel rpc__0[] at input {21},
event @p_act(@occ30[],(true__bool,channel_case_done_result_,channel_case_done_state_0_,channel_case_done_state_1_,channel_case_done_state_2_,channel_case_done_state_3_)) records how variables are instantiated at {30},
the message (true__bool,channel_case_done_result_,channel_case_done_state_0_,channel_case_done_state_1_,channel_case_done_state_2_,channel_case_done_state_3_) is received on channel channel_case_ch_ at input {30},
event @p_act(@occ57[],(true__bool,loop_done_result_,loop_done_state_0_,loop_done_state_1_,loop_done_state_2_,chid__struct(x_0,x_1))) records how variables are instantiated at {57},
the message (true__bool,loop_done_result_,loop_done_state_0_,loop_done_state_1_,loop_done_state_2_,chid__struct(x_0,x_1)) is received on channel loop_ch_ at input {57},
the entry channel_table(ch_type_,x_1) is in a table at get {62},
the entry access_control_table(client_t__0,ch_type_,close_rpc__0__syscall) is in a table at get {61},
then the message exit__chan may be sent on channel x_1 at output {59}.)
Abbreviations:
loop_ch_ = loop_ch__70[channel_case_done_state_3__69 = channel_case_done_state_3_,channel_case_done_state_2__68 = channel_case_done_state_2_,channel_case_done_state_1__67 = channel_case_done_state_1_,channel_case_done_state_0__66 = channel_case_done_state_0_,channel_case_done_result__65 = channel_case_done_result_,ch_type__120 = ch_type__1,ch_type__121 = ch_type__2]
channel_case_ch_ = channel_case_ch__64[ch_type__120 = ch_type__1,ch_type__121 = ch_type__2]

Clause 143: table(access_control_table(client_t__0,ch_type_,close_rpc__0__syscall)) && table(channel_table(ch_type_,x_1)) && mess(loop_ch_,(true__bool,loop_done_result_,loop_done_state_0_,loop_done_state_1_,loop_done_state_2_,chid__struct(x_0,x_1))) && b-event(@p_act(@occ57[],(true__bool,loop_done_result_,loop_done_state_0_,loop_done_state_1_,loop_done_state_2_,chid__struct(x_0,x_1)))) && mess(channel_case_ch_,(true__bool,channel_case_done_result_,channel_case_done_state_0_,channel_case_done_state_1_,channel_case_done_state_2_,channel_case_done_state_3_)) && b-event(@p_act(@occ30[],(true__bool,channel_case_done_result_,channel_case_done_state_0_,channel_case_done_state_1_,channel_case_done_state_2_,channel_case_done_state_3_))) && mess(rpc__0[],ack__chan) && table(access_control_table(client_t__0,ch_type__1,connect_rpc__0__syscall)) && table(channel_table(ch_type__1,rpc__0[])) && table(access_control_table(client_t__0,ch_type__2,connect_rpc__0__syscall)) && table(channel_table(ch_type__2,rpc__0[])) -> event(ClientClose__event_global)
(If the entry channel_table(ch_type__2,rpc__0[]) is in a table at get {67},
the entry access_control_table(client_t__0,ch_type__2,connect_rpc__0__syscall) is in a table at get {66},
the entry channel_table(ch_type__1,rpc__0[]) is in a table at get {65},
the entry access_control_table(client_t__0,ch_type__1,connect_rpc__0__syscall) is in a table at get {64},
the message ack__chan is received on channel rpc__0[] at input {21},
event @p_act(@occ30[],(true__bool,channel_case_done_result_,channel_case_done_state_0_,channel_case_done_state_1_,channel_case_done_state_2_,channel_case_done_state_3_)) records how variables are instantiated at {30},
the message (true__bool,channel_case_done_result_,channel_case_done_state_0_,channel_case_done_state_1_,channel_case_done_state_2_,channel_case_done_state_3_) is received on channel channel_case_ch_ at input {30},
event @p_act(@occ57[],(true__bool,loop_done_result_,loop_done_state_0_,loop_done_state_1_,loop_done_state_2_,chid__struct(x_0,x_1))) records how variables are instantiated at {57},
the message (true__bool,loop_done_result_,loop_done_state_0_,loop_done_state_1_,loop_done_state_2_,chid__struct(x_0,x_1)) is received on channel loop_ch_ at input {57},
the entry channel_table(ch_type_,x_1) is in a table at get {62},
the entry access_control_table(client_t__0,ch_type_,close_rpc__0__syscall) is in a table at get {61},
then event ClientClose__event_global may be executed at {60}.)
Abbreviations:
loop_ch_ = loop_ch__70[channel_case_done_state_3__69 = channel_case_done_state_3_,channel_case_done_state_2__68 = channel_case_done_state_2_,channel_case_done_state_1__67 = channel_case_done_state_1_,channel_case_done_state_0__66 = channel_case_done_state_0_,channel_case_done_result__65 = channel_case_done_result_,ch_type__120 = ch_type__1,ch_type__121 = ch_type__2]
channel_case_ch_ = channel_case_ch__64[ch_type__120 = ch_type__1,ch_type__121 = ch_type__2]

Clause 144: table(channel_table(udp_t__0,udp__0[]))
(The entry channel_table(udp_t__0,udp__0[]) may be inserted in a table at insert {70}.)

Clause 145: table(file_type_table(server_t__0,readonly_t__0,secret_pub__str))
(The entry file_type_table(server_t__0,readonly_t__0,secret_pub__str) may be inserted in a table at insert {71}.)

Clause 146: mess(file_ch[],(secret_pub__str,pk__0(priv_k__0)))
(The message (secret_pub__str,pk__0(priv_k__0)) may be sent on channel file_ch[] at output {73}.)

Clause 147: table(access_control_table(server_t__0,file_type_,fopen__0__syscall)) && table(file_type_table(server_t__0,file_type_,secret_pub__str)) && mess(file_ch[],(secret_pub__str,file_contents_)) && b-event(@p_act(@occ74[],(secret_pub__str,file_contents_))) && table(access_control_table(server_t__0,file_type__1,fopen__0__syscall)) && table(file_type_table(server_t__0,file_type__1,secret_pub__str)) -> mess(file_ch[],(secret_pub__str,file_contents_))
(If the entry file_type_table(server_t__0,file_type__1,secret_pub__str) is in a table at get {127},
the entry access_control_table(server_t__0,file_type__1,fopen__0__syscall) is in a table at get {126},
event @p_act(@occ74[],(secret_pub__str,file_contents_)) records how variables are instantiated at {74},
the message (secret_pub__str,file_contents_) is received on channel file_ch[] at input {74},
the entry file_type_table(server_t__0,file_type_,secret_pub__str) is in a table at get {125},
the entry access_control_table(server_t__0,file_type_,fopen__0__syscall) is in a table at get {124},
then the message (secret_pub__str,file_contents_) may be sent on channel file_ch[] at output {76}.)

Clause 148: table(access_control_table(server_t__0,file_type_,fopen__0__syscall)) && table(file_type_table(server_t__0,file_type_,secret_pub__str)) && mess(file_ch[],(secret_pub__str,x_1)) && b-event(@p_act(@occ74[],(secret_pub__str,x_1))) && table(access_control_table(server_t__0,file_type__1,fopen__0__syscall)) && table(file_type_table(server_t__0,file_type__1,secret_pub__str)) -> mess(loop_ch_,(false__bool,(),secret_pub__str,Fd__struct(y__1,x_1),x_1))
(If the entry file_type_table(server_t__0,file_type__1,secret_pub__str) is in a table at get {127},
the entry access_control_table(server_t__0,file_type__1,fopen__0__syscall) is in a table at get {126},
event @p_act(@occ74[],(secret_pub__str,x_1)) records how variables are instantiated at {74},
the message (secret_pub__str,x_1) is received on channel file_ch[] at input {74},
the entry file_type_table(server_t__0,file_type_,secret_pub__str) is in a table at get {125},
the entry access_control_table(server_t__0,file_type_,fopen__0__syscall) is in a table at get {124},
then the message (false__bool,(),secret_pub__str,Fd__struct(y__1,x_1),x_1) may be sent on channel loop_ch_ at output {78}.)
Abbreviations:
loop_ch_ = loop_ch__164[file_type__228 = file_type_,file_contents__163 = x_1,file_type__229 = file_type__1]
y__1 = y__27[file_contents__163 = x_1,file_type__229 = file_type__1]

Clause 149: mess(loop_ch_,(false__bool,loop_result_,loop_state_0_,loop_state_1_,loop_state_2_)) && b-event(@p_act(@occ80_1,(false__bool,loop_result_,loop_state_0_,loop_state_1_,loop_state_2_))) && table(access_control_table(server_t__0,file_type_,fopen__0__syscall)) && table(file_type_table(server_t__0,file_type_,secret_pub__str)) && mess(file_ch[],(secret_pub__str,file_contents_)) && b-event(@p_act(@occ74[],(secret_pub__str,file_contents_))) && table(access_control_table(server_t__0,file_type__1,fopen__0__syscall)) && table(file_type_table(server_t__0,file_type__1,secret_pub__str)) -> mess(attack_choice_ch_1,true__bool)
(If the entry file_type_table(server_t__0,file_type__1,secret_pub__str) is in a table at get {127},
the entry access_control_table(server_t__0,file_type__1,fopen__0__syscall) is in a table at get {126},
event @p_act(@occ74[],(secret_pub__str,file_contents_)) records how variables are instantiated at {74},
the message (secret_pub__str,file_contents_) is received on channel file_ch[] at input {74},
the entry file_type_table(server_t__0,file_type_,secret_pub__str) is in a table at get {125},
the entry access_control_table(server_t__0,file_type_,fopen__0__syscall) is in a table at get {124},
event @p_act(@occ80_1,(false__bool,loop_result_,loop_state_0_,loop_state_1_,loop_state_2_)) records how variables are instantiated at {80},
the message (false__bool,loop_result_,loop_state_0_,loop_state_1_,loop_state_2_) is received on channel loop_ch_ at input {80},
then the message true__bool may be sent on channel attack_choice_ch_1 at output {83}.)
Abbreviations:
attack_choice_ch_1 = attack_choice_ch[loop_state_2__176 = loop_state_2_,loop_state_1__175 = loop_state_1_,loop_state_0__174 = loop_state_0_,loop_result__173 = loop_result_,!1 = @sid,file_type__228 = file_type_,file_contents__163 = file_contents_,file_type__229 = file_type__1]
loop_ch_ = loop_ch__164[file_type__228 = file_type_,file_contents__163 = file_contents_,file_type__229 = file_type__1]
@occ80_1 = @occ80[!1 = @sid]

Clause 150: mess(udp__0[],store__chan(case_arg_0_)) && table(access_control_table(server_t__0,ch_type_,recv__0__syscall)) && table(channel_table(ch_type_,udp__0[])) && mess(attack_choice_ch_1,ignored_v_2) && mess(loop_ch_,(false__bool,loop_result_,loop_state_0_,loop_state_1_,loop_state_2_)) && b-event(@p_act(@occ80_1,(false__bool,loop_result_,loop_state_0_,loop_state_1_,loop_state_2_))) && table(access_control_table(server_t__0,file_type_,fopen__0__syscall)) && table(file_type_table(server_t__0,file_type_,secret_pub__str)) && mess(file_ch[],(secret_pub__str,file_contents_)) && b-event(@p_act(@occ74[],(secret_pub__str,file_contents_))) && table(access_control_table(server_t__0,file_type__1,fopen__0__syscall)) && table(file_type_table(server_t__0,file_type__1,secret_pub__str)) -> mess(channel_case_ch_,(false__bool,(),loop_state_0_,loop_state_1_,loop_state_2_,udp__0[]))
(If the entry file_type_table(server_t__0,file_type__1,secret_pub__str) is in a table at get {127},
the entry access_control_table(server_t__0,file_type__1,fopen__0__syscall) is in a table at get {126},
event @p_act(@occ74[],(secret_pub__str,file_contents_)) records how variables are instantiated at {74},
the message (secret_pub__str,file_contents_) is received on channel file_ch[] at input {74},
the entry file_type_table(server_t__0,file_type_,secret_pub__str) is in a table at get {125},
the entry access_control_table(server_t__0,file_type_,fopen__0__syscall) is in a table at get {124},
event @p_act(@occ80_1,(false__bool,loop_result_,loop_state_0_,loop_state_1_,loop_state_2_)) records how variables are instantiated at {80},
the message (false__bool,loop_result_,loop_state_0_,loop_state_1_,loop_state_2_) is received on channel loop_ch_ at input {80},
the message ignored_v_2 is received on channel attack_choice_ch_1 at input {84},
the entry channel_table(ch_type_,udp__0[]) is in a table at get {93},
the entry access_control_table(server_t__0,ch_type_,recv__0__syscall) is in a table at get {92},
the message store__chan(case_arg_0_) is received on channel udp__0[] at input {85},
then the message (false__bool,(),loop_state_0_,loop_state_1_,loop_state_2_,udp__0[]) may be sent on channel channel_case_ch_ at output {87}.)
Abbreviations:
channel_case_ch_ = channel_case_ch__178[case_arg_0__177 = case_arg_0_,ch_type__197 = ch_type_,ignored_v = ignored_v_2,loop_state_2__176 = loop_state_2_,loop_state_1__175 = loop_state_1_,loop_state_0__174 = loop_state_0_,loop_result__173 = loop_result_,!1 = @sid,file_type__228 = file_type_,file_contents__163 = file_contents_,file_type__229 = file_type__1]
attack_choice_ch_1 = attack_choice_ch[loop_state_2__176 = loop_state_2_,loop_state_1__175 = loop_state_1_,loop_state_0__174 = loop_state_0_,loop_result__173 = loop_result_,!1 = @sid,file_type__228 = file_type_,file_contents__163 = file_contents_,file_type__229 = file_type__1]
loop_ch_ = loop_ch__164[file_type__228 = file_type_,file_contents__163 = file_contents_,file_type__229 = file_type__1]
@occ80_1 = @occ80[!1 = @sid]

Clause 151: mess(channel_case_ch_,(false__bool,channel_case_result_,channel_case_state_0_,channel_case_state_1_,channel_case_state_2_,channel_case_state_3_)) && b-event(@p_act(@occ88_1,(false__bool,channel_case_result_,channel_case_state_0_,channel_case_state_1_,channel_case_state_2_,channel_case_state_3_))) && mess(udp__0[],store__chan(case_arg_0_)) && table(access_control_table(server_t__0,ch_type_,recv__0__syscall)) && table(channel_table(ch_type_,udp__0[])) && mess(attack_choice_ch_1,ignored_v_2) && mess(loop_ch_,(false__bool,loop_result_,loop_state_0_,loop_state_1_,loop_state_2_)) && b-event(@p_act(@occ80_1,(false__bool,loop_result_,loop_state_0_,loop_state_1_,loop_state_2_))) && table(access_control_table(server_t__0,file_type_,fopen__0__syscall)) && table(file_type_table(server_t__0,file_type_,secret_pub__str)) && mess(file_ch[],(secret_pub__str,file_contents_)) && b-event(@p_act(@occ74[],(secret_pub__str,file_contents_))) && table(access_control_table(server_t__0,file_type__1,fopen__0__syscall)) && table(file_type_table(server_t__0,file_type__1,secret_pub__str)) -> mess(channel_case_ch_,(true__bool,case_arg_0_,channel_case_state_0_,channel_case_state_1_,channel_case_state_2_,channel_case_state_3_))
(If the entry file_type_table(server_t__0,file_type__1,secret_pub__str) is in a table at get {127},
the entry access_control_table(server_t__0,file_type__1,fopen__0__syscall) is in a table at get {126},
event @p_act(@occ74[],(secret_pub__str,file_contents_)) records how variables are instantiated at {74},
the message (secret_pub__str,file_contents_) is received on channel file_ch[] at input {74},
the entry file_type_table(server_t__0,file_type_,secret_pub__str) is in a table at get {125},
the entry access_control_table(server_t__0,file_type_,fopen__0__syscall) is in a table at get {124},
event @p_act(@occ80_1,(false__bool,loop_result_,loop_state_0_,loop_state_1_,loop_state_2_)) records how variables are instantiated at {80},
the message (false__bool,loop_result_,loop_state_0_,loop_state_1_,loop_state_2_) is received on channel loop_ch_ at input {80},
the message ignored_v_2 is received on channel attack_choice_ch_1 at input {84},
the entry channel_table(ch_type_,udp__0[]) is in a table at get {93},
the entry access_control_table(server_t__0,ch_type_,recv__0__syscall) is in a table at get {92},
the message store__chan(case_arg_0_) is received on channel udp__0[] at input {85},
event @p_act(@occ88_1,(false__bool,channel_case_result_,channel_case_state_0_,channel_case_state_1_,channel_case_state_2_,channel_case_state_3_)) records how variables are instantiated at {88},
the message (false__bool,channel_case_result_,channel_case_state_0_,channel_case_state_1_,channel_case_state_2_,channel_case_state_3_) is received on channel channel_case_ch_ at input {88},
then the message (true__bool,case_arg_0_,channel_case_state_0_,channel_case_state_1_,channel_case_state_2_,channel_case_state_3_) may be sent on channel channel_case_ch_ at output {89}.)
Abbreviations:
channel_case_ch_ = channel_case_ch__178[case_arg_0__177 = case_arg_0_,ch_type__197 = ch_type_,ignored_v = ignored_v_2,loop_state_2__176 = loop_state_2_,loop_state_1__175 = loop_state_1_,loop_state_0__174 = loop_state_0_,loop_result__173 = loop_result_,!1 = @sid,file_type__228 = file_type_,file_contents__163 = file_contents_,file_type__229 = file_type__1]
@occ88_1 = @occ88[!1 = @sid]
attack_choice_ch_1 = attack_choice_ch[loop_state_2__176 = loop_state_2_,loop_state_1__175 = loop_state_1_,loop_state_0__174 = loop_state_0_,loop_result__173 = loop_result_,!1 = @sid,file_type__228 = file_type_,file_contents__163 = file_contents_,file_type__229 = file_type__1]
loop_ch_ = loop_ch__164[file_type__228 = file_type_,file_contents__163 = file_contents_,file_type__229 = file_type__1]
@occ80_1 = @occ80[!1 = @sid]

Clause 152: mess(channel_case_ch_,(true__bool,channel_case_done_result_,channel_case_done_state_0_,channel_case_done_state_1_,channel_case_done_state_2_,channel_case_done_state_3_)) && b-event(@p_act(@occ90_1,(true__bool,channel_case_done_result_,channel_case_done_state_0_,channel_case_done_state_1_,channel_case_done_state_2_,channel_case_done_state_3_))) && mess(udp__0[],store__chan(case_arg_0_)) && table(access_control_table(server_t__0,ch_type_,recv__0__syscall)) && table(channel_table(ch_type_,udp__0[])) && mess(attack_choice_ch_1,ignored_v_2) && mess(loop_ch_,(false__bool,loop_result_,loop_state_0_,loop_state_1_,loop_state_2_)) && b-event(@p_act(@occ80_1,(false__bool,loop_result_,loop_state_0_,loop_state_1_,loop_state_2_))) && table(access_control_table(server_t__0,file_type_,fopen__0__syscall)) && table(file_type_table(server_t__0,file_type_,secret_pub__str)) && mess(file_ch[],(secret_pub__str,file_contents_)) && b-event(@p_act(@occ74[],(secret_pub__str,file_contents_))) && table(access_control_table(server_t__0,file_type__1,fopen__0__syscall)) && table(file_type_table(server_t__0,file_type__1,secret_pub__str)) -> mess(call_join_ch_,(true__bool,channel_case_done_result_,channel_case_done_state_0_,channel_case_done_state_1_,channel_case_done_state_2_))
(If the entry file_type_table(server_t__0,file_type__1,secret_pub__str) is in a table at get {127},
the entry access_control_table(server_t__0,file_type__1,fopen__0__syscall) is in a table at get {126},
event @p_act(@occ74[],(secret_pub__str,file_contents_)) records how variables are instantiated at {74},
the message (secret_pub__str,file_contents_) is received on channel file_ch[] at input {74},
the entry file_type_table(server_t__0,file_type_,secret_pub__str) is in a table at get {125},
the entry access_control_table(server_t__0,file_type_,fopen__0__syscall) is in a table at get {124},
event @p_act(@occ80_1,(false__bool,loop_result_,loop_state_0_,loop_state_1_,loop_state_2_)) records how variables are instantiated at {80},
the message (false__bool,loop_result_,loop_state_0_,loop_state_1_,loop_state_2_) is received on channel loop_ch_ at input {80},
the message ignored_v_2 is received on channel attack_choice_ch_1 at input {84},
the entry channel_table(ch_type_,udp__0[]) is in a table at get {93},
the entry access_control_table(server_t__0,ch_type_,recv__0__syscall) is in a table at get {92},
the message store__chan(case_arg_0_) is received on channel udp__0[] at input {85},
event @p_act(@occ90_1,(true__bool,channel_case_done_result_,channel_case_done_state_0_,channel_case_done_state_1_,channel_case_done_state_2_,channel_case_done_state_3_)) records how variables are instantiated at {90},
the message (true__bool,channel_case_done_result_,channel_case_done_state_0_,channel_case_done_state_1_,channel_case_done_state_2_,channel_case_done_state_3_) is received on channel channel_case_ch_ at input {90},
then the message (true__bool,channel_case_done_result_,channel_case_done_state_0_,channel_case_done_state_1_,channel_case_done_state_2_) may be sent on channel call_join_ch_ at output {91}.)
Abbreviations:
call_join_ch_ = call_join_ch__191[loop_state_2__176 = loop_state_2_,loop_state_1__175 = loop_state_1_,loop_state_0__174 = loop_state_0_,loop_result__173 = loop_result_,!1 = @sid,file_type__228 = file_type_,file_contents__163 = file_contents_,file_type__229 = file_type__1]
channel_case_ch_ = channel_case_ch__178[case_arg_0__177 = case_arg_0_,ch_type__197 = ch_type_,ignored_v = ignored_v_2,loop_state_2__176 = loop_state_2_,loop_state_1__175 = loop_state_1_,loop_state_0__174 = loop_state_0_,loop_result__173 = loop_result_,!1 = @sid,file_type__228 = file_type_,file_contents__163 = file_contents_,file_type__229 = file_type__1]
@occ90_1 = @occ90[!1 = @sid]
attack_choice_ch_1 = attack_choice_ch[loop_state_2__176 = loop_state_2_,loop_state_1__175 = loop_state_1_,loop_state_0__174 = loop_state_0_,loop_result__173 = loop_result_,!1 = @sid,file_type__228 = file_type_,file_contents__163 = file_contents_,file_type__229 = file_type__1]
loop_ch_ = loop_ch__164[file_type__228 = file_type_,file_contents__163 = file_contents_,file_type__229 = file_type__1]
@occ80_1 = @occ80[!1 = @sid]

Clause 153: mess(udp__0[],store__chan(case_arg_0_)) && table(access_control_table(server_t__0,ch_type_,recv__0__syscall)) && table(channel_table(ch_type_,udp__0[])) && mess(attack_choice_ch_1,ignored_v_2) && mess(loop_ch_,(false__bool,loop_result_,loop_state_0_,loop_state_1_,loop_state_2_)) && b-event(@p_act(@occ80_1,(false__bool,loop_result_,loop_state_0_,loop_state_1_,loop_state_2_))) && table(access_control_table(server_t__0,file_type_,fopen__0__syscall)) && table(file_type_table(server_t__0,file_type_,secret_pub__str)) && mess(file_ch[],(secret_pub__str,file_contents_)) && b-event(@p_act(@occ74[],(secret_pub__str,file_contents_))) && table(access_control_table(server_t__0,file_type__1,fopen__0__syscall)) && table(file_type_table(server_t__0,file_type__1,secret_pub__str)) -> mess(channel_case_ch_,(false__bool,(),loop_state_0_,loop_state_1_,loop_state_2_,udp__0[]))
(If the entry file_type_table(server_t__0,file_type__1,secret_pub__str) is in a table at get {127},
the entry access_control_table(server_t__0,file_type__1,fopen__0__syscall) is in a table at get {126},
event @p_act(@occ74[],(secret_pub__str,file_contents_)) records how variables are instantiated at {74},
the message (secret_pub__str,file_contents_) is received on channel file_ch[] at input {74},
the entry file_type_table(server_t__0,file_type_,secret_pub__str) is in a table at get {125},
the entry access_control_table(server_t__0,file_type_,fopen__0__syscall) is in a table at get {124},
event @p_act(@occ80_1,(false__bool,loop_result_,loop_state_0_,loop_state_1_,loop_state_2_)) records how variables are instantiated at {80},
the message (false__bool,loop_result_,loop_state_0_,loop_state_1_,loop_state_2_) is received on channel loop_ch_ at input {80},
the message ignored_v_2 is received on channel attack_choice_ch_1 at input {94},
the entry channel_table(ch_type_,udp__0[]) is in a table at get {104},
the entry access_control_table(server_t__0,ch_type_,recv__0__syscall) is in a table at get {103},
the message store__chan(case_arg_0_) is received on channel udp__0[] at input {95},
then the message (false__bool,(),loop_state_0_,loop_state_1_,loop_state_2_,udp__0[]) may be sent on channel channel_case_ch_ at output {97}.)
Abbreviations:
channel_case_ch_ = channel_case_ch__185[case_arg_0__184 = case_arg_0_,ch_type__204 = ch_type_,ignored_v_1 = ignored_v_2,loop_state_2__176 = loop_state_2_,loop_state_1__175 = loop_state_1_,loop_state_0__174 = loop_state_0_,loop_result__173 = loop_result_,!1 = @sid,file_type__228 = file_type_,file_contents__163 = file_contents_,file_type__229 = file_type__1]
attack_choice_ch_1 = attack_choice_ch[loop_state_2__176 = loop_state_2_,loop_state_1__175 = loop_state_1_,loop_state_0__174 = loop_state_0_,loop_result__173 = loop_result_,!1 = @sid,file_type__228 = file_type_,file_contents__163 = file_contents_,file_type__229 = file_type__1]
loop_ch_ = loop_ch__164[file_type__228 = file_type_,file_contents__163 = file_contents_,file_type__229 = file_type__1]
@occ80_1 = @occ80[!1 = @sid]

Clause 154: attacker(attacker_input_) && mess(channel_case_ch_,(false__bool,channel_case_result_,channel_case_state_0_,channel_case_state_1_,channel_case_state_2_,channel_case_state_3_)) && b-event(@p_act(@occ98_1,(false__bool,channel_case_result_,channel_case_state_0_,channel_case_state_1_,channel_case_state_2_,channel_case_state_3_))) && mess(udp__0[],store__chan(case_arg_0_)) && table(access_control_table(server_t__0,ch_type_,recv__0__syscall)) && table(channel_table(ch_type_,udp__0[])) && mess(attack_choice_ch_1,ignored_v_2) && mess(loop_ch_,(false__bool,loop_result_,loop_state_0_,loop_state_1_,loop_state_2_)) && b-event(@p_act(@occ80_1,(false__bool,loop_result_,loop_state_0_,loop_state_1_,loop_state_2_))) && table(access_control_table(server_t__0,file_type_,fopen__0__syscall)) && table(file_type_table(server_t__0,file_type_,secret_pub__str)) && mess(file_ch[],(secret_pub__str,file_contents_)) && b-event(@p_act(@occ74[],(secret_pub__str,file_contents_))) && table(access_control_table(server_t__0,file_type__1,fopen__0__syscall)) && table(file_type_table(server_t__0,file_type__1,secret_pub__str)) -> mess(channel_case_ch_,(true__bool,attacker_input_,channel_case_state_0_,channel_case_state_1_,channel_case_state_2_,channel_case_state_3_))
(If the entry file_type_table(server_t__0,file_type__1,secret_pub__str) is in a table at get {127},
the entry access_control_table(server_t__0,file_type__1,fopen__0__syscall) is in a table at get {126},
event @p_act(@occ74[],(secret_pub__str,file_contents_)) records how variables are instantiated at {74},
the message (secret_pub__str,file_contents_) is received on channel file_ch[] at input {74},
the entry file_type_table(server_t__0,file_type_,secret_pub__str) is in a table at get {125},
the entry access_control_table(server_t__0,file_type_,fopen__0__syscall) is in a table at get {124},
event @p_act(@occ80_1,(false__bool,loop_result_,loop_state_0_,loop_state_1_,loop_state_2_)) records how variables are instantiated at {80},
the message (false__bool,loop_result_,loop_state_0_,loop_state_1_,loop_state_2_) is received on channel loop_ch_ at input {80},
the message ignored_v_2 is received on channel attack_choice_ch_1 at input {94},
the entry channel_table(ch_type_,udp__0[]) is in a table at get {104},
the entry access_control_table(server_t__0,ch_type_,recv__0__syscall) is in a table at get {103},
the message store__chan(case_arg_0_) is received on channel udp__0[] at input {95},
event @p_act(@occ98_1,(false__bool,channel_case_result_,channel_case_state_0_,channel_case_state_1_,channel_case_state_2_,channel_case_state_3_)) records how variables are instantiated at {98},
the message (false__bool,channel_case_result_,channel_case_state_0_,channel_case_state_1_,channel_case_state_2_,channel_case_state_3_) is received on channel channel_case_ch_ at input {98},
the message attacker_input_ is received from the attacker at input {99},
then the message (true__bool,attacker_input_,channel_case_state_0_,channel_case_state_1_,channel_case_state_2_,channel_case_state_3_) may be sent on channel channel_case_ch_ at output {100}.)
Abbreviations:
channel_case_ch_ = channel_case_ch__185[case_arg_0__184 = case_arg_0_,ch_type__204 = ch_type_,ignored_v_1 = ignored_v_2,loop_state_2__176 = loop_state_2_,loop_state_1__175 = loop_state_1_,loop_state_0__174 = loop_state_0_,loop_result__173 = loop_result_,!1 = @sid,file_type__228 = file_type_,file_contents__163 = file_contents_,file_type__229 = file_type__1]
@occ98_1 = @occ98[!1 = @sid]
attack_choice_ch_1 = attack_choice_ch[loop_state_2__176 = loop_state_2_,loop_state_1__175 = loop_state_1_,loop_state_0__174 = loop_state_0_,loop_result__173 = loop_result_,!1 = @sid,file_type__228 = file_type_,file_contents__163 = file_contents_,file_type__229 = file_type__1]
loop_ch_ = loop_ch__164[file_type__228 = file_type_,file_contents__163 = file_contents_,file_type__229 = file_type__1]
@occ80_1 = @occ80[!1 = @sid]

Clause 155: mess(channel_case_ch_,(true__bool,channel_case_done_result_,channel_case_done_state_0_,channel_case_done_state_1_,channel_case_done_state_2_,channel_case_done_state_3_)) && b-event(@p_act(@occ101_1,(true__bool,channel_case_done_result_,channel_case_done_state_0_,channel_case_done_state_1_,channel_case_done_state_2_,channel_case_done_state_3_))) && mess(udp__0[],store__chan(case_arg_0_)) && table(access_control_table(server_t__0,ch_type_,recv__0__syscall)) && table(channel_table(ch_type_,udp__0[])) && mess(attack_choice_ch_1,ignored_v_2) && mess(loop_ch_,(false__bool,loop_result_,loop_state_0_,loop_state_1_,loop_state_2_)) && b-event(@p_act(@occ80_1,(false__bool,loop_result_,loop_state_0_,loop_state_1_,loop_state_2_))) && table(access_control_table(server_t__0,file_type_,fopen__0__syscall)) && table(file_type_table(server_t__0,file_type_,secret_pub__str)) && mess(file_ch[],(secret_pub__str,file_contents_)) && b-event(@p_act(@occ74[],(secret_pub__str,file_contents_))) && table(access_control_table(server_t__0,file_type__1,fopen__0__syscall)) && table(file_type_table(server_t__0,file_type__1,secret_pub__str)) -> mess(call_join_ch_,(true__bool,channel_case_done_result_,channel_case_done_state_0_,channel_case_done_state_1_,channel_case_done_state_2_))
(If the entry file_type_table(server_t__0,file_type__1,secret_pub__str) is in a table at get {127},
the entry access_control_table(server_t__0,file_type__1,fopen__0__syscall) is in a table at get {126},
event @p_act(@occ74[],(secret_pub__str,file_contents_)) records how variables are instantiated at {74},
the message (secret_pub__str,file_contents_) is received on channel file_ch[] at input {74},
the entry file_type_table(server_t__0,file_type_,secret_pub__str) is in a table at get {125},
the entry access_control_table(server_t__0,file_type_,fopen__0__syscall) is in a table at get {124},
event @p_act(@occ80_1,(false__bool,loop_result_,loop_state_0_,loop_state_1_,loop_state_2_)) records how variables are instantiated at {80},
the message (false__bool,loop_result_,loop_state_0_,loop_state_1_,loop_state_2_) is received on channel loop_ch_ at input {80},
the message ignored_v_2 is received on channel attack_choice_ch_1 at input {94},
the entry channel_table(ch_type_,udp__0[]) is in a table at get {104},
the entry access_control_table(server_t__0,ch_type_,recv__0__syscall) is in a table at get {103},
the message store__chan(case_arg_0_) is received on channel udp__0[] at input {95},
event @p_act(@occ101_1,(true__bool,channel_case_done_result_,channel_case_done_state_0_,channel_case_done_state_1_,channel_case_done_state_2_,channel_case_done_state_3_)) records how variables are instantiated at {101},
the message (true__bool,channel_case_done_result_,channel_case_done_state_0_,channel_case_done_state_1_,channel_case_done_state_2_,channel_case_done_state_3_) is received on channel channel_case_ch_ at input {101},
then the message (true__bool,channel_case_done_result_,channel_case_done_state_0_,channel_case_done_state_1_,channel_case_done_state_2_) may be sent on channel call_join_ch_ at output {102}.)
Abbreviations:
call_join_ch_ = call_join_ch__191[loop_state_2__176 = loop_state_2_,loop_state_1__175 = loop_state_1_,loop_state_0__174 = loop_state_0_,loop_result__173 = loop_result_,!1 = @sid,file_type__228 = file_type_,file_contents__163 = file_contents_,file_type__229 = file_type__1]
channel_case_ch_ = channel_case_ch__185[case_arg_0__184 = case_arg_0_,ch_type__204 = ch_type_,ignored_v_1 = ignored_v_2,loop_state_2__176 = loop_state_2_,loop_state_1__175 = loop_state_1_,loop_state_0__174 = loop_state_0_,loop_result__173 = loop_result_,!1 = @sid,file_type__228 = file_type_,file_contents__163 = file_contents_,file_type__229 = file_type__1]
@occ101_1 = @occ101[!1 = @sid]
attack_choice_ch_1 = attack_choice_ch[loop_state_2__176 = loop_state_2_,loop_state_1__175 = loop_state_1_,loop_state_0__174 = loop_state_0_,loop_result__173 = loop_result_,!1 = @sid,file_type__228 = file_type_,file_contents__163 = file_contents_,file_type__229 = file_type__1]
loop_ch_ = loop_ch__164[file_type__228 = file_type_,file_contents__163 = file_contents_,file_type__229 = file_type__1]
@occ80_1 = @occ80[!1 = @sid]

Clause 156: mess(call_join_ch_,(true__bool,(sign__0(d__7,k__8),d__7),call_state_0_,call_state_1_,pk__0(k__8))) && b-event(@p_act(@occ105_1,(true__bool,(sign__0(d__7,k__8),d__7),call_state_0_,call_state_1_,pk__0(k__8)))) && mess(loop_ch_,(false__bool,loop_result_,loop_state_0_,loop_state_1_,loop_state_2_)) && b-event(@p_act(@occ80_1,(false__bool,loop_result_,loop_state_0_,loop_state_1_,loop_state_2_))) && table(access_control_table(server_t__0,file_type_,fopen__0__syscall)) && table(file_type_table(server_t__0,file_type_,secret_pub__str)) && mess(file_ch[],(secret_pub__str,file_contents_)) && b-event(@p_act(@occ74[],(secret_pub__str,file_contents_))) && table(access_control_table(server_t__0,file_type__1,fopen__0__syscall)) && table(file_type_table(server_t__0,file_type__1,secret_pub__str)) -> mess(case_ch_,(false__bool,(),call_state_0_,call_state_1_,pk__0(k__8),(sign__0(d__7,k__8),d__7),true__0))
(If the entry file_type_table(server_t__0,file_type__1,secret_pub__str) is in a table at get {127},
the entry access_control_table(server_t__0,file_type__1,fopen__0__syscall) is in a table at get {126},
event @p_act(@occ74[],(secret_pub__str,file_contents_)) records how variables are instantiated at {74},
the message (secret_pub__str,file_contents_) is received on channel file_ch[] at input {74},
the entry file_type_table(server_t__0,file_type_,secret_pub__str) is in a table at get {125},
the entry access_control_table(server_t__0,file_type_,fopen__0__syscall) is in a table at get {124},
event @p_act(@occ80_1,(false__bool,loop_result_,loop_state_0_,loop_state_1_,loop_state_2_)) records how variables are instantiated at {80},
the message (false__bool,loop_result_,loop_state_0_,loop_state_1_,loop_state_2_) is received on channel loop_ch_ at input {80},
event @p_act(@occ105_1,(true__bool,(sign__0(d__7,k__8),d__7),call_state_0_,call_state_1_,pk__0(k__8))) records how variables are instantiated at {105},
the message (true__bool,(sign__0(d__7,k__8),d__7),call_state_0_,call_state_1_,pk__0(k__8)) is received on channel call_join_ch_ at input {105},
then the message (false__bool,(),call_state_0_,call_state_1_,pk__0(k__8),(sign__0(d__7,k__8),d__7),true__0) may be sent on channel case_ch_ at output {107}.)
Abbreviations:
case_ch_ = case_ch__209[call_state_2__208 = pk__0(k__8),call_state_1__207 = call_state_1_,call_state_0__206 = call_state_0_,call_result__205 = (sign__0(d__7,k__8),d__7),loop_state_2__176 = loop_state_2_,loop_state_1__175 = loop_state_1_,loop_state_0__174 = loop_state_0_,loop_result__173 = loop_result_,!1 = @sid,file_type__228 = file_type_,file_contents__163 = file_contents_,file_type__229 = file_type__1]
call_join_ch_ = call_join_ch__191[loop_state_2__176 = loop_state_2_,loop_state_1__175 = loop_state_1_,loop_state_0__174 = loop_state_0_,loop_result__173 = loop_result_,!1 = @sid,file_type__228 = file_type_,file_contents__163 = file_contents_,file_type__229 = file_type__1]
@occ105_1 = @occ105[!1 = @sid]
loop_ch_ = loop_ch__164[file_type__228 = file_type_,file_contents__163 = file_contents_,file_type__229 = file_type__1]
@occ80_1 = @occ80[!1 = @sid]

Clause 157: mess(call_join_ch_,(true__bool,(x__3,y__4),call_state_0_,call_state_1_,call_state_2_)) && b-event(@p_act(@occ105_1,(true__bool,(x__3,y__4),call_state_0_,call_state_1_,call_state_2_))) && mess(loop_ch_,(false__bool,loop_result_,loop_state_0_,loop_state_1_,loop_state_2_)) && b-event(@p_act(@occ80_1,(false__bool,loop_result_,loop_state_0_,loop_state_1_,loop_state_2_))) && table(access_control_table(server_t__0,file_type_,fopen__0__syscall)) && table(file_type_table(server_t__0,file_type_,secret_pub__str)) && mess(file_ch[],(secret_pub__str,file_contents_)) && b-event(@p_act(@occ74[],(secret_pub__str,file_contents_))) && table(access_control_table(server_t__0,file_type__1,fopen__0__syscall)) && table(file_type_table(server_t__0,file_type__1,secret_pub__str)) -> mess(case_ch_,(false__bool,(),call_state_0_,call_state_1_,call_state_2_,(x__3,y__4),verify__0(x__3,y__4,call_state_2_)))
(If the entry file_type_table(server_t__0,file_type__1,secret_pub__str) is in a table at get {127},
the entry access_control_table(server_t__0,file_type__1,fopen__0__syscall) is in a table at get {126},
event @p_act(@occ74[],(secret_pub__str,file_contents_)) records how variables are instantiated at {74},
the message (secret_pub__str,file_contents_) is received on channel file_ch[] at input {74},
the entry file_type_table(server_t__0,file_type_,secret_pub__str) is in a table at get {125},
the entry access_control_table(server_t__0,file_type_,fopen__0__syscall) is in a table at get {124},
event @p_act(@occ80_1,(false__bool,loop_result_,loop_state_0_,loop_state_1_,loop_state_2_)) records how variables are instantiated at {80},
the message (false__bool,loop_result_,loop_state_0_,loop_state_1_,loop_state_2_) is received on channel loop_ch_ at input {80},
event @p_act(@occ105_1,(true__bool,(x__3,y__4),call_state_0_,call_state_1_,call_state_2_)) records how variables are instantiated at {105},
the message (true__bool,(x__3,y__4),call_state_0_,call_state_1_,call_state_2_) is received on channel call_join_ch_ at input {105},
then the message (false__bool,(),call_state_0_,call_state_1_,call_state_2_,(x__3,y__4),verify__0(x__3,y__4,call_state_2_)) may be sent on channel case_ch_ at output {107}.)
Abbreviations:
case_ch_ = case_ch__209[call_state_2__208 = call_state_2_,call_state_1__207 = call_state_1_,call_state_0__206 = call_state_0_,call_result__205 = (x__3,y__4),loop_state_2__176 = loop_state_2_,loop_state_1__175 = loop_state_1_,loop_state_0__174 = loop_state_0_,loop_result__173 = loop_result_,!1 = @sid,file_type__228 = file_type_,file_contents__163 = file_contents_,file_type__229 = file_type__1]
call_join_ch_ = call_join_ch__191[loop_state_2__176 = loop_state_2_,loop_state_1__175 = loop_state_1_,loop_state_0__174 = loop_state_0_,loop_result__173 = loop_result_,!1 = @sid,file_type__228 = file_type_,file_contents__163 = file_contents_,file_type__229 = file_type__1]
@occ105_1 = @occ105[!1 = @sid]
loop_ch_ = loop_ch__164[file_type__228 = file_type_,file_contents__163 = file_contents_,file_type__229 = file_type__1]
@occ80_1 = @occ80[!1 = @sid]

Clause 158: mess(call_join_ch_,(true__bool,(x__1,y__2),call_state_0_,call_state_1_,call_state_2_)) && b-event(@p_act(@occ105_1,(true__bool,(x__1,y__2),call_state_0_,call_state_1_,call_state_2_))) && mess(loop_ch_,(false__bool,loop_result_,loop_state_0_,loop_state_1_,loop_state_2_)) && b-event(@p_act(@occ80_1,(false__bool,loop_result_,loop_state_0_,loop_state_1_,loop_state_2_))) && table(access_control_table(server_t__0,file_type_,fopen__0__syscall)) && table(file_type_table(server_t__0,file_type_,secret_pub__str)) && mess(file_ch[],(secret_pub__str,file_contents_)) && b-event(@p_act(@occ74[],(secret_pub__str,file_contents_))) && table(access_control_table(server_t__0,file_type__1,fopen__0__syscall)) && table(file_type_table(server_t__0,file_type__1,secret_pub__str)) -> mess(case_ch_,(false__bool,(),call_state_0_,call_state_1_,call_state_2_,(x__1,y__2),verify__0(x__1,snd__0((x__1,y__2)),call_state_2_)))
(If the entry file_type_table(server_t__0,file_type__1,secret_pub__str) is in a table at get {127},
the entry access_control_table(server_t__0,file_type__1,fopen__0__syscall) is in a table at get {126},
event @p_act(@occ74[],(secret_pub__str,file_contents_)) records how variables are instantiated at {74},
the message (secret_pub__str,file_contents_) is received on channel file_ch[] at input {74},
the entry file_type_table(server_t__0,file_type_,secret_pub__str) is in a table at get {125},
the entry access_control_table(server_t__0,file_type_,fopen__0__syscall) is in a table at get {124},
event @p_act(@occ80_1,(false__bool,loop_result_,loop_state_0_,loop_state_1_,loop_state_2_)) records how variables are instantiated at {80},
the message (false__bool,loop_result_,loop_state_0_,loop_state_1_,loop_state_2_) is received on channel loop_ch_ at input {80},
event @p_act(@occ105_1,(true__bool,(x__1,y__2),call_state_0_,call_state_1_,call_state_2_)) records how variables are instantiated at {105},
the message (true__bool,(x__1,y__2),call_state_0_,call_state_1_,call_state_2_) is received on channel call_join_ch_ at input {105},
then the message (false__bool,(),call_state_0_,call_state_1_,call_state_2_,(x__1,y__2),verify__0(x__1,snd__0((x__1,y__2)),call_state_2_)) may be sent on channel case_ch_ at output {107}.)
Abbreviations:
case_ch_ = case_ch__209[call_state_2__208 = call_state_2_,call_state_1__207 = call_state_1_,call_state_0__206 = call_state_0_,call_result__205 = (x__1,y__2),loop_state_2__176 = loop_state_2_,loop_state_1__175 = loop_state_1_,loop_state_0__174 = loop_state_0_,loop_result__173 = loop_result_,!1 = @sid,file_type__228 = file_type_,file_contents__163 = file_contents_,file_type__229 = file_type__1]
call_join_ch_ = call_join_ch__191[loop_state_2__176 = loop_state_2_,loop_state_1__175 = loop_state_1_,loop_state_0__174 = loop_state_0_,loop_result__173 = loop_result_,!1 = @sid,file_type__228 = file_type_,file_contents__163 = file_contents_,file_type__229 = file_type__1]
@occ105_1 = @occ105[!1 = @sid]
loop_ch_ = loop_ch__164[file_type__228 = file_type_,file_contents__163 = file_contents_,file_type__229 = file_type__1]
@occ80_1 = @occ80[!1 = @sid]

Clause 159: mess(call_join_ch_,(true__bool,(x__3,y__4),call_state_0_,call_state_1_,call_state_2_)) && b-event(@p_act(@occ105_1,(true__bool,(x__3,y__4),call_state_0_,call_state_1_,call_state_2_))) && mess(loop_ch_,(false__bool,loop_result_,loop_state_0_,loop_state_1_,loop_state_2_)) && b-event(@p_act(@occ80_1,(false__bool,loop_result_,loop_state_0_,loop_state_1_,loop_state_2_))) && table(access_control_table(server_t__0,file_type_,fopen__0__syscall)) && table(file_type_table(server_t__0,file_type_,secret_pub__str)) && mess(file_ch[],(secret_pub__str,file_contents_)) && b-event(@p_act(@occ74[],(secret_pub__str,file_contents_))) && table(access_control_table(server_t__0,file_type__1,fopen__0__syscall)) && table(file_type_table(server_t__0,file_type__1,secret_pub__str)) -> mess(case_ch_,(false__bool,(),call_state_0_,call_state_1_,call_state_2_,(x__3,y__4),verify__0(fst__0((x__3,y__4)),y__4,call_state_2_)))
(If the entry file_type_table(server_t__0,file_type__1,secret_pub__str) is in a table at get {127},
the entry access_control_table(server_t__0,file_type__1,fopen__0__syscall) is in a table at get {126},
event @p_act(@occ74[],(secret_pub__str,file_contents_)) records how variables are instantiated at {74},
the message (secret_pub__str,file_contents_) is received on channel file_ch[] at input {74},
the entry file_type_table(server_t__0,file_type_,secret_pub__str) is in a table at get {125},
the entry access_control_table(server_t__0,file_type_,fopen__0__syscall) is in a table at get {124},
event @p_act(@occ80_1,(false__bool,loop_result_,loop_state_0_,loop_state_1_,loop_state_2_)) records how variables are instantiated at {80},
the message (false__bool,loop_result_,loop_state_0_,loop_state_1_,loop_state_2_) is received on channel loop_ch_ at input {80},
event @p_act(@occ105_1,(true__bool,(x__3,y__4),call_state_0_,call_state_1_,call_state_2_)) records how variables are instantiated at {105},
the message (true__bool,(x__3,y__4),call_state_0_,call_state_1_,call_state_2_) is received on channel call_join_ch_ at input {105},
then the message (false__bool,(),call_state_0_,call_state_1_,call_state_2_,(x__3,y__4),verify__0(fst__0((x__3,y__4)),y__4,call_state_2_)) may be sent on channel case_ch_ at output {107}.)
Abbreviations:
case_ch_ = case_ch__209[call_state_2__208 = call_state_2_,call_state_1__207 = call_state_1_,call_state_0__206 = call_state_0_,call_result__205 = (x__3,y__4),loop_state_2__176 = loop_state_2_,loop_state_1__175 = loop_state_1_,loop_state_0__174 = loop_state_0_,loop_result__173 = loop_result_,!1 = @sid,file_type__228 = file_type_,file_contents__163 = file_contents_,file_type__229 = file_type__1]
call_join_ch_ = call_join_ch__191[loop_state_2__176 = loop_state_2_,loop_state_1__175 = loop_state_1_,loop_state_0__174 = loop_state_0_,loop_result__173 = loop_result_,!1 = @sid,file_type__228 = file_type_,file_contents__163 = file_contents_,file_type__229 = file_type__1]
@occ105_1 = @occ105[!1 = @sid]
loop_ch_ = loop_ch__164[file_type__228 = file_type_,file_contents__163 = file_contents_,file_type__229 = file_type__1]
@occ80_1 = @occ80[!1 = @sid]

Clause 160: mess(call_join_ch_,(true__bool,call_result_,call_state_0_,call_state_1_,call_state_2_)) && b-event(@p_act(@occ105_1,(true__bool,call_result_,call_state_0_,call_state_1_,call_state_2_))) && mess(loop_ch_,(false__bool,loop_result_,loop_state_0_,loop_state_1_,loop_state_2_)) && b-event(@p_act(@occ80_1,(false__bool,loop_result_,loop_state_0_,loop_state_1_,loop_state_2_))) && table(access_control_table(server_t__0,file_type_,fopen__0__syscall)) && table(file_type_table(server_t__0,file_type_,secret_pub__str)) && mess(file_ch[],(secret_pub__str,file_contents_)) && b-event(@p_act(@occ74[],(secret_pub__str,file_contents_))) && table(access_control_table(server_t__0,file_type__1,fopen__0__syscall)) && table(file_type_table(server_t__0,file_type__1,secret_pub__str)) -> mess(case_ch_,(false__bool,(),call_state_0_,call_state_1_,call_state_2_,call_result_,verify__0(fst__0(call_result_),snd__0(call_result_),call_state_2_)))
(If the entry file_type_table(server_t__0,file_type__1,secret_pub__str) is in a table at get {127},
the entry access_control_table(server_t__0,file_type__1,fopen__0__syscall) is in a table at get {126},
event @p_act(@occ74[],(secret_pub__str,file_contents_)) records how variables are instantiated at {74},
the message (secret_pub__str,file_contents_) is received on channel file_ch[] at input {74},
the entry file_type_table(server_t__0,file_type_,secret_pub__str) is in a table at get {125},
the entry access_control_table(server_t__0,file_type_,fopen__0__syscall) is in a table at get {124},
event @p_act(@occ80_1,(false__bool,loop_result_,loop_state_0_,loop_state_1_,loop_state_2_)) records how variables are instantiated at {80},
the message (false__bool,loop_result_,loop_state_0_,loop_state_1_,loop_state_2_) is received on channel loop_ch_ at input {80},
event @p_act(@occ105_1,(true__bool,call_result_,call_state_0_,call_state_1_,call_state_2_)) records how variables are instantiated at {105},
the message (true__bool,call_result_,call_state_0_,call_state_1_,call_state_2_) is received on channel call_join_ch_ at input {105},
then the message (false__bool,(),call_state_0_,call_state_1_,call_state_2_,call_result_,verify__0(fst__0(call_result_),snd__0(call_result_),call_state_2_)) may be sent on channel case_ch_ at output {107}.)
Abbreviations:
case_ch_ = case_ch__209[call_state_2__208 = call_state_2_,call_state_1__207 = call_state_1_,call_state_0__206 = call_state_0_,call_result__205 = call_result_,loop_state_2__176 = loop_state_2_,loop_state_1__175 = loop_state_1_,loop_state_0__174 = loop_state_0_,loop_result__173 = loop_result_,!1 = @sid,file_type__228 = file_type_,file_contents__163 = file_contents_,file_type__229 = file_type__1]
call_join_ch_ = call_join_ch__191[loop_state_2__176 = loop_state_2_,loop_state_1__175 = loop_state_1_,loop_state_0__174 = loop_state_0_,loop_result__173 = loop_result_,!1 = @sid,file_type__228 = file_type_,file_contents__163 = file_contents_,file_type__229 = file_type__1]
@occ105_1 = @occ105[!1 = @sid]
loop_ch_ = loop_ch__164[file_type__228 = file_type_,file_contents__163 = file_contents_,file_type__229 = file_type__1]
@occ80_1 = @occ80[!1 = @sid]

Clause 161: case_state_4_ ≠ true__0 && mess(case_ch_,(false__bool,case_result_,case_state_0_,case_state_1_,case_state_2_,case_state_3_,case_state_4_)) && b-event(@p_act(@occ108_1,(false__bool,case_result_,case_state_0_,case_state_1_,case_state_2_,case_state_3_,case_state_4_))) && mess(call_join_ch_,(true__bool,call_result_,call_state_0_,call_state_1_,call_state_2_)) && b-event(@p_act(@occ105_1,(true__bool,call_result_,call_state_0_,call_state_1_,call_state_2_))) && mess(loop_ch_,(false__bool,loop_result_,loop_state_0_,loop_state_1_,loop_state_2_)) && b-event(@p_act(@occ80_1,(false__bool,loop_result_,loop_state_0_,loop_state_1_,loop_state_2_))) && table(access_control_table(server_t__0,file_type_,fopen__0__syscall)) && table(file_type_table(server_t__0,file_type_,secret_pub__str)) && mess(file_ch[],(secret_pub__str,file_contents_)) && b-event(@p_act(@occ74[],(secret_pub__str,file_contents_))) && table(access_control_table(server_t__0,file_type__1,fopen__0__syscall)) && table(file_type_table(server_t__0,file_type__1,secret_pub__str)) -> mess(case_ch_,(false__bool,case_result_,case_state_0_,case_state_1_,case_state_2_,case_state_3_,case_state_4_))
(If the entry file_type_table(server_t__0,file_type__1,secret_pub__str) is in a table at get {127},
the entry access_control_table(server_t__0,file_type__1,fopen__0__syscall) is in a table at get {126},
event @p_act(@occ74[],(secret_pub__str,file_contents_)) records how variables are instantiated at {74},
the message (secret_pub__str,file_contents_) is received on channel file_ch[] at input {74},
the entry file_type_table(server_t__0,file_type_,secret_pub__str) is in a table at get {125},
the entry access_control_table(server_t__0,file_type_,fopen__0__syscall) is in a table at get {124},
event @p_act(@occ80_1,(false__bool,loop_result_,loop_state_0_,loop_state_1_,loop_state_2_)) records how variables are instantiated at {80},
the message (false__bool,loop_result_,loop_state_0_,loop_state_1_,loop_state_2_) is received on channel loop_ch_ at input {80},
event @p_act(@occ105_1,(true__bool,call_result_,call_state_0_,call_state_1_,call_state_2_)) records how variables are instantiated at {105},
the message (true__bool,call_result_,call_state_0_,call_state_1_,call_state_2_) is received on channel call_join_ch_ at input {105},
event @p_act(@occ108_1,(false__bool,case_result_,case_state_0_,case_state_1_,case_state_2_,case_state_3_,case_state_4_)) records how variables are instantiated at {108},
the message (false__bool,case_result_,case_state_0_,case_state_1_,case_state_2_,case_state_3_,case_state_4_) is received on channel case_ch_ at input {108},
case_state_4_ ≠ true__0
then the message (false__bool,case_result_,case_state_0_,case_state_1_,case_state_2_,case_state_3_,case_state_4_) may be sent on channel case_ch_ at output {112}.)
Abbreviations:
case_ch_ = case_ch__209[call_state_2__208 = call_state_2_,call_state_1__207 = call_state_1_,call_state_0__206 = call_state_0_,call_result__205 = call_result_,loop_state_2__176 = loop_state_2_,loop_state_1__175 = loop_state_1_,loop_state_0__174 = loop_state_0_,loop_result__173 = loop_result_,!1 = @sid,file_type__228 = file_type_,file_contents__163 = file_contents_,file_type__229 = file_type__1]
@occ108_1 = @occ108[!1 = @sid]
call_join_ch_ = call_join_ch__191[loop_state_2__176 = loop_state_2_,loop_state_1__175 = loop_state_1_,loop_state_0__174 = loop_state_0_,loop_result__173 = loop_result_,!1 = @sid,file_type__228 = file_type_,file_contents__163 = file_contents_,file_type__229 = file_type__1]
@occ105_1 = @occ105[!1 = @sid]
loop_ch_ = loop_ch__164[file_type__228 = file_type_,file_contents__163 = file_contents_,file_type__229 = file_type__1]
@occ80_1 = @occ80[!1 = @sid]

Clause 162: mess(case_ch_,(false__bool,case_result_,case_state_0_,case_state_1_,case_state_2_,(x__3,y__4),true__0)) && b-event(@p_act(@occ108_1,(false__bool,case_result_,case_state_0_,case_state_1_,case_state_2_,(x__3,y__4),true__0))) && mess(call_join_ch_,(true__bool,call_result_,call_state_0_,call_state_1_,call_state_2_)) && b-event(@p_act(@occ105_1,(true__bool,call_result_,call_state_0_,call_state_1_,call_state_2_))) && mess(loop_ch_,(false__bool,loop_result_,loop_state_0_,loop_state_1_,loop_state_2_)) && b-event(@p_act(@occ80_1,(false__bool,loop_result_,loop_state_0_,loop_state_1_,loop_state_2_))) && table(access_control_table(server_t__0,file_type_,fopen__0__syscall)) && table(file_type_table(server_t__0,file_type_,secret_pub__str)) && mess(file_ch[],(secret_pub__str,file_contents_)) && b-event(@p_act(@occ74[],(secret_pub__str,file_contents_))) && table(access_control_table(server_t__0,file_type__1,fopen__0__syscall)) && table(file_type_table(server_t__0,file_type__1,secret_pub__str)) -> event(ImgRecvValid__event_global(y__4))
(If the entry file_type_table(server_t__0,file_type__1,secret_pub__str) is in a table at get {127},
the entry access_control_table(server_t__0,file_type__1,fopen__0__syscall) is in a table at get {126},
event @p_act(@occ74[],(secret_pub__str,file_contents_)) records how variables are instantiated at {74},
the message (secret_pub__str,file_contents_) is received on channel file_ch[] at input {74},
the entry file_type_table(server_t__0,file_type_,secret_pub__str) is in a table at get {125},
the entry access_control_table(server_t__0,file_type_,fopen__0__syscall) is in a table at get {124},
event @p_act(@occ80_1,(false__bool,loop_result_,loop_state_0_,loop_state_1_,loop_state_2_)) records how variables are instantiated at {80},
the message (false__bool,loop_result_,loop_state_0_,loop_state_1_,loop_state_2_) is received on channel loop_ch_ at input {80},
event @p_act(@occ105_1,(true__bool,call_result_,call_state_0_,call_state_1_,call_state_2_)) records how variables are instantiated at {105},
the message (true__bool,call_result_,call_state_0_,call_state_1_,call_state_2_) is received on channel call_join_ch_ at input {105},
event @p_act(@occ108_1,(false__bool,case_result_,case_state_0_,case_state_1_,case_state_2_,(x__3,y__4),true__0)) records how variables are instantiated at {108},
the message (false__bool,case_result_,case_state_0_,case_state_1_,case_state_2_,(x__3,y__4),true__0) is received on channel case_ch_ at input {108},
then event ImgRecvValid__event_global(y__4) may be executed at {110}.)
Abbreviations:
case_ch_ = case_ch__209[call_state_2__208 = call_state_2_,call_state_1__207 = call_state_1_,call_state_0__206 = call_state_0_,call_result__205 = call_result_,loop_state_2__176 = loop_state_2_,loop_state_1__175 = loop_state_1_,loop_state_0__174 = loop_state_0_,loop_result__173 = loop_result_,!1 = @sid,file_type__228 = file_type_,file_contents__163 = file_contents_,file_type__229 = file_type__1]
@occ108_1 = @occ108[!1 = @sid]
call_join_ch_ = call_join_ch__191[loop_state_2__176 = loop_state_2_,loop_state_1__175 = loop_state_1_,loop_state_0__174 = loop_state_0_,loop_result__173 = loop_result_,!1 = @sid,file_type__228 = file_type_,file_contents__163 = file_contents_,file_type__229 = file_type__1]
@occ105_1 = @occ105[!1 = @sid]
loop_ch_ = loop_ch__164[file_type__228 = file_type_,file_contents__163 = file_contents_,file_type__229 = file_type__1]
@occ80_1 = @occ80[!1 = @sid]

Clause 163: mess(case_ch_,(false__bool,case_result_,case_state_0_,case_state_1_,case_state_2_,(x__3,y__4),true__0)) && b-event(@p_act(@occ108_1,(false__bool,case_result_,case_state_0_,case_state_1_,case_state_2_,(x__3,y__4),true__0))) && mess(call_join_ch_,(true__bool,call_result_,call_state_0_,call_state_1_,call_state_2_)) && b-event(@p_act(@occ105_1,(true__bool,call_result_,call_state_0_,call_state_1_,call_state_2_))) && mess(loop_ch_,(false__bool,loop_result_,loop_state_0_,loop_state_1_,loop_state_2_)) && b-event(@p_act(@occ80_1,(false__bool,loop_result_,loop_state_0_,loop_state_1_,loop_state_2_))) && table(access_control_table(server_t__0,file_type_,fopen__0__syscall)) && table(file_type_table(server_t__0,file_type_,secret_pub__str)) && mess(file_ch[],(secret_pub__str,file_contents_)) && b-event(@p_act(@occ74[],(secret_pub__str,file_contents_))) && table(access_control_table(server_t__0,file_type__1,fopen__0__syscall)) && table(file_type_table(server_t__0,file_type__1,secret_pub__str)) -> mess(case_ch_,(true__bool,(),case_state_0_,case_state_1_,case_state_2_,(x__3,y__4),true__0))
(If the entry file_type_table(server_t__0,file_type__1,secret_pub__str) is in a table at get {127},
the entry access_control_table(server_t__0,file_type__1,fopen__0__syscall) is in a table at get {126},
event @p_act(@occ74[],(secret_pub__str,file_contents_)) records how variables are instantiated at {74},
the message (secret_pub__str,file_contents_) is received on channel file_ch[] at input {74},
the entry file_type_table(server_t__0,file_type_,secret_pub__str) is in a table at get {125},
the entry access_control_table(server_t__0,file_type_,fopen__0__syscall) is in a table at get {124},
event @p_act(@occ80_1,(false__bool,loop_result_,loop_state_0_,loop_state_1_,loop_state_2_)) records how variables are instantiated at {80},
the message (false__bool,loop_result_,loop_state_0_,loop_state_1_,loop_state_2_) is received on channel loop_ch_ at input {80},
event @p_act(@occ105_1,(true__bool,call_result_,call_state_0_,call_state_1_,call_state_2_)) records how variables are instantiated at {105},
the message (true__bool,call_result_,call_state_0_,call_state_1_,call_state_2_) is received on channel call_join_ch_ at input {105},
event @p_act(@occ108_1,(false__bool,case_result_,case_state_0_,case_state_1_,case_state_2_,(x__3,y__4),true__0)) records how variables are instantiated at {108},
the message (false__bool,case_result_,case_state_0_,case_state_1_,case_state_2_,(x__3,y__4),true__0) is received on channel case_ch_ at input {108},
then the message (true__bool,(),case_state_0_,case_state_1_,case_state_2_,(x__3,y__4),true__0) may be sent on channel case_ch_ at output {111}.)
Abbreviations:
case_ch_ = case_ch__209[call_state_2__208 = call_state_2_,call_state_1__207 = call_state_1_,call_state_0__206 = call_state_0_,call_result__205 = call_result_,loop_state_2__176 = loop_state_2_,loop_state_1__175 = loop_state_1_,loop_state_0__174 = loop_state_0_,loop_result__173 = loop_result_,!1 = @sid,file_type__228 = file_type_,file_contents__163 = file_contents_,file_type__229 = file_type__1]
@occ108_1 = @occ108[!1 = @sid]
call_join_ch_ = call_join_ch__191[loop_state_2__176 = loop_state_2_,loop_state_1__175 = loop_state_1_,loop_state_0__174 = loop_state_0_,loop_result__173 = loop_result_,!1 = @sid,file_type__228 = file_type_,file_contents__163 = file_contents_,file_type__229 = file_type__1]
@occ105_1 = @occ105[!1 = @sid]
loop_ch_ = loop_ch__164[file_type__228 = file_type_,file_contents__163 = file_contents_,file_type__229 = file_type__1]
@occ80_1 = @occ80[!1 = @sid]

Clause 164: mess(case_ch_,(false__bool,case_result_,case_state_0_,case_state_1_,case_state_2_,case_state_3_,true__0)) && b-event(@p_act(@occ108_1,(false__bool,case_result_,case_state_0_,case_state_1_,case_state_2_,case_state_3_,true__0))) && mess(call_join_ch_,(true__bool,call_result_,call_state_0_,call_state_1_,call_state_2_)) && b-event(@p_act(@occ105_1,(true__bool,call_result_,call_state_0_,call_state_1_,call_state_2_))) && mess(loop_ch_,(false__bool,loop_result_,loop_state_0_,loop_state_1_,loop_state_2_)) && b-event(@p_act(@occ80_1,(false__bool,loop_result_,loop_state_0_,loop_state_1_,loop_state_2_))) && table(access_control_table(server_t__0,file_type_,fopen__0__syscall)) && table(file_type_table(server_t__0,file_type_,secret_pub__str)) && mess(file_ch[],(secret_pub__str,file_contents_)) && b-event(@p_act(@occ74[],(secret_pub__str,file_contents_))) && table(access_control_table(server_t__0,file_type__1,fopen__0__syscall)) && table(file_type_table(server_t__0,file_type__1,secret_pub__str)) -> event(ImgRecvValid__event_global(snd__0(case_state_3_)))
(If the entry file_type_table(server_t__0,file_type__1,secret_pub__str) is in a table at get {127},
the entry access_control_table(server_t__0,file_type__1,fopen__0__syscall) is in a table at get {126},
event @p_act(@occ74[],(secret_pub__str,file_contents_)) records how variables are instantiated at {74},
the message (secret_pub__str,file_contents_) is received on channel file_ch[] at input {74},
the entry file_type_table(server_t__0,file_type_,secret_pub__str) is in a table at get {125},
the entry access_control_table(server_t__0,file_type_,fopen__0__syscall) is in a table at get {124},
event @p_act(@occ80_1,(false__bool,loop_result_,loop_state_0_,loop_state_1_,loop_state_2_)) records how variables are instantiated at {80},
the message (false__bool,loop_result_,loop_state_0_,loop_state_1_,loop_state_2_) is received on channel loop_ch_ at input {80},
event @p_act(@occ105_1,(true__bool,call_result_,call_state_0_,call_state_1_,call_state_2_)) records how variables are instantiated at {105},
the message (true__bool,call_result_,call_state_0_,call_state_1_,call_state_2_) is received on channel call_join_ch_ at input {105},
event @p_act(@occ108_1,(false__bool,case_result_,case_state_0_,case_state_1_,case_state_2_,case_state_3_,true__0)) records how variables are instantiated at {108},
the message (false__bool,case_result_,case_state_0_,case_state_1_,case_state_2_,case_state_3_,true__0) is received on channel case_ch_ at input {108},
then event ImgRecvValid__event_global(snd__0(case_state_3_)) may be executed at {110}.)
Abbreviations:
case_ch_ = case_ch__209[call_state_2__208 = call_state_2_,call_state_1__207 = call_state_1_,call_state_0__206 = call_state_0_,call_result__205 = call_result_,loop_state_2__176 = loop_state_2_,loop_state_1__175 = loop_state_1_,loop_state_0__174 = loop_state_0_,loop_result__173 = loop_result_,!1 = @sid,file_type__228 = file_type_,file_contents__163 = file_contents_,file_type__229 = file_type__1]
@occ108_1 = @occ108[!1 = @sid]
call_join_ch_ = call_join_ch__191[loop_state_2__176 = loop_state_2_,loop_state_1__175 = loop_state_1_,loop_state_0__174 = loop_state_0_,loop_result__173 = loop_result_,!1 = @sid,file_type__228 = file_type_,file_contents__163 = file_contents_,file_type__229 = file_type__1]
@occ105_1 = @occ105[!1 = @sid]
loop_ch_ = loop_ch__164[file_type__228 = file_type_,file_contents__163 = file_contents_,file_type__229 = file_type__1]
@occ80_1 = @occ80[!1 = @sid]

Clause 165: mess(case_ch_,(false__bool,case_result_,case_state_0_,case_state_1_,case_state_2_,case_state_3_,true__0)) && b-event(@p_act(@occ108_1,(false__bool,case_result_,case_state_0_,case_state_1_,case_state_2_,case_state_3_,true__0))) && mess(call_join_ch_,(true__bool,call_result_,call_state_0_,call_state_1_,call_state_2_)) && b-event(@p_act(@occ105_1,(true__bool,call_result_,call_state_0_,call_state_1_,call_state_2_))) && mess(loop_ch_,(false__bool,loop_result_,loop_state_0_,loop_state_1_,loop_state_2_)) && b-event(@p_act(@occ80_1,(false__bool,loop_result_,loop_state_0_,loop_state_1_,loop_state_2_))) && table(access_control_table(server_t__0,file_type_,fopen__0__syscall)) && table(file_type_table(server_t__0,file_type_,secret_pub__str)) && mess(file_ch[],(secret_pub__str,file_contents_)) && b-event(@p_act(@occ74[],(secret_pub__str,file_contents_))) && table(access_control_table(server_t__0,file_type__1,fopen__0__syscall)) && table(file_type_table(server_t__0,file_type__1,secret_pub__str)) -> mess(case_ch_,(true__bool,(),case_state_0_,case_state_1_,case_state_2_,case_state_3_,true__0))
(If the entry file_type_table(server_t__0,file_type__1,secret_pub__str) is in a table at get {127},
the entry access_control_table(server_t__0,file_type__1,fopen__0__syscall) is in a table at get {126},
event @p_act(@occ74[],(secret_pub__str,file_contents_)) records how variables are instantiated at {74},
the message (secret_pub__str,file_contents_) is received on channel file_ch[] at input {74},
the entry file_type_table(server_t__0,file_type_,secret_pub__str) is in a table at get {125},
the entry access_control_table(server_t__0,file_type_,fopen__0__syscall) is in a table at get {124},
event @p_act(@occ80_1,(false__bool,loop_result_,loop_state_0_,loop_state_1_,loop_state_2_)) records how variables are instantiated at {80},
the message (false__bool,loop_result_,loop_state_0_,loop_state_1_,loop_state_2_) is received on channel loop_ch_ at input {80},
event @p_act(@occ105_1,(true__bool,call_result_,call_state_0_,call_state_1_,call_state_2_)) records how variables are instantiated at {105},
the message (true__bool,call_result_,call_state_0_,call_state_1_,call_state_2_) is received on channel call_join_ch_ at input {105},
event @p_act(@occ108_1,(false__bool,case_result_,case_state_0_,case_state_1_,case_state_2_,case_state_3_,true__0)) records how variables are instantiated at {108},
the message (false__bool,case_result_,case_state_0_,case_state_1_,case_state_2_,case_state_3_,true__0) is received on channel case_ch_ at input {108},
then the message (true__bool,(),case_state_0_,case_state_1_,case_state_2_,case_state_3_,true__0) may be sent on channel case_ch_ at output {111}.)
Abbreviations:
case_ch_ = case_ch__209[call_state_2__208 = call_state_2_,call_state_1__207 = call_state_1_,call_state_0__206 = call_state_0_,call_result__205 = call_result_,loop_state_2__176 = loop_state_2_,loop_state_1__175 = loop_state_1_,loop_state_0__174 = loop_state_0_,loop_result__173 = loop_result_,!1 = @sid,file_type__228 = file_type_,file_contents__163 = file_contents_,file_type__229 = file_type__1]
@occ108_1 = @occ108[!1 = @sid]
call_join_ch_ = call_join_ch__191[loop_state_2__176 = loop_state_2_,loop_state_1__175 = loop_state_1_,loop_state_0__174 = loop_state_0_,loop_result__173 = loop_result_,!1 = @sid,file_type__228 = file_type_,file_contents__163 = file_contents_,file_type__229 = file_type__1]
@occ105_1 = @occ105[!1 = @sid]
loop_ch_ = loop_ch__164[file_type__228 = file_type_,file_contents__163 = file_contents_,file_type__229 = file_type__1]
@occ80_1 = @occ80[!1 = @sid]

Clause 166: case_state_4_ ≠ true__0 && mess(case_ch_,(false__bool,case_result_,case_state_0_,case_state_1_,case_state_2_,(x__3,y__4),case_state_4_)) && b-event(@p_act(@occ113_1,(false__bool,case_result_,case_state_0_,case_state_1_,case_state_2_,(x__3,y__4),case_state_4_))) && mess(call_join_ch_,(true__bool,call_result_,call_state_0_,call_state_1_,call_state_2_)) && b-event(@p_act(@occ105_1,(true__bool,call_result_,call_state_0_,call_state_1_,call_state_2_))) && mess(loop_ch_,(false__bool,loop_result_,loop_state_0_,loop_state_1_,loop_state_2_)) && b-event(@p_act(@occ80_1,(false__bool,loop_result_,loop_state_0_,loop_state_1_,loop_state_2_))) && table(access_control_table(server_t__0,file_type_,fopen__0__syscall)) && table(file_type_table(server_t__0,file_type_,secret_pub__str)) && mess(file_ch[],(secret_pub__str,file_contents_)) && b-event(@p_act(@occ74[],(secret_pub__str,file_contents_))) && table(access_control_table(server_t__0,file_type__1,fopen__0__syscall)) && table(file_type_table(server_t__0,file_type__1,secret_pub__str)) -> mess(case_ch_,(true__bool,(),case_state_0_,case_state_1_,case_state_2_,(x__3,y__4),case_state_4_))
(If the entry file_type_table(server_t__0,file_type__1,secret_pub__str) is in a table at get {127},
the entry access_control_table(server_t__0,file_type__1,fopen__0__syscall) is in a table at get {126},
event @p_act(@occ74[],(secret_pub__str,file_contents_)) records how variables are instantiated at {74},
the message (secret_pub__str,file_contents_) is received on channel file_ch[] at input {74},
the entry file_type_table(server_t__0,file_type_,secret_pub__str) is in a table at get {125},
the entry access_control_table(server_t__0,file_type_,fopen__0__syscall) is in a table at get {124},
event @p_act(@occ80_1,(false__bool,loop_result_,loop_state_0_,loop_state_1_,loop_state_2_)) records how variables are instantiated at {80},
the message (false__bool,loop_result_,loop_state_0_,loop_state_1_,loop_state_2_) is received on channel loop_ch_ at input {80},
event @p_act(@occ105_1,(true__bool,call_result_,call_state_0_,call_state_1_,call_state_2_)) records how variables are instantiated at {105},
the message (true__bool,call_result_,call_state_0_,call_state_1_,call_state_2_) is received on channel call_join_ch_ at input {105},
event @p_act(@occ113_1,(false__bool,case_result_,case_state_0_,case_state_1_,case_state_2_,(x__3,y__4),case_state_4_)) records how variables are instantiated at {113},
the message (false__bool,case_result_,case_state_0_,case_state_1_,case_state_2_,(x__3,y__4),case_state_4_) is received on channel case_ch_ at input {113},
case_state_4_ ≠ true__0
then the message (true__bool,(),case_state_0_,case_state_1_,case_state_2_,(x__3,y__4),case_state_4_) may be sent on channel case_ch_ at output {117}.)
Abbreviations:
case_ch_ = case_ch__209[call_state_2__208 = call_state_2_,call_state_1__207 = call_state_1_,call_state_0__206 = call_state_0_,call_result__205 = call_result_,loop_state_2__176 = loop_state_2_,loop_state_1__175 = loop_state_1_,loop_state_0__174 = loop_state_0_,loop_result__173 = loop_result_,!1 = @sid,file_type__228 = file_type_,file_contents__163 = file_contents_,file_type__229 = file_type__1]
@occ113_1 = @occ113[!1 = @sid]
call_join_ch_ = call_join_ch__191[loop_state_2__176 = loop_state_2_,loop_state_1__175 = loop_state_1_,loop_state_0__174 = loop_state_0_,loop_result__173 = loop_result_,!1 = @sid,file_type__228 = file_type_,file_contents__163 = file_contents_,file_type__229 = file_type__1]
@occ105_1 = @occ105[!1 = @sid]
loop_ch_ = loop_ch__164[file_type__228 = file_type_,file_contents__163 = file_contents_,file_type__229 = file_type__1]
@occ80_1 = @occ80[!1 = @sid]

Clause 167: case_state_4_ ≠ true__0 && mess(case_ch_,(false__bool,case_result_,case_state_0_,case_state_1_,case_state_2_,case_state_3_,case_state_4_)) && b-event(@p_act(@occ113_1,(false__bool,case_result_,case_state_0_,case_state_1_,case_state_2_,case_state_3_,case_state_4_))) && mess(call_join_ch_,(true__bool,call_result_,call_state_0_,call_state_1_,call_state_2_)) && b-event(@p_act(@occ105_1,(true__bool,call_result_,call_state_0_,call_state_1_,call_state_2_))) && mess(loop_ch_,(false__bool,loop_result_,loop_state_0_,loop_state_1_,loop_state_2_)) && b-event(@p_act(@occ80_1,(false__bool,loop_result_,loop_state_0_,loop_state_1_,loop_state_2_))) && table(access_control_table(server_t__0,file_type_,fopen__0__syscall)) && table(file_type_table(server_t__0,file_type_,secret_pub__str)) && mess(file_ch[],(secret_pub__str,file_contents_)) && b-event(@p_act(@occ74[],(secret_pub__str,file_contents_))) && table(access_control_table(server_t__0,file_type__1,fopen__0__syscall)) && table(file_type_table(server_t__0,file_type__1,secret_pub__str)) -> mess(case_ch_,(true__bool,(),case_state_0_,case_state_1_,case_state_2_,case_state_3_,case_state_4_))
(If the entry file_type_table(server_t__0,file_type__1,secret_pub__str) is in a table at get {127},
the entry access_control_table(server_t__0,file_type__1,fopen__0__syscall) is in a table at get {126},
event @p_act(@occ74[],(secret_pub__str,file_contents_)) records how variables are instantiated at {74},
the message (secret_pub__str,file_contents_) is received on channel file_ch[] at input {74},
the entry file_type_table(server_t__0,file_type_,secret_pub__str) is in a table at get {125},
the entry access_control_table(server_t__0,file_type_,fopen__0__syscall) is in a table at get {124},
event @p_act(@occ80_1,(false__bool,loop_result_,loop_state_0_,loop_state_1_,loop_state_2_)) records how variables are instantiated at {80},
the message (false__bool,loop_result_,loop_state_0_,loop_state_1_,loop_state_2_) is received on channel loop_ch_ at input {80},
event @p_act(@occ105_1,(true__bool,call_result_,call_state_0_,call_state_1_,call_state_2_)) records how variables are instantiated at {105},
the message (true__bool,call_result_,call_state_0_,call_state_1_,call_state_2_) is received on channel call_join_ch_ at input {105},
event @p_act(@occ113_1,(false__bool,case_result_,case_state_0_,case_state_1_,case_state_2_,case_state_3_,case_state_4_)) records how variables are instantiated at {113},
the message (false__bool,case_result_,case_state_0_,case_state_1_,case_state_2_,case_state_3_,case_state_4_) is received on channel case_ch_ at input {113},
case_state_4_ ≠ true__0
then the message (true__bool,(),case_state_0_,case_state_1_,case_state_2_,case_state_3_,case_state_4_) may be sent on channel case_ch_ at output {117}.)
Abbreviations:
case_ch_ = case_ch__209[call_state_2__208 = call_state_2_,call_state_1__207 = call_state_1_,call_state_0__206 = call_state_0_,call_result__205 = call_result_,loop_state_2__176 = loop_state_2_,loop_state_1__175 = loop_state_1_,loop_state_0__174 = loop_state_0_,loop_result__173 = loop_result_,!1 = @sid,file_type__228 = file_type_,file_contents__163 = file_contents_,file_type__229 = file_type__1]
@occ113_1 = @occ113[!1 = @sid]
call_join_ch_ = call_join_ch__191[loop_state_2__176 = loop_state_2_,loop_state_1__175 = loop_state_1_,loop_state_0__174 = loop_state_0_,loop_result__173 = loop_result_,!1 = @sid,file_type__228 = file_type_,file_contents__163 = file_contents_,file_type__229 = file_type__1]
@occ105_1 = @occ105[!1 = @sid]
loop_ch_ = loop_ch__164[file_type__228 = file_type_,file_contents__163 = file_contents_,file_type__229 = file_type__1]
@occ80_1 = @occ80[!1 = @sid]

Clause 168: mess(case_ch_,(false__bool,case_result_,case_state_0_,case_state_1_,case_state_2_,case_state_3_,true__0)) && b-event(@p_act(@occ113_1,(false__bool,case_result_,case_state_0_,case_state_1_,case_state_2_,case_state_3_,true__0))) && mess(call_join_ch_,(true__bool,call_result_,call_state_0_,call_state_1_,call_state_2_)) && b-event(@p_act(@occ105_1,(true__bool,call_result_,call_state_0_,call_state_1_,call_state_2_))) && mess(loop_ch_,(false__bool,loop_result_,loop_state_0_,loop_state_1_,loop_state_2_)) && b-event(@p_act(@occ80_1,(false__bool,loop_result_,loop_state_0_,loop_state_1_,loop_state_2_))) && table(access_control_table(server_t__0,file_type_,fopen__0__syscall)) && table(file_type_table(server_t__0,file_type_,secret_pub__str)) && mess(file_ch[],(secret_pub__str,file_contents_)) && b-event(@p_act(@occ74[],(secret_pub__str,file_contents_))) && table(access_control_table(server_t__0,file_type__1,fopen__0__syscall)) && table(file_type_table(server_t__0,file_type__1,secret_pub__str)) -> mess(case_ch_,(false__bool,case_result_,case_state_0_,case_state_1_,case_state_2_,case_state_3_,true__0))
(If the entry file_type_table(server_t__0,file_type__1,secret_pub__str) is in a table at get {127},
the entry access_control_table(server_t__0,file_type__1,fopen__0__syscall) is in a table at get {126},
event @p_act(@occ74[],(secret_pub__str,file_contents_)) records how variables are instantiated at {74},
the message (secret_pub__str,file_contents_) is received on channel file_ch[] at input {74},
the entry file_type_table(server_t__0,file_type_,secret_pub__str) is in a table at get {125},
the entry access_control_table(server_t__0,file_type_,fopen__0__syscall) is in a table at get {124},
event @p_act(@occ80_1,(false__bool,loop_result_,loop_state_0_,loop_state_1_,loop_state_2_)) records how variables are instantiated at {80},
the message (false__bool,loop_result_,loop_state_0_,loop_state_1_,loop_state_2_) is received on channel loop_ch_ at input {80},
event @p_act(@occ105_1,(true__bool,call_result_,call_state_0_,call_state_1_,call_state_2_)) records how variables are instantiated at {105},
the message (true__bool,call_result_,call_state_0_,call_state_1_,call_state_2_) is received on channel call_join_ch_ at input {105},
event @p_act(@occ113_1,(false__bool,case_result_,case_state_0_,case_state_1_,case_state_2_,case_state_3_,true__0)) records how variables are instantiated at {113},
the message (false__bool,case_result_,case_state_0_,case_state_1_,case_state_2_,case_state_3_,true__0) is received on channel case_ch_ at input {113},
then the message (false__bool,case_result_,case_state_0_,case_state_1_,case_state_2_,case_state_3_,true__0) may be sent on channel case_ch_ at output {115}.)
Abbreviations:
case_ch_ = case_ch__209[call_state_2__208 = call_state_2_,call_state_1__207 = call_state_1_,call_state_0__206 = call_state_0_,call_result__205 = call_result_,loop_state_2__176 = loop_state_2_,loop_state_1__175 = loop_state_1_,loop_state_0__174 = loop_state_0_,loop_result__173 = loop_result_,!1 = @sid,file_type__228 = file_type_,file_contents__163 = file_contents_,file_type__229 = file_type__1]
@occ113_1 = @occ113[!1 = @sid]
call_join_ch_ = call_join_ch__191[loop_state_2__176 = loop_state_2_,loop_state_1__175 = loop_state_1_,loop_state_0__174 = loop_state_0_,loop_result__173 = loop_result_,!1 = @sid,file_type__228 = file_type_,file_contents__163 = file_contents_,file_type__229 = file_type__1]
@occ105_1 = @occ105[!1 = @sid]
loop_ch_ = loop_ch__164[file_type__228 = file_type_,file_contents__163 = file_contents_,file_type__229 = file_type__1]
@occ80_1 = @occ80[!1 = @sid]

Clause 169: mess(case_ch_,(true__bool,case_done_result_,case_done_state_0_,case_done_state_1_,case_done_state_2_,case_done_state_3_,case_done_state_4_)) && b-event(@p_act(@occ118_1,(true__bool,case_done_result_,case_done_state_0_,case_done_state_1_,case_done_state_2_,case_done_state_3_,case_done_state_4_))) && mess(call_join_ch_,(true__bool,call_result_,call_state_0_,call_state_1_,call_state_2_)) && b-event(@p_act(@occ105_1,(true__bool,call_result_,call_state_0_,call_state_1_,call_state_2_))) && mess(loop_ch_,(false__bool,loop_result_,loop_state_0_,loop_state_1_,loop_state_2_)) && b-event(@p_act(@occ80_1,(false__bool,loop_result_,loop_state_0_,loop_state_1_,loop_state_2_))) && table(access_control_table(server_t__0,file_type_,fopen__0__syscall)) && table(file_type_table(server_t__0,file_type_,secret_pub__str)) && mess(file_ch[],(secret_pub__str,file_contents_)) && b-event(@p_act(@occ74[],(secret_pub__str,file_contents_))) && table(access_control_table(server_t__0,file_type__1,fopen__0__syscall)) && table(file_type_table(server_t__0,file_type__1,secret_pub__str)) -> mess(loop_ch_,(false__bool,case_done_result_,case_done_state_0_,case_done_state_1_,case_done_state_2_))
(If the entry file_type_table(server_t__0,file_type__1,secret_pub__str) is in a table at get {127},
the entry access_control_table(server_t__0,file_type__1,fopen__0__syscall) is in a table at get {126},
event @p_act(@occ74[],(secret_pub__str,file_contents_)) records how variables are instantiated at {74},
the message (secret_pub__str,file_contents_) is received on channel file_ch[] at input {74},
the entry file_type_table(server_t__0,file_type_,secret_pub__str) is in a table at get {125},
the entry access_control_table(server_t__0,file_type_,fopen__0__syscall) is in a table at get {124},
event @p_act(@occ80_1,(false__bool,loop_result_,loop_state_0_,loop_state_1_,loop_state_2_)) records how variables are instantiated at {80},
the message (false__bool,loop_result_,loop_state_0_,loop_state_1_,loop_state_2_) is received on channel loop_ch_ at input {80},
event @p_act(@occ105_1,(true__bool,call_result_,call_state_0_,call_state_1_,call_state_2_)) records how variables are instantiated at {105},
the message (true__bool,call_result_,call_state_0_,call_state_1_,call_state_2_) is received on channel call_join_ch_ at input {105},
event @p_act(@occ118_1,(true__bool,case_done_result_,case_done_state_0_,case_done_state_1_,case_done_state_2_,case_done_state_3_,case_done_state_4_)) records how variables are instantiated at {118},
the message (true__bool,case_done_result_,case_done_state_0_,case_done_state_1_,case_done_state_2_,case_done_state_3_,case_done_state_4_) is received on channel case_ch_ at input {118},
then the message (false__bool,case_done_result_,case_done_state_0_,case_done_state_1_,case_done_state_2_) may be sent on channel loop_ch_ at output {119}.)
Abbreviations:
loop_ch_ = loop_ch__164[file_type__228 = file_type_,file_contents__163 = file_contents_,file_type__229 = file_type__1]
case_ch_ = case_ch__209[call_state_2__208 = call_state_2_,call_state_1__207 = call_state_1_,call_state_0__206 = call_state_0_,call_result__205 = call_result_,loop_state_2__176 = loop_state_2_,loop_state_1__175 = loop_state_1_,loop_state_0__174 = loop_state_0_,loop_result__173 = loop_result_,!1 = @sid,file_type__228 = file_type_,file_contents__163 = file_contents_,file_type__229 = file_type__1]
@occ118_1 = @occ118[!1 = @sid]
call_join_ch_ = call_join_ch__191[loop_state_2__176 = loop_state_2_,loop_state_1__175 = loop_state_1_,loop_state_0__174 = loop_state_0_,loop_result__173 = loop_result_,!1 = @sid,file_type__228 = file_type_,file_contents__163 = file_contents_,file_type__229 = file_type__1]
@occ105_1 = @occ105[!1 = @sid]
@occ80_1 = @occ80[!1 = @sid]

Clause 170: mess(loop_ch_,(false__bool,loop_result_,loop_state_0_,loop_state_1_,loop_state_2_)) && b-event(@p_act(@occ120_1,(false__bool,loop_result_,loop_state_0_,loop_state_1_,loop_state_2_))) && table(access_control_table(server_t__0,file_type_,fopen__0__syscall)) && table(file_type_table(server_t__0,file_type_,secret_pub__str)) && mess(file_ch[],(secret_pub__str,file_contents_)) && b-event(@p_act(@occ74[],(secret_pub__str,file_contents_))) && table(access_control_table(server_t__0,file_type__1,fopen__0__syscall)) && table(file_type_table(server_t__0,file_type__1,secret_pub__str)) -> mess(loop_ch_,(false__bool,loop_result_,loop_state_0_,loop_state_1_,loop_state_2_))
(If the entry file_type_table(server_t__0,file_type__1,secret_pub__str) is in a table at get {127},
the entry access_control_table(server_t__0,file_type__1,fopen__0__syscall) is in a table at get {126},
event @p_act(@occ74[],(secret_pub__str,file_contents_)) records how variables are instantiated at {74},
the message (secret_pub__str,file_contents_) is received on channel file_ch[] at input {74},
the entry file_type_table(server_t__0,file_type_,secret_pub__str) is in a table at get {125},
the entry access_control_table(server_t__0,file_type_,fopen__0__syscall) is in a table at get {124},
event @p_act(@occ120_1,(false__bool,loop_result_,loop_state_0_,loop_state_1_,loop_state_2_)) records how variables are instantiated at {120},
the message (false__bool,loop_result_,loop_state_0_,loop_state_1_,loop_state_2_) is received on channel loop_ch_ at input {120},
then the message (false__bool,loop_result_,loop_state_0_,loop_state_1_,loop_state_2_) may be sent on channel loop_ch_ at output {121}.)
Abbreviations:
loop_ch_ = loop_ch__164[file_type__228 = file_type_,file_contents__163 = file_contents_,file_type__229 = file_type__1]
@occ120_1 = @occ120[!1 = @sid]

Clause 171: table(channel_table(rpc_t__0,rpc__0[]))
(The entry channel_table(rpc_t__0,rpc__0[]) may be inserted in a table at insert {130}.)

Clause 172: table(file_type_table(client_ta_t__0,readonly_t__0,secret_priv__str))
(The entry file_type_table(client_ta_t__0,readonly_t__0,secret_priv__str) may be inserted in a table at insert {131}.)

Clause 173: mess(file_ch_1[],(secret_priv__str,enc__0(priv_k__0,sym_k__0)))
(The message (secret_priv__str,enc__0(priv_k__0,sym_k__0)) may be sent on channel file_ch_1[] at output {133}.)

Clause 174: mess(rpc__0[],req__chan) && table(access_control_table(client_ta_t__0,ch_type_,accept_rpc__0__syscall)) && table(channel_table(ch_type_,rpc__0[])) -> mess(channel_case_ch_,(false__bool,(),sym_k__0,rpc__0[]))
(If the entry channel_table(ch_type_,rpc__0[]) is in a table at get {187},
the entry access_control_table(client_ta_t__0,ch_type_,accept_rpc__0__syscall) is in a table at get {186},
the message req__chan is received on channel rpc__0[] at input {134},
then the message (false__bool,(),sym_k__0,rpc__0[]) may be sent on channel channel_case_ch_ at output {136}.)
Abbreviations:
channel_case_ch_ = channel_case_ch__122[ch_type__162 = ch_type_]

Clause 175: table(access_control_table(client_ta_t__0,ch_type_,accept_rpc__0__syscall)) && table(channel_table(ch_type_,channel_case_state_1_)) && mess(channel_case_ch_,(false__bool,channel_case_result_,channel_case_state_0_,channel_case_state_1_)) && b-event(@p_act(@occ137[],(false__bool,channel_case_result_,channel_case_state_0_,channel_case_state_1_))) && mess(rpc__0[],req__chan) && table(access_control_table(client_ta_t__0,ch_type__1,accept_rpc__0__syscall)) && table(channel_table(ch_type__1,rpc__0[])) -> mess(channel_case_state_1_,ack__chan)
(If the entry channel_table(ch_type__1,rpc__0[]) is in a table at get {187},
the entry access_control_table(client_ta_t__0,ch_type__1,accept_rpc__0__syscall) is in a table at get {186},
the message req__chan is received on channel rpc__0[] at input {134},
event @p_act(@occ137[],(false__bool,channel_case_result_,channel_case_state_0_,channel_case_state_1_)) records how variables are instantiated at {137},
the message (false__bool,channel_case_result_,channel_case_state_0_,channel_case_state_1_) is received on channel channel_case_ch_ at input {137},
the entry channel_table(ch_type_,channel_case_state_1_) is in a table at get {141},
the entry access_control_table(client_ta_t__0,ch_type_,accept_rpc__0__syscall) is in a table at get {140},
then the message ack__chan may be sent on channel channel_case_state_1_ at output {138}.)
Abbreviations:
channel_case_ch_ = channel_case_ch__122[ch_type__162 = ch_type__1]

Clause 176: table(access_control_table(client_ta_t__0,ch_type_,accept_rpc__0__syscall)) && table(channel_table(ch_type_,channel_case_state_1_)) && mess(channel_case_ch_,(false__bool,channel_case_result_,channel_case_state_0_,channel_case_state_1_)) && b-event(@p_act(@occ137[],(false__bool,channel_case_result_,channel_case_state_0_,channel_case_state_1_))) && mess(rpc__0[],req__chan) && table(access_control_table(client_ta_t__0,ch_type__1,accept_rpc__0__syscall)) && table(channel_table(ch_type__1,rpc__0[])) -> mess(channel_case_ch_,(true__bool,(),channel_case_state_0_,channel_case_state_1_))
(If the entry channel_table(ch_type__1,rpc__0[]) is in a table at get {187},
the entry access_control_table(client_ta_t__0,ch_type__1,accept_rpc__0__syscall) is in a table at get {186},
the message req__chan is received on channel rpc__0[] at input {134},
event @p_act(@occ137[],(false__bool,channel_case_result_,channel_case_state_0_,channel_case_state_1_)) records how variables are instantiated at {137},
the message (false__bool,channel_case_result_,channel_case_state_0_,channel_case_state_1_) is received on channel channel_case_ch_ at input {137},
the entry channel_table(ch_type_,channel_case_state_1_) is in a table at get {141},
the entry access_control_table(client_ta_t__0,ch_type_,accept_rpc__0__syscall) is in a table at get {140},
then the message (true__bool,(),channel_case_state_0_,channel_case_state_1_) may be sent on channel channel_case_ch_ at output {139}.)
Abbreviations:
channel_case_ch_ = channel_case_ch__122[ch_type__162 = ch_type__1]

Clause 177: mess(channel_case_ch_,(true__bool,channel_case_done_result_,channel_case_done_state_0_,channel_case_done_state_1_)) && b-event(@p_act(@occ142[],(true__bool,channel_case_done_result_,channel_case_done_state_0_,channel_case_done_state_1_))) && mess(rpc__0[],req__chan) && table(access_control_table(client_ta_t__0,ch_type_,accept_rpc__0__syscall)) && table(channel_table(ch_type_,rpc__0[])) -> mess(loop_ch_,(false__bool,(),channel_case_done_state_0_))
(If the entry channel_table(ch_type_,rpc__0[]) is in a table at get {187},
the entry access_control_table(client_ta_t__0,ch_type_,accept_rpc__0__syscall) is in a table at get {186},
the message req__chan is received on channel rpc__0[] at input {134},
event @p_act(@occ142[],(true__bool,channel_case_done_result_,channel_case_done_state_0_,channel_case_done_state_1_)) records how variables are instantiated at {142},
the message (true__bool,channel_case_done_result_,channel_case_done_state_0_,channel_case_done_state_1_) is received on channel channel_case_ch_ at input {142},
then the message (false__bool,(),channel_case_done_state_0_) may be sent on channel loop_ch_ at output {144}.)
Abbreviations:
loop_ch_ = loop_ch__126[channel_case_done_state_1__125 = channel_case_done_state_1_,channel_case_done_state_0__124 = channel_case_done_state_0_,channel_case_done_result__123 = channel_case_done_result_,ch_type__162 = ch_type_]
channel_case_ch_ = channel_case_ch__122[ch_type__162 = ch_type_]

Clause 178: mess(rpc__0[],invoke__chan(case_arg_0_,case_arg_1_,case_arg_2_)) && table(access_control_table(client_ta_t__0,ch_type_,none__syscall)) && table(channel_table(ch_type_,rpc__0[])) && mess(loop_ch_,(false__bool,loop_result_,loop_state_0_)) && b-event(@p_act(@occ146_1,(false__bool,loop_result_,loop_state_0_))) && mess(channel_case_ch_,(true__bool,channel_case_done_result_,channel_case_done_state_0_,channel_case_done_state_1_)) && b-event(@p_act(@occ142[],(true__bool,channel_case_done_result_,channel_case_done_state_0_,channel_case_done_state_1_))) && mess(rpc__0[],req__chan) && table(access_control_table(client_ta_t__0,ch_type__1,accept_rpc__0__syscall)) && table(channel_table(ch_type__1,rpc__0[])) -> mess(case_ch_,(false__bool,(),loop_state_0_,case_arg_0_,case_arg_1_,case_arg_2_))
(If the entry channel_table(ch_type__1,rpc__0[]) is in a table at get {187},
the entry access_control_table(client_ta_t__0,ch_type__1,accept_rpc__0__syscall) is in a table at get {186},
the message req__chan is received on channel rpc__0[] at input {134},
event @p_act(@occ142[],(true__bool,channel_case_done_result_,channel_case_done_state_0_,channel_case_done_state_1_)) records how variables are instantiated at {142},
the message (true__bool,channel_case_done_result_,channel_case_done_state_0_,channel_case_done_state_1_) is received on channel channel_case_ch_ at input {142},
event @p_act(@occ146_1,(false__bool,loop_result_,loop_state_0_)) records how variables are instantiated at {146},
the message (false__bool,loop_result_,loop_state_0_) is received on channel loop_ch_ at input {146},
the entry channel_table(ch_type_,rpc__0[]) is in a table at get {176},
the entry access_control_table(client_ta_t__0,ch_type_,none__syscall) is in a table at get {174},
the message invoke__chan(case_arg_0_,case_arg_1_,case_arg_2_) is received on channel rpc__0[] at input {147},
then the message (false__bool,(),loop_state_0_,case_arg_0_,case_arg_1_,case_arg_2_) may be sent on channel case_ch_ at output {149}.)
Abbreviations:
case_ch_ = case_ch__137[case_arg_2__136 = case_arg_2_,case_arg_1__135 = case_arg_1_,case_arg_0__134 = case_arg_0_,ch_type__157 = ch_type_,loop_state_0__133 = loop_state_0_,loop_result__132 = loop_result_,!1 = @sid,channel_case_done_state_1__125 = channel_case_done_state_1_,channel_case_done_state_0__124 = channel_case_done_state_0_,channel_case_done_result__123 = channel_case_done_result_,ch_type__162 = ch_type__1]
loop_ch_ = loop_ch__126[channel_case_done_state_1__125 = channel_case_done_state_1_,channel_case_done_state_0__124 = channel_case_done_state_0_,channel_case_done_result__123 = channel_case_done_result_,ch_type__162 = ch_type__1]
@occ146_1 = @occ146[!1 = @sid]
channel_case_ch_ = channel_case_ch__122[ch_type__162 = ch_type__1]

Clause 179: case_state_1_ ≠ sign_image__str && mess(case_ch_,(false__bool,case_result_,case_state_0_,case_state_1_,case_state_2_,case_state_3_)) && b-event(@p_act(@occ150_1,(false__bool,case_result_,case_state_0_,case_state_1_,case_state_2_,case_state_3_))) && mess(rpc__0[],invoke__chan(case_arg_0_,case_arg_1_,case_arg_2_)) && table(access_control_table(client_ta_t__0,ch_type_,none__syscall)) && table(channel_table(ch_type_,rpc__0[])) && mess(loop_ch_,(false__bool,loop_result_,loop_state_0_)) && b-event(@p_act(@occ146_1,(false__bool,loop_result_,loop_state_0_))) && mess(channel_case_ch_,(true__bool,channel_case_done_result_,channel_case_done_state_0_,channel_case_done_state_1_)) && b-event(@p_act(@occ142[],(true__bool,channel_case_done_result_,channel_case_done_state_0_,channel_case_done_state_1_))) && mess(rpc__0[],req__chan) && table(access_control_table(client_ta_t__0,ch_type__1,accept_rpc__0__syscall)) && table(channel_table(ch_type__1,rpc__0[])) -> mess(case_ch_,(false__bool,case_result_,case_state_0_,case_state_1_,case_state_2_,case_state_3_))
(If the entry channel_table(ch_type__1,rpc__0[]) is in a table at get {187},
the entry access_control_table(client_ta_t__0,ch_type__1,accept_rpc__0__syscall) is in a table at get {186},
the message req__chan is received on channel rpc__0[] at input {134},
event @p_act(@occ142[],(true__bool,channel_case_done_result_,channel_case_done_state_0_,channel_case_done_state_1_)) records how variables are instantiated at {142},
the message (true__bool,channel_case_done_result_,channel_case_done_state_0_,channel_case_done_state_1_) is received on channel channel_case_ch_ at input {142},
event @p_act(@occ146_1,(false__bool,loop_result_,loop_state_0_)) records how variables are instantiated at {146},
the message (false__bool,loop_result_,loop_state_0_) is received on channel loop_ch_ at input {146},
the entry channel_table(ch_type_,rpc__0[]) is in a table at get {176},
the entry access_control_table(client_ta_t__0,ch_type_,none__syscall) is in a table at get {174},
the message invoke__chan(case_arg_0_,case_arg_1_,case_arg_2_) is received on channel rpc__0[] at input {147},
event @p_act(@occ150_1,(false__bool,case_result_,case_state_0_,case_state_1_,case_state_2_,case_state_3_)) records how variables are instantiated at {150},
the message (false__bool,case_result_,case_state_0_,case_state_1_,case_state_2_,case_state_3_) is received on channel case_ch_ at input {150},
case_state_1_ ≠ sign_image__str
then the message (false__bool,case_result_,case_state_0_,case_state_1_,case_state_2_,case_state_3_) may be sent on channel case_ch_ at output {165}.)
Abbreviations:
case_ch_ = case_ch__137[case_arg_2__136 = case_arg_2_,case_arg_1__135 = case_arg_1_,case_arg_0__134 = case_arg_0_,ch_type__157 = ch_type_,loop_state_0__133 = loop_state_0_,loop_result__132 = loop_result_,!1 = @sid,channel_case_done_state_1__125 = channel_case_done_state_1_,channel_case_done_state_0__124 = channel_case_done_state_0_,channel_case_done_result__123 = channel_case_done_result_,ch_type__162 = ch_type__1]
@occ150_1 = @occ150[!1 = @sid]
loop_ch_ = loop_ch__126[channel_case_done_state_1__125 = channel_case_done_state_1_,channel_case_done_state_0__124 = channel_case_done_state_0_,channel_case_done_result__123 = channel_case_done_result_,ch_type__162 = ch_type__1]
@occ146_1 = @occ146[!1 = @sid]
channel_case_ch_ = channel_case_ch__122[ch_type__162 = ch_type__1]

Clause 180: table(access_control_table(client_ta_t__0,file_type_,fopen__0__syscall)) && table(file_type_table(client_ta_t__0,file_type_,case_state_3_)) && mess(file_ch_1[],(case_state_3_,file_contents_)) && b-event(@p_act(@occ152_1,(case_state_3_,file_contents_))) && table(access_control_table(client_ta_t__0,file_type__1,fopen__0__syscall)) && table(file_type_table(client_ta_t__0,file_type__1,case_state_3_)) && mess(case_ch_,(false__bool,case_result_,case_state_0_,sign_image__str,case_state_2_,case_state_3_)) && b-event(@p_act(@occ150_1,(false__bool,case_result_,case_state_0_,sign_image__str,case_state_2_,case_state_3_))) && mess(rpc__0[],invoke__chan(case_arg_0_,case_arg_1_,case_arg_2_)) && table(access_control_table(client_ta_t__0,ch_type_,none__syscall)) && table(channel_table(ch_type_,rpc__0[])) && mess(loop_ch_,(false__bool,loop_result_,loop_state_0_)) && b-event(@p_act(@occ146_1,(false__bool,loop_result_,loop_state_0_))) && mess(channel_case_ch_,(true__bool,channel_case_done_result_,channel_case_done_state_0_,channel_case_done_state_1_)) && b-event(@p_act(@occ142[],(true__bool,channel_case_done_result_,channel_case_done_state_0_,channel_case_done_state_1_))) && mess(rpc__0[],req__chan) && table(access_control_table(client_ta_t__0,ch_type__1,accept_rpc__0__syscall)) && table(channel_table(ch_type__1,rpc__0[])) -> mess(file_ch_1[],(case_state_3_,file_contents_))
(If the entry channel_table(ch_type__1,rpc__0[]) is in a table at get {187},
the entry access_control_table(client_ta_t__0,ch_type__1,accept_rpc__0__syscall) is in a table at get {186},
the message req__chan is received on channel rpc__0[] at input {134},
event @p_act(@occ142[],(true__bool,channel_case_done_result_,channel_case_done_state_0_,channel_case_done_state_1_)) records how variables are instantiated at {142},
the message (true__bool,channel_case_done_result_,channel_case_done_state_0_,channel_case_done_state_1_) is received on channel channel_case_ch_ at input {142},
event @p_act(@occ146_1,(false__bool,loop_result_,loop_state_0_)) records how variables are instantiated at {146},
the message (false__bool,loop_result_,loop_state_0_) is received on channel loop_ch_ at input {146},
the entry channel_table(ch_type_,rpc__0[]) is in a table at get {176},
the entry access_control_table(client_ta_t__0,ch_type_,none__syscall) is in a table at get {174},
the message invoke__chan(case_arg_0_,case_arg_1_,case_arg_2_) is received on channel rpc__0[] at input {147},
event @p_act(@occ150_1,(false__bool,case_result_,case_state_0_,sign_image__str,case_state_2_,case_state_3_)) records how variables are instantiated at {150},
the message (false__bool,case_result_,case_state_0_,sign_image__str,case_state_2_,case_state_3_) is received on channel case_ch_ at input {150},
the entry file_type_table(client_ta_t__0,file_type__1,case_state_3_) is in a table at get {164},
the entry access_control_table(client_ta_t__0,file_type__1,fopen__0__syscall) is in a table at get {163},
event @p_act(@occ152_1,(case_state_3_,file_contents_)) records how variables are instantiated at {152},
the message (case_state_3_,file_contents_) is received on channel file_ch_1[] at input {152},
the entry file_type_table(client_ta_t__0,file_type_,case_state_3_) is in a table at get {162},
the entry access_control_table(client_ta_t__0,file_type_,fopen__0__syscall) is in a table at get {161},
then the message (case_state_3_,file_contents_) may be sent on channel file_ch_1[] at output {154}.)
Abbreviations:
@occ152_1 = @occ152[!1 = @sid]
case_ch_ = case_ch__137[case_arg_2__136 = case_arg_2_,case_arg_1__135 = case_arg_1_,case_arg_0__134 = case_arg_0_,ch_type__157 = ch_type_,loop_state_0__133 = loop_state_0_,loop_result__132 = loop_result_,!1 = @sid,channel_case_done_state_1__125 = channel_case_done_state_1_,channel_case_done_state_0__124 = channel_case_done_state_0_,channel_case_done_result__123 = channel_case_done_result_,ch_type__162 = ch_type__1]
@occ150_1 = @occ150[!1 = @sid]
loop_ch_ = loop_ch__126[channel_case_done_state_1__125 = channel_case_done_state_1_,channel_case_done_state_0__124 = channel_case_done_state_0_,channel_case_done_result__123 = channel_case_done_result_,ch_type__162 = ch_type__1]
@occ146_1 = @occ146[!1 = @sid]
channel_case_ch_ = channel_case_ch__122[ch_type__162 = ch_type__1]

Clause 181: table(access_control_table(client_ta_t__0,file_type_,fopen__0__syscall)) && table(file_type_table(client_ta_t__0,file_type_,case_state_3_)) && mess(file_ch_1[],(case_state_3_,x_1)) && b-event(@p_act(@occ152_1,(case_state_3_,x_1))) && table(access_control_table(client_ta_t__0,file_type__1,fopen__0__syscall)) && table(file_type_table(client_ta_t__0,file_type__1,case_state_3_)) && mess(case_ch_,(false__bool,case_result_,case_state_0_,sign_image__str,case_state_2_,case_state_3_)) && b-event(@p_act(@occ150_1,(false__bool,case_result_,case_state_0_,sign_image__str,case_state_2_,case_state_3_))) && mess(rpc__0[],invoke__chan(case_arg_0_,case_arg_1_,case_arg_2_)) && table(access_control_table(client_ta_t__0,ch_type_,none__syscall)) && table(channel_table(ch_type_,rpc__0[])) && mess(loop_ch_,(false__bool,loop_result_,loop_state_0_)) && b-event(@p_act(@occ146_1,(false__bool,loop_result_,loop_state_0_))) && mess(channel_case_ch_,(true__bool,channel_case_done_result_,channel_case_done_state_0_,channel_case_done_state_1_)) && b-event(@p_act(@occ142[],(true__bool,channel_case_done_result_,channel_case_done_state_0_,channel_case_done_state_1_))) && mess(rpc__0[],req__chan) && table(access_control_table(client_ta_t__0,ch_type__1,accept_rpc__0__syscall)) && table(channel_table(ch_type__1,rpc__0[])) -> table(deleted_address_table(y__1))
(If the entry channel_table(ch_type__1,rpc__0[]) is in a table at get {187},
the entry access_control_table(client_ta_t__0,ch_type__1,accept_rpc__0__syscall) is in a table at get {186},
the message req__chan is received on channel rpc__0[] at input {134},
event @p_act(@occ142[],(true__bool,channel_case_done_result_,channel_case_done_state_0_,channel_case_done_state_1_)) records how variables are instantiated at {142},
the message (true__bool,channel_case_done_result_,channel_case_done_state_0_,channel_case_done_state_1_) is received on channel channel_case_ch_ at input {142},
event @p_act(@occ146_1,(false__bool,loop_result_,loop_state_0_)) records how variables are instantiated at {146},
the message (false__bool,loop_result_,loop_state_0_) is received on channel loop_ch_ at input {146},
the entry channel_table(ch_type_,rpc__0[]) is in a table at get {176},
the entry access_control_table(client_ta_t__0,ch_type_,none__syscall) is in a table at get {174},
the message invoke__chan(case_arg_0_,case_arg_1_,case_arg_2_) is received on channel rpc__0[] at input {147},
event @p_act(@occ150_1,(false__bool,case_result_,case_state_0_,sign_image__str,case_state_2_,case_state_3_)) records how variables are instantiated at {150},
the message (false__bool,case_result_,case_state_0_,sign_image__str,case_state_2_,case_state_3_) is received on channel case_ch_ at input {150},
the entry file_type_table(client_ta_t__0,file_type__1,case_state_3_) is in a table at get {164},
the entry access_control_table(client_ta_t__0,file_type__1,fopen__0__syscall) is in a table at get {163},
event @p_act(@occ152_1,(case_state_3_,x_1)) records how variables are instantiated at {152},
the message (case_state_3_,x_1) is received on channel file_ch_1[] at input {152},
the entry file_type_table(client_ta_t__0,file_type_,case_state_3_) is in a table at get {162},
the entry access_control_table(client_ta_t__0,file_type_,fopen__0__syscall) is in a table at get {161},
then the entry deleted_address_table(y__1) may be inserted in a table at insert {155}.)
Abbreviations:
y__1 = y_[file_contents__148 = x_1,file_type__151 = file_type__1,case_state_3__147 = case_state_3_,case_state_2__146 = case_state_2_,case_state_1__145 = sign_image__str,case_state_0__144 = case_state_0_,case_result__143 = case_result_,case_arg_2__136 = case_arg_2_,case_arg_1__135 = case_arg_1_,case_arg_0__134 = case_arg_0_,ch_type__157 = ch_type_,loop_state_0__133 = loop_state_0_,loop_result__132 = loop_result_,!1 = @sid,channel_case_done_state_1__125 = channel_case_done_state_1_,channel_case_done_state_0__124 = channel_case_done_state_0_,channel_case_done_result__123 = channel_case_done_result_,ch_type__162 = ch_type__1]
@occ152_1 = @occ152[!1 = @sid]
case_ch_ = case_ch__137[case_arg_2__136 = case_arg_2_,case_arg_1__135 = case_arg_1_,case_arg_0__134 = case_arg_0_,ch_type__157 = ch_type_,loop_state_0__133 = loop_state_0_,loop_result__132 = loop_result_,!1 = @sid,channel_case_done_state_1__125 = channel_case_done_state_1_,channel_case_done_state_0__124 = channel_case_done_state_0_,channel_case_done_result__123 = channel_case_done_result_,ch_type__162 = ch_type__1]
@occ150_1 = @occ150[!1 = @sid]
loop_ch_ = loop_ch__126[channel_case_done_state_1__125 = channel_case_done_state_1_,channel_case_done_state_0__124 = channel_case_done_state_0_,channel_case_done_result__123 = channel_case_done_result_,ch_type__162 = ch_type__1]
@occ146_1 = @occ146[!1 = @sid]
channel_case_ch_ = channel_case_ch__122[ch_type__162 = ch_type__1]

Clause 182: table(access_control_table(client_ta_t__0,ch_type_,none__syscall)) && table(channel_table(ch_type_,rpc__0[])) && table(access_control_table(client_ta_t__0,file_type_,fopen__0__syscall)) && table(file_type_table(client_ta_t__0,file_type_,case_state_3_)) && mess(file_ch_1[],(case_state_3_,enc__0(x__5,y__6))) && b-event(@p_act(@occ152_1,(case_state_3_,enc__0(x__5,y__6)))) && table(access_control_table(client_ta_t__0,file_type__1,fopen__0__syscall)) && table(file_type_table(client_ta_t__0,file_type__1,case_state_3_)) && mess(case_ch_,(false__bool,case_result_,y__6,sign_image__str,case_state_2_,case_state_3_)) && b-event(@p_act(@occ150_1,(false__bool,case_result_,y__6,sign_image__str,case_state_2_,case_state_3_))) && mess(rpc__0[],invoke__chan(case_arg_0_,case_arg_1_,case_arg_2_)) && table(access_control_table(client_ta_t__0,ch_type__1,none__syscall)) && table(channel_table(ch_type__1,rpc__0[])) && mess(loop_ch_,(false__bool,loop_result_,loop_state_0_)) && b-event(@p_act(@occ146_1,(false__bool,loop_result_,loop_state_0_))) && mess(channel_case_ch_,(true__bool,channel_case_done_result_,channel_case_done_state_0_,channel_case_done_state_1_)) && b-event(@p_act(@occ142[],(true__bool,channel_case_done_result_,channel_case_done_state_0_,channel_case_done_state_1_))) && mess(rpc__0[],req__chan) && table(access_control_table(client_ta_t__0,ch_type__2,accept_rpc__0__syscall)) && table(channel_table(ch_type__2,rpc__0[])) -> mess(rpc__0[],Returned__chan(sign__0(case_state_2_,x__5)))
(If the entry channel_table(ch_type__2,rpc__0[]) is in a table at get {187},
the entry access_control_table(client_ta_t__0,ch_type__2,accept_rpc__0__syscall) is in a table at get {186},
the message req__chan is received on channel rpc__0[] at input {134},
event @p_act(@occ142[],(true__bool,channel_case_done_result_,channel_case_done_state_0_,channel_case_done_state_1_)) records how variables are instantiated at {142},
the message (true__bool,channel_case_done_result_,channel_case_done_state_0_,channel_case_done_state_1_) is received on channel channel_case_ch_ at input {142},
event @p_act(@occ146_1,(false__bool,loop_result_,loop_state_0_)) records how variables are instantiated at {146},
the message (false__bool,loop_result_,loop_state_0_) is received on channel loop_ch_ at input {146},
the entry channel_table(ch_type__1,rpc__0[]) is in a table at get {176},
the entry access_control_table(client_ta_t__0,ch_type__1,none__syscall) is in a table at get {174},
the message invoke__chan(case_arg_0_,case_arg_1_,case_arg_2_) is received on channel rpc__0[] at input {147},
event @p_act(@occ150_1,(false__bool,case_result_,y__6,sign_image__str,case_state_2_,case_state_3_)) records how variables are instantiated at {150},
the message (false__bool,case_result_,y__6,sign_image__str,case_state_2_,case_state_3_) is received on channel case_ch_ at input {150},
the entry file_type_table(client_ta_t__0,file_type__1,case_state_3_) is in a table at get {164},
the entry access_control_table(client_ta_t__0,file_type__1,fopen__0__syscall) is in a table at get {163},
event @p_act(@occ152_1,(case_state_3_,enc__0(x__5,y__6))) records how variables are instantiated at {152},
the message (case_state_3_,enc__0(x__5,y__6)) is received on channel file_ch_1[] at input {152},
the entry file_type_table(client_ta_t__0,file_type_,case_state_3_) is in a table at get {162},
the entry access_control_table(client_ta_t__0,file_type_,fopen__0__syscall) is in a table at get {161},
the entry channel_table(ch_type_,rpc__0[]) is in a table at get {159},
the entry access_control_table(client_ta_t__0,ch_type_,none__syscall) is in a table at get {158},
then the message Returned__chan(sign__0(case_state_2_,x__5)) may be sent on channel rpc__0[] at output {156}.)
Abbreviations:
@occ152_1 = @occ152[!1 = @sid]
case_ch_ = case_ch__137[case_arg_2__136 = case_arg_2_,case_arg_1__135 = case_arg_1_,case_arg_0__134 = case_arg_0_,ch_type__157 = ch_type__1,loop_state_0__133 = loop_state_0_,loop_result__132 = loop_result_,!1 = @sid,channel_case_done_state_1__125 = channel_case_done_state_1_,channel_case_done_state_0__124 = channel_case_done_state_0_,channel_case_done_result__123 = channel_case_done_result_,ch_type__162 = ch_type__2]
@occ150_1 = @occ150[!1 = @sid]
loop_ch_ = loop_ch__126[channel_case_done_state_1__125 = channel_case_done_state_1_,channel_case_done_state_0__124 = channel_case_done_state_0_,channel_case_done_result__123 = channel_case_done_result_,ch_type__162 = ch_type__2]
@occ146_1 = @occ146[!1 = @sid]
channel_case_ch_ = channel_case_ch__122[ch_type__162 = ch_type__2]

Clause 183: table(access_control_table(client_ta_t__0,ch_type_,none__syscall)) && table(channel_table(ch_type_,rpc__0[])) && table(access_control_table(client_ta_t__0,file_type_,fopen__0__syscall)) && table(file_type_table(client_ta_t__0,file_type_,case_state_3_)) && mess(file_ch_1[],(case_state_3_,x_1)) && b-event(@p_act(@occ152_1,(case_state_3_,x_1))) && table(access_control_table(client_ta_t__0,file_type__1,fopen__0__syscall)) && table(file_type_table(client_ta_t__0,file_type__1,case_state_3_)) && mess(case_ch_,(false__bool,case_result_,case_state_0_,sign_image__str,case_state_2_,case_state_3_)) && b-event(@p_act(@occ150_1,(false__bool,case_result_,case_state_0_,sign_image__str,case_state_2_,case_state_3_))) && mess(rpc__0[],invoke__chan(case_arg_0_,case_arg_1_,case_arg_2_)) && table(access_control_table(client_ta_t__0,ch_type__1,none__syscall)) && table(channel_table(ch_type__1,rpc__0[])) && mess(loop_ch_,(false__bool,loop_result_,loop_state_0_)) && b-event(@p_act(@occ146_1,(false__bool,loop_result_,loop_state_0_))) && mess(channel_case_ch_,(true__bool,channel_case_done_result_,channel_case_done_state_0_,channel_case_done_state_1_)) && b-event(@p_act(@occ142[],(true__bool,channel_case_done_result_,channel_case_done_state_0_,channel_case_done_state_1_))) && mess(rpc__0[],req__chan) && table(access_control_table(client_ta_t__0,ch_type__2,accept_rpc__0__syscall)) && table(channel_table(ch_type__2,rpc__0[])) -> mess(rpc__0[],Returned__chan(sign__0(case_state_2_,dec__0(x_1,case_state_0_))))
(If the entry channel_table(ch_type__2,rpc__0[]) is in a table at get {187},
the entry access_control_table(client_ta_t__0,ch_type__2,accept_rpc__0__syscall) is in a table at get {186},
the message req__chan is received on channel rpc__0[] at input {134},
event @p_act(@occ142[],(true__bool,channel_case_done_result_,channel_case_done_state_0_,channel_case_done_state_1_)) records how variables are instantiated at {142},
the message (true__bool,channel_case_done_result_,channel_case_done_state_0_,channel_case_done_state_1_) is received on channel channel_case_ch_ at input {142},
event @p_act(@occ146_1,(false__bool,loop_result_,loop_state_0_)) records how variables are instantiated at {146},
the message (false__bool,loop_result_,loop_state_0_) is received on channel loop_ch_ at input {146},
the entry channel_table(ch_type__1,rpc__0[]) is in a table at get {176},
the entry access_control_table(client_ta_t__0,ch_type__1,none__syscall) is in a table at get {174},
the message invoke__chan(case_arg_0_,case_arg_1_,case_arg_2_) is received on channel rpc__0[] at input {147},
event @p_act(@occ150_1,(false__bool,case_result_,case_state_0_,sign_image__str,case_state_2_,case_state_3_)) records how variables are instantiated at {150},
the message (false__bool,case_result_,case_state_0_,sign_image__str,case_state_2_,case_state_3_) is received on channel case_ch_ at input {150},
the entry file_type_table(client_ta_t__0,file_type__1,case_state_3_) is in a table at get {164},
the entry access_control_table(client_ta_t__0,file_type__1,fopen__0__syscall) is in a table at get {163},
event @p_act(@occ152_1,(case_state_3_,x_1)) records how variables are instantiated at {152},
the message (case_state_3_,x_1) is received on channel file_ch_1[] at input {152},
the entry file_type_table(client_ta_t__0,file_type_,case_state_3_) is in a table at get {162},
the entry access_control_table(client_ta_t__0,file_type_,fopen__0__syscall) is in a table at get {161},
the entry channel_table(ch_type_,rpc__0[]) is in a table at get {159},
the entry access_control_table(client_ta_t__0,ch_type_,none__syscall) is in a table at get {158},
then the message Returned__chan(sign__0(case_state_2_,dec__0(x_1,case_state_0_))) may be sent on channel rpc__0[] at output {156}.)
Abbreviations:
@occ152_1 = @occ152[!1 = @sid]
case_ch_ = case_ch__137[case_arg_2__136 = case_arg_2_,case_arg_1__135 = case_arg_1_,case_arg_0__134 = case_arg_0_,ch_type__157 = ch_type__1,loop_state_0__133 = loop_state_0_,loop_result__132 = loop_result_,!1 = @sid,channel_case_done_state_1__125 = channel_case_done_state_1_,channel_case_done_state_0__124 = channel_case_done_state_0_,channel_case_done_result__123 = channel_case_done_result_,ch_type__162 = ch_type__2]
@occ150_1 = @occ150[!1 = @sid]
loop_ch_ = loop_ch__126[channel_case_done_state_1__125 = channel_case_done_state_1_,channel_case_done_state_0__124 = channel_case_done_state_0_,channel_case_done_result__123 = channel_case_done_result_,ch_type__162 = ch_type__2]
@occ146_1 = @occ146[!1 = @sid]
channel_case_ch_ = channel_case_ch__122[ch_type__162 = ch_type__2]

Clause 184: table(access_control_table(client_ta_t__0,ch_type_,none__syscall)) && table(channel_table(ch_type_,rpc__0[])) && table(access_control_table(client_ta_t__0,file_type_,fopen__0__syscall)) && table(file_type_table(client_ta_t__0,file_type_,case_state_3_)) && mess(file_ch_1[],(case_state_3_,x_1)) && b-event(@p_act(@occ152_1,(case_state_3_,x_1))) && table(access_control_table(client_ta_t__0,file_type__1,fopen__0__syscall)) && table(file_type_table(client_ta_t__0,file_type__1,case_state_3_)) && mess(case_ch_,(false__bool,case_result_,case_state_0_,sign_image__str,case_state_2_,case_state_3_)) && b-event(@p_act(@occ150_1,(false__bool,case_result_,case_state_0_,sign_image__str,case_state_2_,case_state_3_))) && mess(rpc__0[],invoke__chan(case_arg_0_,case_arg_1_,case_arg_2_)) && table(access_control_table(client_ta_t__0,ch_type__1,none__syscall)) && table(channel_table(ch_type__1,rpc__0[])) && mess(loop_ch_,(false__bool,loop_result_,loop_state_0_)) && b-event(@p_act(@occ146_1,(false__bool,loop_result_,loop_state_0_))) && mess(channel_case_ch_,(true__bool,channel_case_done_result_,channel_case_done_state_0_,channel_case_done_state_1_)) && b-event(@p_act(@occ142[],(true__bool,channel_case_done_result_,channel_case_done_state_0_,channel_case_done_state_1_))) && mess(rpc__0[],req__chan) && table(access_control_table(client_ta_t__0,ch_type__2,accept_rpc__0__syscall)) && table(channel_table(ch_type__2,rpc__0[])) -> mess(case_ch_,(true__bool,(),case_state_0_,sign_image__str,case_state_2_,case_state_3_))
(If the entry channel_table(ch_type__2,rpc__0[]) is in a table at get {187},
the entry access_control_table(client_ta_t__0,ch_type__2,accept_rpc__0__syscall) is in a table at get {186},
the message req__chan is received on channel rpc__0[] at input {134},
event @p_act(@occ142[],(true__bool,channel_case_done_result_,channel_case_done_state_0_,channel_case_done_state_1_)) records how variables are instantiated at {142},
the message (true__bool,channel_case_done_result_,channel_case_done_state_0_,channel_case_done_state_1_) is received on channel channel_case_ch_ at input {142},
event @p_act(@occ146_1,(false__bool,loop_result_,loop_state_0_)) records how variables are instantiated at {146},
the message (false__bool,loop_result_,loop_state_0_) is received on channel loop_ch_ at input {146},
the entry channel_table(ch_type__1,rpc__0[]) is in a table at get {176},
the entry access_control_table(client_ta_t__0,ch_type__1,none__syscall) is in a table at get {174},
the message invoke__chan(case_arg_0_,case_arg_1_,case_arg_2_) is received on channel rpc__0[] at input {147},
event @p_act(@occ150_1,(false__bool,case_result_,case_state_0_,sign_image__str,case_state_2_,case_state_3_)) records how variables are instantiated at {150},
the message (false__bool,case_result_,case_state_0_,sign_image__str,case_state_2_,case_state_3_) is received on channel case_ch_ at input {150},
the entry file_type_table(client_ta_t__0,file_type__1,case_state_3_) is in a table at get {164},
the entry access_control_table(client_ta_t__0,file_type__1,fopen__0__syscall) is in a table at get {163},
event @p_act(@occ152_1,(case_state_3_,x_1)) records how variables are instantiated at {152},
the message (case_state_3_,x_1) is received on channel file_ch_1[] at input {152},
the entry file_type_table(client_ta_t__0,file_type_,case_state_3_) is in a table at get {162},
the entry access_control_table(client_ta_t__0,file_type_,fopen__0__syscall) is in a table at get {161},
the entry channel_table(ch_type_,rpc__0[]) is in a table at get {159},
the entry access_control_table(client_ta_t__0,ch_type_,none__syscall) is in a table at get {158},
then the message (true__bool,(),case_state_0_,sign_image__str,case_state_2_,case_state_3_) may be sent on channel case_ch_ at output {157}.)
Abbreviations:
case_ch_ = case_ch__137[case_arg_2__136 = case_arg_2_,case_arg_1__135 = case_arg_1_,case_arg_0__134 = case_arg_0_,ch_type__157 = ch_type__1,loop_state_0__133 = loop_state_0_,loop_result__132 = loop_result_,!1 = @sid,channel_case_done_state_1__125 = channel_case_done_state_1_,channel_case_done_state_0__124 = channel_case_done_state_0_,channel_case_done_result__123 = channel_case_done_result_,ch_type__162 = ch_type__2]
@occ152_1 = @occ152[!1 = @sid]
@occ150_1 = @occ150[!1 = @sid]
loop_ch_ = loop_ch__126[channel_case_done_state_1__125 = channel_case_done_state_1_,channel_case_done_state_0__124 = channel_case_done_state_0_,channel_case_done_result__123 = channel_case_done_result_,ch_type__162 = ch_type__2]
@occ146_1 = @occ146[!1 = @sid]
channel_case_ch_ = channel_case_ch__122[ch_type__162 = ch_type__2]

Clause 185: case_state_1_ ≠ sign_image__str && mess(case_ch_,(false__bool,case_result_,case_state_0_,case_state_1_,case_state_2_,case_state_3_)) && b-event(@p_act(@occ166_1,(false__bool,case_result_,case_state_0_,case_state_1_,case_state_2_,case_state_3_))) && mess(rpc__0[],invoke__chan(case_arg_0_,case_arg_1_,case_arg_2_)) && table(access_control_table(client_ta_t__0,ch_type_,none__syscall)) && table(channel_table(ch_type_,rpc__0[])) && mess(loop_ch_,(false__bool,loop_result_,loop_state_0_)) && b-event(@p_act(@occ146_1,(false__bool,loop_result_,loop_state_0_))) && mess(channel_case_ch_,(true__bool,channel_case_done_result_,channel_case_done_state_0_,channel_case_done_state_1_)) && b-event(@p_act(@occ142[],(true__bool,channel_case_done_result_,channel_case_done_state_0_,channel_case_done_state_1_))) && mess(rpc__0[],req__chan) && table(access_control_table(client_ta_t__0,ch_type__1,accept_rpc__0__syscall)) && table(channel_table(ch_type__1,rpc__0[])) -> mess(case_ch_,(true__bool,(),case_state_0_,case_state_1_,case_state_2_,case_state_3_))
(If the entry channel_table(ch_type__1,rpc__0[]) is in a table at get {187},
the entry access_control_table(client_ta_t__0,ch_type__1,accept_rpc__0__syscall) is in a table at get {186},
the message req__chan is received on channel rpc__0[] at input {134},
event @p_act(@occ142[],(true__bool,channel_case_done_result_,channel_case_done_state_0_,channel_case_done_state_1_)) records how variables are instantiated at {142},
the message (true__bool,channel_case_done_result_,channel_case_done_state_0_,channel_case_done_state_1_) is received on channel channel_case_ch_ at input {142},
event @p_act(@occ146_1,(false__bool,loop_result_,loop_state_0_)) records how variables are instantiated at {146},
the message (false__bool,loop_result_,loop_state_0_) is received on channel loop_ch_ at input {146},
the entry channel_table(ch_type_,rpc__0[]) is in a table at get {176},
the entry access_control_table(client_ta_t__0,ch_type_,none__syscall) is in a table at get {174},
the message invoke__chan(case_arg_0_,case_arg_1_,case_arg_2_) is received on channel rpc__0[] at input {147},
event @p_act(@occ166_1,(false__bool,case_result_,case_state_0_,case_state_1_,case_state_2_,case_state_3_)) records how variables are instantiated at {166},
the message (false__bool,case_result_,case_state_0_,case_state_1_,case_state_2_,case_state_3_) is received on channel case_ch_ at input {166},
case_state_1_ ≠ sign_image__str
then the message (true__bool,(),case_state_0_,case_state_1_,case_state_2_,case_state_3_) may be sent on channel case_ch_ at output {170}.)
Abbreviations:
case_ch_ = case_ch__137[case_arg_2__136 = case_arg_2_,case_arg_1__135 = case_arg_1_,case_arg_0__134 = case_arg_0_,ch_type__157 = ch_type_,loop_state_0__133 = loop_state_0_,loop_result__132 = loop_result_,!1 = @sid,channel_case_done_state_1__125 = channel_case_done_state_1_,channel_case_done_state_0__124 = channel_case_done_state_0_,channel_case_done_result__123 = channel_case_done_result_,ch_type__162 = ch_type__1]
@occ166_1 = @occ166[!1 = @sid]
loop_ch_ = loop_ch__126[channel_case_done_state_1__125 = channel_case_done_state_1_,channel_case_done_state_0__124 = channel_case_done_state_0_,channel_case_done_result__123 = channel_case_done_result_,ch_type__162 = ch_type__1]
@occ146_1 = @occ146[!1 = @sid]
channel_case_ch_ = channel_case_ch__122[ch_type__162 = ch_type__1]

Clause 186: mess(case_ch_,(false__bool,case_result_,case_state_0_,sign_image__str,case_state_2_,case_state_3_)) && b-event(@p_act(@occ166_1,(false__bool,case_result_,case_state_0_,sign_image__str,case_state_2_,case_state_3_))) && mess(rpc__0[],invoke__chan(case_arg_0_,case_arg_1_,case_arg_2_)) && table(access_control_table(client_ta_t__0,ch_type_,none__syscall)) && table(channel_table(ch_type_,rpc__0[])) && mess(loop_ch_,(false__bool,loop_result_,loop_state_0_)) && b-event(@p_act(@occ146_1,(false__bool,loop_result_,loop_state_0_))) && mess(channel_case_ch_,(true__bool,channel_case_done_result_,channel_case_done_state_0_,channel_case_done_state_1_)) && b-event(@p_act(@occ142[],(true__bool,channel_case_done_result_,channel_case_done_state_0_,channel_case_done_state_1_))) && mess(rpc__0[],req__chan) && table(access_control_table(client_ta_t__0,ch_type__1,accept_rpc__0__syscall)) && table(channel_table(ch_type__1,rpc__0[])) -> mess(case_ch_,(false__bool,case_result_,case_state_0_,sign_image__str,case_state_2_,case_state_3_))
(If the entry channel_table(ch_type__1,rpc__0[]) is in a table at get {187},
the entry access_control_table(client_ta_t__0,ch_type__1,accept_rpc__0__syscall) is in a table at get {186},
the message req__chan is received on channel rpc__0[] at input {134},
event @p_act(@occ142[],(true__bool,channel_case_done_result_,channel_case_done_state_0_,channel_case_done_state_1_)) records how variables are instantiated at {142},
the message (true__bool,channel_case_done_result_,channel_case_done_state_0_,channel_case_done_state_1_) is received on channel channel_case_ch_ at input {142},
event @p_act(@occ146_1,(false__bool,loop_result_,loop_state_0_)) records how variables are instantiated at {146},
the message (false__bool,loop_result_,loop_state_0_) is received on channel loop_ch_ at input {146},
the entry channel_table(ch_type_,rpc__0[]) is in a table at get {176},
the entry access_control_table(client_ta_t__0,ch_type_,none__syscall) is in a table at get {174},
the message invoke__chan(case_arg_0_,case_arg_1_,case_arg_2_) is received on channel rpc__0[] at input {147},
event @p_act(@occ166_1,(false__bool,case_result_,case_state_0_,sign_image__str,case_state_2_,case_state_3_)) records how variables are instantiated at {166},
the message (false__bool,case_result_,case_state_0_,sign_image__str,case_state_2_,case_state_3_) is received on channel case_ch_ at input {166},
then the message (false__bool,case_result_,case_state_0_,sign_image__str,case_state_2_,case_state_3_) may be sent on channel case_ch_ at output {168}.)
Abbreviations:
case_ch_ = case_ch__137[case_arg_2__136 = case_arg_2_,case_arg_1__135 = case_arg_1_,case_arg_0__134 = case_arg_0_,ch_type__157 = ch_type_,loop_state_0__133 = loop_state_0_,loop_result__132 = loop_result_,!1 = @sid,channel_case_done_state_1__125 = channel_case_done_state_1_,channel_case_done_state_0__124 = channel_case_done_state_0_,channel_case_done_result__123 = channel_case_done_result_,ch_type__162 = ch_type__1]
@occ166_1 = @occ166[!1 = @sid]
loop_ch_ = loop_ch__126[channel_case_done_state_1__125 = channel_case_done_state_1_,channel_case_done_state_0__124 = channel_case_done_state_0_,channel_case_done_result__123 = channel_case_done_result_,ch_type__162 = ch_type__1]
@occ146_1 = @occ146[!1 = @sid]
channel_case_ch_ = channel_case_ch__122[ch_type__162 = ch_type__1]

Clause 187: mess(case_ch_,(true__bool,case_done_result_,case_done_state_0_,case_done_state_1_,case_done_state_2_,case_done_state_3_)) && b-event(@p_act(@occ171_1,(true__bool,case_done_result_,case_done_state_0_,case_done_state_1_,case_done_state_2_,case_done_state_3_))) && mess(rpc__0[],invoke__chan(case_arg_0_,case_arg_1_,case_arg_2_)) && table(access_control_table(client_ta_t__0,ch_type_,none__syscall)) && table(channel_table(ch_type_,rpc__0[])) && mess(loop_ch_,(false__bool,loop_result_,loop_state_0_)) && b-event(@p_act(@occ146_1,(false__bool,loop_result_,loop_state_0_))) && mess(channel_case_ch_,(true__bool,channel_case_done_result_,channel_case_done_state_0_,channel_case_done_state_1_)) && b-event(@p_act(@occ142[],(true__bool,channel_case_done_result_,channel_case_done_state_0_,channel_case_done_state_1_))) && mess(rpc__0[],req__chan) && table(access_control_table(client_ta_t__0,ch_type__1,accept_rpc__0__syscall)) && table(channel_table(ch_type__1,rpc__0[])) -> mess(loop_ch_,(false__bool,case_done_result_,case_done_state_0_))
(If the entry channel_table(ch_type__1,rpc__0[]) is in a table at get {187},
the entry access_control_table(client_ta_t__0,ch_type__1,accept_rpc__0__syscall) is in a table at get {186},
the message req__chan is received on channel rpc__0[] at input {134},
event @p_act(@occ142[],(true__bool,channel_case_done_result_,channel_case_done_state_0_,channel_case_done_state_1_)) records how variables are instantiated at {142},
the message (true__bool,channel_case_done_result_,channel_case_done_state_0_,channel_case_done_state_1_) is received on channel channel_case_ch_ at input {142},
event @p_act(@occ146_1,(false__bool,loop_result_,loop_state_0_)) records how variables are instantiated at {146},
the message (false__bool,loop_result_,loop_state_0_) is received on channel loop_ch_ at input {146},
the entry channel_table(ch_type_,rpc__0[]) is in a table at get {176},
the entry access_control_table(client_ta_t__0,ch_type_,none__syscall) is in a table at get {174},
the message invoke__chan(case_arg_0_,case_arg_1_,case_arg_2_) is received on channel rpc__0[] at input {147},
event @p_act(@occ171_1,(true__bool,case_done_result_,case_done_state_0_,case_done_state_1_,case_done_state_2_,case_done_state_3_)) records how variables are instantiated at {171},
the message (true__bool,case_done_result_,case_done_state_0_,case_done_state_1_,case_done_state_2_,case_done_state_3_) is received on channel case_ch_ at input {171},
then the message (false__bool,case_done_result_,case_done_state_0_) may be sent on channel loop_ch_ at output {172}.)
Abbreviations:
loop_ch_ = loop_ch__126[channel_case_done_state_1__125 = channel_case_done_state_1_,channel_case_done_state_0__124 = channel_case_done_state_0_,channel_case_done_result__123 = channel_case_done_result_,ch_type__162 = ch_type__1]
case_ch_ = case_ch__137[case_arg_2__136 = case_arg_2_,case_arg_1__135 = case_arg_1_,case_arg_0__134 = case_arg_0_,ch_type__157 = ch_type_,loop_state_0__133 = loop_state_0_,loop_result__132 = loop_result_,!1 = @sid,channel_case_done_state_1__125 = channel_case_done_state_1_,channel_case_done_state_0__124 = channel_case_done_state_0_,channel_case_done_result__123 = channel_case_done_result_,ch_type__162 = ch_type__1]
@occ171_1 = @occ171[!1 = @sid]
@occ146_1 = @occ146[!1 = @sid]
channel_case_ch_ = channel_case_ch__122[ch_type__162 = ch_type__1]

Clause 188: table(channel_table(ch_type_,rpc__0[])) && mess(loop_ch_,(false__bool,loop_result_,loop_state_0_)) && b-event(@p_act(@occ146_1,(false__bool,loop_result_,loop_state_0_))) && mess(channel_case_ch_,(true__bool,channel_case_done_result_,channel_case_done_state_0_,channel_case_done_state_1_)) && b-event(@p_act(@occ142[],(true__bool,channel_case_done_result_,channel_case_done_state_0_,channel_case_done_state_1_))) && mess(rpc__0[],req__chan) && table(access_control_table(client_ta_t__0,ch_type__1,accept_rpc__0__syscall)) && table(channel_table(ch_type__1,rpc__0[])) -> mess(loop_ch_,(false__bool,loop_result_,loop_state_0_))
(If the entry channel_table(ch_type__1,rpc__0[]) is in a table at get {187},
the entry access_control_table(client_ta_t__0,ch_type__1,accept_rpc__0__syscall) is in a table at get {186},
the message req__chan is received on channel rpc__0[] at input {134},
event @p_act(@occ142[],(true__bool,channel_case_done_result_,channel_case_done_state_0_,channel_case_done_state_1_)) records how variables are instantiated at {142},
the message (true__bool,channel_case_done_result_,channel_case_done_state_0_,channel_case_done_state_1_) is received on channel channel_case_ch_ at input {142},
event @p_act(@occ146_1,(false__bool,loop_result_,loop_state_0_)) records how variables are instantiated at {146},
the message (false__bool,loop_result_,loop_state_0_) is received on channel loop_ch_ at input {146},
the entry channel_table(ch_type_,rpc__0[]) is in a table at get {176},
then the message (false__bool,loop_result_,loop_state_0_) may be sent on channel loop_ch_ at output {173}.)
Abbreviations:
loop_ch_ = loop_ch__126[channel_case_done_state_1__125 = channel_case_done_state_1_,channel_case_done_state_0__124 = channel_case_done_state_0_,channel_case_done_result__123 = channel_case_done_result_,ch_type__162 = ch_type__1]
@occ146_1 = @occ146[!1 = @sid]
channel_case_ch_ = channel_case_ch__122[ch_type__162 = ch_type__1]

Clause 189: mess(loop_ch_,(false__bool,loop_result_,loop_state_0_)) && b-event(@p_act(@occ146_1,(false__bool,loop_result_,loop_state_0_))) && mess(channel_case_ch_,(true__bool,channel_case_done_result_,channel_case_done_state_0_,channel_case_done_state_1_)) && b-event(@p_act(@occ142[],(true__bool,channel_case_done_result_,channel_case_done_state_0_,channel_case_done_state_1_))) && mess(rpc__0[],req__chan) && table(access_control_table(client_ta_t__0,ch_type_,accept_rpc__0__syscall)) && table(channel_table(ch_type_,rpc__0[])) -> mess(loop_ch_,(false__bool,loop_result_,loop_state_0_))
(If the entry channel_table(ch_type_,rpc__0[]) is in a table at get {187},
the entry access_control_table(client_ta_t__0,ch_type_,accept_rpc__0__syscall) is in a table at get {186},
the message req__chan is received on channel rpc__0[] at input {134},
event @p_act(@occ142[],(true__bool,channel_case_done_result_,channel_case_done_state_0_,channel_case_done_state_1_)) records how variables are instantiated at {142},
the message (true__bool,channel_case_done_result_,channel_case_done_state_0_,channel_case_done_state_1_) is received on channel channel_case_ch_ at input {142},
event @p_act(@occ146_1,(false__bool,loop_result_,loop_state_0_)) records how variables are instantiated at {146},
the message (false__bool,loop_result_,loop_state_0_) is received on channel loop_ch_ at input {146},
then the message (false__bool,loop_result_,loop_state_0_) may be sent on channel loop_ch_ at output {175}.)
Abbreviations:
loop_ch_ = loop_ch__126[channel_case_done_state_1__125 = channel_case_done_state_1_,channel_case_done_state_0__124 = channel_case_done_state_0_,channel_case_done_result__123 = channel_case_done_result_,ch_type__162 = ch_type_]
@occ146_1 = @occ146[!1 = @sid]
channel_case_ch_ = channel_case_ch__122[ch_type__162 = ch_type_]

Clause 190: mess(rpc__0[],exit__chan) && table(access_control_table(client_ta_t__0,ch_type_,none__syscall)) && table(channel_table(ch_type_,rpc__0[])) && mess(loop_ch_,(false__bool,loop_result_,loop_state_0_)) && b-event(@p_act(@occ177_1,(false__bool,loop_result_,loop_state_0_))) && mess(channel_case_ch_,(true__bool,channel_case_done_result_,channel_case_done_state_0_,channel_case_done_state_1_)) && b-event(@p_act(@occ142[],(true__bool,channel_case_done_result_,channel_case_done_state_0_,channel_case_done_state_1_))) && mess(rpc__0[],req__chan) && table(access_control_table(client_ta_t__0,ch_type__1,accept_rpc__0__syscall)) && table(channel_table(ch_type__1,rpc__0[])) -> mess(loop_ch_,(true__bool,(),loop_state_0_))
(If the entry channel_table(ch_type__1,rpc__0[]) is in a table at get {187},
the entry access_control_table(client_ta_t__0,ch_type__1,accept_rpc__0__syscall) is in a table at get {186},
the message req__chan is received on channel rpc__0[] at input {134},
event @p_act(@occ142[],(true__bool,channel_case_done_result_,channel_case_done_state_0_,channel_case_done_state_1_)) records how variables are instantiated at {142},
the message (true__bool,channel_case_done_result_,channel_case_done_state_0_,channel_case_done_state_1_) is received on channel channel_case_ch_ at input {142},
event @p_act(@occ177_1,(false__bool,loop_result_,loop_state_0_)) records how variables are instantiated at {177},
the message (false__bool,loop_result_,loop_state_0_) is received on channel loop_ch_ at input {177},
the entry channel_table(ch_type_,rpc__0[]) is in a table at get {183},
the entry access_control_table(client_ta_t__0,ch_type_,none__syscall) is in a table at get {181},
the message exit__chan is received on channel rpc__0[] at input {178},
then the message (true__bool,(),loop_state_0_) may be sent on channel loop_ch_ at output {179}.)
Abbreviations:
loop_ch_ = loop_ch__126[channel_case_done_state_1__125 = channel_case_done_state_1_,channel_case_done_state_0__124 = channel_case_done_state_0_,channel_case_done_result__123 = channel_case_done_result_,ch_type__162 = ch_type__1]
@occ177_1 = @occ177[!1 = @sid]
channel_case_ch_ = channel_case_ch__122[ch_type__162 = ch_type__1]

Clause 191: table(channel_table(ch_type_,rpc__0[])) && mess(loop_ch_,(false__bool,loop_result_,loop_state_0_)) && b-event(@p_act(@occ177_1,(false__bool,loop_result_,loop_state_0_))) && mess(channel_case_ch_,(true__bool,channel_case_done_result_,channel_case_done_state_0_,channel_case_done_state_1_)) && b-event(@p_act(@occ142[],(true__bool,channel_case_done_result_,channel_case_done_state_0_,channel_case_done_state_1_))) && mess(rpc__0[],req__chan) && table(access_control_table(client_ta_t__0,ch_type__1,accept_rpc__0__syscall)) && table(channel_table(ch_type__1,rpc__0[])) -> mess(loop_ch_,(false__bool,loop_result_,loop_state_0_))
(If the entry channel_table(ch_type__1,rpc__0[]) is in a table at get {187},
the entry access_control_table(client_ta_t__0,ch_type__1,accept_rpc__0__syscall) is in a table at get {186},
the message req__chan is received on channel rpc__0[] at input {134},
event @p_act(@occ142[],(true__bool,channel_case_done_result_,channel_case_done_state_0_,channel_case_done_state_1_)) records how variables are instantiated at {142},
the message (true__bool,channel_case_done_result_,channel_case_done_state_0_,channel_case_done_state_1_) is received on channel channel_case_ch_ at input {142},
event @p_act(@occ177_1,(false__bool,loop_result_,loop_state_0_)) records how variables are instantiated at {177},
the message (false__bool,loop_result_,loop_state_0_) is received on channel loop_ch_ at input {177},
the entry channel_table(ch_type_,rpc__0[]) is in a table at get {183},
then the message (false__bool,loop_result_,loop_state_0_) may be sent on channel loop_ch_ at output {180}.)
Abbreviations:
loop_ch_ = loop_ch__126[channel_case_done_state_1__125 = channel_case_done_state_1_,channel_case_done_state_0__124 = channel_case_done_state_0_,channel_case_done_result__123 = channel_case_done_result_,ch_type__162 = ch_type__1]
@occ177_1 = @occ177[!1 = @sid]
channel_case_ch_ = channel_case_ch__122[ch_type__162 = ch_type__1]

Clause 192: mess(loop_ch_,(false__bool,loop_result_,loop_state_0_)) && b-event(@p_act(@occ177_1,(false__bool,loop_result_,loop_state_0_))) && mess(channel_case_ch_,(true__bool,channel_case_done_result_,channel_case_done_state_0_,channel_case_done_state_1_)) && b-event(@p_act(@occ142[],(true__bool,channel_case_done_result_,channel_case_done_state_0_,channel_case_done_state_1_))) && mess(rpc__0[],req__chan) && table(access_control_table(client_ta_t__0,ch_type_,accept_rpc__0__syscall)) && table(channel_table(ch_type_,rpc__0[])) -> mess(loop_ch_,(false__bool,loop_result_,loop_state_0_))
(If the entry channel_table(ch_type_,rpc__0[]) is in a table at get {187},
the entry access_control_table(client_ta_t__0,ch_type_,accept_rpc__0__syscall) is in a table at get {186},
the message req__chan is received on channel rpc__0[] at input {134},
event @p_act(@occ142[],(true__bool,channel_case_done_result_,channel_case_done_state_0_,channel_case_done_state_1_)) records how variables are instantiated at {142},
the message (true__bool,channel_case_done_result_,channel_case_done_state_0_,channel_case_done_state_1_) is received on channel channel_case_ch_ at input {142},
event @p_act(@occ177_1,(false__bool,loop_result_,loop_state_0_)) records how variables are instantiated at {177},
the message (false__bool,loop_result_,loop_state_0_) is received on channel loop_ch_ at input {177},
then the message (false__bool,loop_result_,loop_state_0_) may be sent on channel loop_ch_ at output {182}.)
Abbreviations:
loop_ch_ = loop_ch__126[channel_case_done_state_1__125 = channel_case_done_state_1_,channel_case_done_state_0__124 = channel_case_done_state_0_,channel_case_done_result__123 = channel_case_done_result_,ch_type__162 = ch_type_]
@occ177_1 = @occ177[!1 = @sid]
channel_case_ch_ = channel_case_ch__122[ch_type__162 = ch_type_]

Clause 193: mess(loop_ch_,(true__bool,loop_done_result_,loop_done_state_0_)) && b-event(@p_act(@occ184[],(true__bool,loop_done_result_,loop_done_state_0_))) && mess(channel_case_ch_,(true__bool,channel_case_done_result_,channel_case_done_state_0_,channel_case_done_state_1_)) && b-event(@p_act(@occ142[],(true__bool,channel_case_done_result_,channel_case_done_state_0_,channel_case_done_state_1_))) && mess(rpc__0[],req__chan) && table(access_control_table(client_ta_t__0,ch_type_,accept_rpc__0__syscall)) && table(channel_table(ch_type_,rpc__0[])) -> event(ClientTAClose__event_global)
(If the entry channel_table(ch_type_,rpc__0[]) is in a table at get {187},
the entry access_control_table(client_ta_t__0,ch_type_,accept_rpc__0__syscall) is in a table at get {186},
the message req__chan is received on channel rpc__0[] at input {134},
event @p_act(@occ142[],(true__bool,channel_case_done_result_,channel_case_done_state_0_,channel_case_done_state_1_)) records how variables are instantiated at {142},
the message (true__bool,channel_case_done_result_,channel_case_done_state_0_,channel_case_done_state_1_) is received on channel channel_case_ch_ at input {142},
event @p_act(@occ184[],(true__bool,loop_done_result_,loop_done_state_0_)) records how variables are instantiated at {184},
the message (true__bool,loop_done_result_,loop_done_state_0_) is received on channel loop_ch_ at input {184},
then event ClientTAClose__event_global may be executed at {185}.)
Abbreviations:
loop_ch_ = loop_ch__126[channel_case_done_state_1__125 = channel_case_done_state_1_,channel_case_done_state_0__124 = channel_case_done_state_0_,channel_case_done_result__123 = channel_case_done_result_,ch_type__162 = ch_type_]
channel_case_ch_ = channel_case_ch__122[ch_type__162 = ch_type_]

Completing...
200 rules inserted. Base: 195 rules (80 with conclusion selected). Queue: 47 rules.
400 rules inserted. Base: 340 rules (83 with conclusion selected). Queue: 60 rules.
600 rules inserted. Base: 489 rules (90 with conclusion selected). Queue: 5 rules.
800 rules inserted. Base: 546 rules (110 with conclusion selected). Queue: 2 rules.
1000 rules inserted. Base: 606 rules (129 with conclusion selected). Queue: 31 rules.
1200 rules inserted. Base: 677 rules (164 with conclusion selected). Queue: 2 rules.
Starting query not (event(ClientClose__event_global) && event(ClientTAClose__event_global) && event(ImgRecvValid__event_global(x__62)))
goal reachable: b-event(@p_act(@occ55_1,(false__bool,(),dev_camera__str,secret_priv__str,sign_image__str,chid__struct(x_,rpc__0[])))) && b-event(@p_act(@occ57[],(true__bool,(),dev_camera__str,secret_priv__str,sign_image__str,chid__struct(x_,rpc__0[])))) && b-event(@p_act(@occ177_1,(false__bool,(),sym_k__0))) && b-event(@p_act(@occ184[],(true__bool,(),sym_k__0))) && b-event(@p_act(@occ108_1,(false__bool,(),secret_pub__str,Fd__struct(y__1,pk__0(priv_k__0)),pk__0(priv_k__0),(sign__0(v_,priv_k__0),v_),true__0))) && b-event(@p_act(@occ88_1,(false__bool,(),secret_pub__str,Fd__struct(y__1,pk__0(priv_k__0)),pk__0(priv_k__0),udp__0[]))) && b-event(@p_act(@occ90_1,(true__bool,(sign__0(v_,priv_k__0),v_),secret_pub__str,Fd__struct(y__1,pk__0(priv_k__0)),pk__0(priv_k__0),udp__0[]))) && b-event(@p_act(@occ41_1,(false__bool,(),dev_camera__str,secret_priv__str,sign_image__str,chid__struct(x_,rpc__0[]),v_,chid__struct(x_,rpc__0[]),sign_image__str,v_,secret_priv__str,rpc__0[]))) && b-event(@p_act(@occ43_1,(true__bool,sign__0(v_,priv_k__0),dev_camera__str,secret_priv__str,sign_image__str,chid__struct(x_,rpc__0[]),v_,chid__struct(x_,rpc__0[]),sign_image__str,v_,secret_priv__str,rpc__0[]))) && b-event(@p_act(@occ152_1,(secret_priv__str,enc__0(priv_k__0,sym_k__0)))) && b-event(@p_act(@occ150_1,(false__bool,(),sym_k__0,sign_image__str,v_,secret_priv__str))) && b-event(@p_act(@occ146_1,(false__bool,(),sym_k__0))) && b-event(@p_act(@occ142[],(true__bool,(),sym_k__0,rpc__0[]))) && b-event(@p_act(@occ34_1,(false__bool,(),dev_camera__str,secret_priv__str,sign_image__str,chid__struct(x_,rpc__0[])))) && b-event(@p_act(@occ24[],(false__bool,(),dev_camera__str,secret_priv__str,sign_image__str,rpc__0[]))) && b-event(@p_act(@occ30[],(true__bool,chid__struct(x_,rpc__0[]),dev_camera__str,secret_priv__str,sign_image__str,rpc__0[]))) && b-event(@p_act(@occ137[],(false__bool,(),sym_k__0,rpc__0[]))) && b-event(@p_act(@occ105_1,(true__bool,(sign__0(v_,priv_k__0),v_),secret_pub__str,Fd__struct(y__1,pk__0(priv_k__0)),pk__0(priv_k__0)))) && b-event(@p_act(@occ80_1,(false__bool,(),secret_pub__str,Fd__struct(y__1,pk__0(priv_k__0)),pk__0(priv_k__0)))) && b-event(@p_act(@occ74[],(secret_pub__str,pk__0(priv_k__0)))) -> event(ClientClose__event_global) && event(ClientTAClose__event_global) && event(ImgRecvValid__event_global(snd__0((sign__0(v_,priv_k__0),v_))))
Abbreviations:
x_ = x__14[channel_case_state_3__118 = rpc__0[],channel_case_state_2__117 = sign_image__str,channel_case_state_1__116 = secret_priv__str,channel_case_state_0__115 = dev_camera__str,channel_case_result__114 = (),ch_type__120 = rpc_t__0,ch_type__121 = rpc_t__0]
v_ = v__24[loop_state_3__85 = chid__struct(x_,rpc__0[]),loop_state_2__84 = sign_image__str,loop_state_1__83 = secret_priv__str,loop_state_0__82 = dev_camera__str,loop_result__81 = (),!1 = @sid,channel_case_done_state_3__69 = rpc__0[],channel_case_done_state_2__68 = sign_image__str,channel_case_done_state_1__67 = secret_priv__str,channel_case_done_state_0__66 = dev_camera__str,channel_case_done_result__65 = chid__struct(x_,rpc__0[]),ch_type__120 = rpc_t__0,ch_type__121 = rpc_t__0]
@occ55_1 = @occ55[!1 = @sid_1]
@occ177_1 = @occ177[!1 = @sid_2]
@occ108_1 = @occ108[!1 = @sid_3]
y__1 = y__27[file_contents__163 = pk__0(priv_k__0),file_type__229 = readonly_t__0]
@occ88_1 = @occ88[!1 = @sid_3]
@occ90_1 = @occ90[!1 = @sid_3]
@occ41_1 = @occ41[!1 = @sid]
@occ43_1 = @occ43[!1 = @sid]
@occ152_1 = @occ152[!1 = @sid_4]
@occ150_1 = @occ150[!1 = @sid_4]
@occ146_1 = @occ146[!1 = @sid_4]
@occ34_1 = @occ34[!1 = @sid]
@occ105_1 = @occ105[!1 = @sid_3]
@occ80_1 = @occ80[!1 = @sid_3]

Derivation:
Abbreviations:
x_ = x__14[channel_case_state_3__118 = rpc__0[],channel_case_state_2__117 = sign_image__str,channel_case_state_1__116 = secret_priv__str,channel_case_state_0__115 = dev_camera__str,channel_case_result__114 = (),ch_type__120 = rpc_t__0,ch_type__121 = rpc_t__0]
v_ = v__24[loop_state_3__85 = chid__struct(x_,rpc__0[]),loop_state_2__84 = sign_image__str,loop_state_1__83 = secret_priv__str,loop_state_0__82 = dev_camera__str,loop_result__81 = (),!1 = @sid,channel_case_done_state_3__69 = rpc__0[],channel_case_done_state_2__68 = sign_image__str,channel_case_done_state_1__67 = secret_priv__str,channel_case_done_state_0__66 = dev_camera__str,channel_case_done_result__65 = chid__struct(x_,rpc__0[]),ch_type__120 = rpc_t__0,ch_type__121 = rpc_t__0]
loop_ch_ = loop_ch__70[channel_case_done_state_3__69 = rpc__0[],channel_case_done_state_2__68 = sign_image__str,channel_case_done_state_1__67 = secret_priv__str,channel_case_done_state_0__66 = dev_camera__str,channel_case_done_result__65 = chid__struct(x_,rpc__0[]),ch_type__120 = rpc_t__0,ch_type__121 = rpc_t__0]
channel_case_ch_ = channel_case_ch__64[ch_type__120 = rpc_t__0,ch_type__121 = rpc_t__0]
loop_ch__1 = loop_ch__126[channel_case_done_state_1__125 = rpc__0[],channel_case_done_state_0__124 = sym_k__0,channel_case_done_result__123 = (),ch_type__162 = rpc_t__0]
@occ55_1 = @occ55[!1 = @sid_1]
@occ177_1 = @occ177[!1 = @sid_2]
channel_case_ch__1 = channel_case_ch__122[ch_type__162 = rpc_t__0]
y__1 = y__27[file_contents__163 = pk__0(priv_k__0),file_type__229 = readonly_t__0]
case_ch_ = case_ch__209[call_state_2__208 = pk__0(priv_k__0),call_state_1__207 = Fd__struct(y__1,pk__0(priv_k__0)),call_state_0__206 = secret_pub__str,call_result__205 = (sign__0(v_,priv_k__0),v_),loop_state_2__176 = pk__0(priv_k__0),loop_state_1__175 = Fd__struct(y__1,pk__0(priv_k__0)),loop_state_0__174 = secret_pub__str,loop_result__173 = (),!1 = @sid_3,file_type__228 = readonly_t__0,file_contents__163 = pk__0(priv_k__0),file_type__229 = readonly_t__0]
call_join_ch_ = call_join_ch__191[loop_state_2__176 = pk__0(priv_k__0),loop_state_1__175 = Fd__struct(y__1,pk__0(priv_k__0)),loop_state_0__174 = secret_pub__str,loop_result__173 = (),!1 = @sid_3,file_type__228 = readonly_t__0,file_contents__163 = pk__0(priv_k__0),file_type__229 = readonly_t__0]
@occ105_1 = @occ105[!1 = @sid_3]
loop_ch__2 = loop_ch__164[file_type__228 = readonly_t__0,file_contents__163 = pk__0(priv_k__0),file_type__229 = readonly_t__0]
@occ80_1 = @occ80[!1 = @sid_3]
@occ108_1 = @occ108[!1 = @sid_3]
channel_case_ch__2 = channel_case_ch__178[case_arg_0__177 = (sign__0(v_,priv_k__0),v_),ch_type__197 = udp_t__0,ignored_v = true__bool,loop_state_2__176 = pk__0(priv_k__0),loop_state_1__175 = Fd__struct(y__1,pk__0(priv_k__0)),loop_state_0__174 = secret_pub__str,loop_result__173 = (),!1 = @sid_3,file_type__228 = readonly_t__0,file_contents__163 = pk__0(priv_k__0),file_type__229 = readonly_t__0]
attack_choice_ch_1 = attack_choice_ch[loop_state_2__176 = pk__0(priv_k__0),loop_state_1__175 = Fd__struct(y__1,pk__0(priv_k__0)),loop_state_0__174 = secret_pub__str,loop_result__173 = (),!1 = @sid_3,file_type__228 = readonly_t__0,file_contents__163 = pk__0(priv_k__0),file_type__229 = readonly_t__0]
@occ88_1 = @occ88[!1 = @sid_3]
@occ90_1 = @occ90[!1 = @sid_3]
channel_case_ch__3 = channel_case_ch__87[case_arg_0__86 = sign__0(v_,priv_k__0),ch_type__111 = rpc_t__0,ch_type__112 = rpc_t__0,loop_state_3__85 = chid__struct(x_,rpc__0[]),loop_state_2__84 = sign_image__str,loop_state_1__83 = secret_priv__str,loop_state_0__82 = dev_camera__str,loop_result__81 = (),!1 = @sid,channel_case_done_state_3__69 = rpc__0[],channel_case_done_state_2__68 = sign_image__str,channel_case_done_state_1__67 = secret_priv__str,channel_case_done_state_0__66 = dev_camera__str,channel_case_done_result__65 = chid__struct(x_,rpc__0[]),ch_type__120 = rpc_t__0,ch_type__121 = rpc_t__0]
@occ34_1 = @occ34[!1 = @sid]
@occ41_1 = @occ41[!1 = @sid]
@occ43_1 = @occ43[!1 = @sid]
@occ152_1 = @occ152[!1 = @sid_4]
case_ch__1 = case_ch__137[case_arg_2__136 = secret_priv__str,case_arg_1__135 = v_,case_arg_0__134 = sign_image__str,ch_type__157 = rpc_t__0,loop_state_0__133 = sym_k__0,loop_result__132 = (),!1 = @sid_4,channel_case_done_state_1__125 = rpc__0[],channel_case_done_state_0__124 = sym_k__0,channel_case_done_result__123 = (),ch_type__162 = rpc_t__0]
@occ146_1 = @occ146[!1 = @sid_4]
@occ150_1 = @occ150[!1 = @sid_4]

1. The entry file_type_table(server_t__0,readonly_t__0,secret_pub__str) may be inserted in a table at insert {71}.
table(file_type_table(server_t__0,readonly_t__0,secret_pub__str)).

2. The entry access_control_table(server_t__0,readonly_t__0,fopen__0__syscall) may be inserted in a table at insert {12}.
table(access_control_table(server_t__0,readonly_t__0,fopen__0__syscall)).

3. The message (secret_pub__str,pk__0(priv_k__0)) may be sent on channel file_ch[] at output {73}.
mess(file_ch[],(secret_pub__str,pk__0(priv_k__0))).

4. The entry file_type_table(server_t__0,readonly_t__0,secret_pub__str) that may be in a table by 1 may be read at get {127}.
The entry access_control_table(server_t__0,readonly_t__0,fopen__0__syscall) that may be in a table by 2 may be read at get {126}.
The event @p_act(@occ74[],(secret_pub__str,pk__0(priv_k__0))) records how variables are instantiated at {74}.
The message (secret_pub__str,pk__0(priv_k__0)) that may be sent on channel file_ch[] by 3 may be received at input {74}.
The entry file_type_table(server_t__0,readonly_t__0,secret_pub__str) that may be in a table by 1 may be read at get {125}.
The entry access_control_table(server_t__0,readonly_t__0,fopen__0__syscall) that may be in a table by 2 may be read at get {124}.
So the message (false__bool,(),secret_pub__str,Fd__struct(y__1,pk__0(priv_k__0)),pk__0(priv_k__0)) may be sent on channel loop_ch__2 at output {78}.
mess(loop_ch__2,(false__bool,(),secret_pub__str,Fd__struct(y__1,pk__0(priv_k__0)),pk__0(priv_k__0))).

5. The entry file_type_table(server_t__0,readonly_t__0,secret_pub__str) that may be in a table by 1 may be read at get {127}.
The entry access_control_table(server_t__0,readonly_t__0,fopen__0__syscall) that may be in a table by 2 may be read at get {126}.
The event @p_act(@occ74[],(secret_pub__str,pk__0(priv_k__0))) records how variables are instantiated at {74}.
The message (secret_pub__str,pk__0(priv_k__0)) that may be sent on channel file_ch[] by 3 may be received at input {74}.
The entry file_type_table(server_t__0,readonly_t__0,secret_pub__str) that may be in a table by 1 may be read at get {125}.
The entry access_control_table(server_t__0,readonly_t__0,fopen__0__syscall) that may be in a table by 2 may be read at get {124}.
The event @p_act(@occ80_1,(false__bool,(),secret_pub__str,Fd__struct(y__1,pk__0(priv_k__0)),pk__0(priv_k__0))) records how variables are instantiated at {80}.
The message (false__bool,(),secret_pub__str,Fd__struct(y__1,pk__0(priv_k__0)),pk__0(priv_k__0)) that may be sent on channel loop_ch__2 by 4 may be received at input {80}.
So the message true__bool may be sent on channel attack_choice_ch_1 at output {83}.
mess(attack_choice_ch_1,true__bool).

6. The entry channel_table(udp_t__0,udp__0[]) may be inserted in a table at insert {18}.
table(channel_table(udp_t__0,udp__0[])).

7. The entry access_control_table(server_t__0,udp_t__0,recv__0__syscall) may be inserted in a table at insert {2}.
table(access_control_table(server_t__0,udp_t__0,recv__0__syscall)).

8. The entry channel_table(rpc_t__0,rpc__0[]) may be inserted in a table at insert {19}.
table(channel_table(rpc_t__0,rpc__0[])).

9. The entry access_control_table(client_t__0,rpc_t__0,connect_rpc__0__syscall) may be inserted in a table at insert {3}.
table(access_control_table(client_t__0,rpc_t__0,connect_rpc__0__syscall)).

10. The entry access_control_table(client_ta_t__0,rpc_t__0,accept_rpc__0__syscall) may be inserted in a table at insert {6}.
table(access_control_table(client_ta_t__0,rpc_t__0,accept_rpc__0__syscall)).

11. The entry channel_table(rpc_t__0,rpc__0[]) that may be in a table by 8 may be read at get {67}.
The entry access_control_table(client_t__0,rpc_t__0,connect_rpc__0__syscall) that may be in a table by 9 may be read at get {66}.
So the message req__chan may be sent on channel rpc__0[] at output {20}.
mess(rpc__0[],req__chan).

12. The entry channel_table(rpc_t__0,rpc__0[]) that may be in a table by 8 may be read at get {187}.
The entry access_control_table(client_ta_t__0,rpc_t__0,accept_rpc__0__syscall) that may be in a table by 10 may be read at get {186}.
The message req__chan that may be sent on channel rpc__0[] by 11 may be received at input {134}.
So the message (false__bool,(),sym_k__0,rpc__0[]) may be sent on channel channel_case_ch__1 at output {136}.
mess(channel_case_ch__1,(false__bool,(),sym_k__0,rpc__0[])).

13. The entry channel_table(rpc_t__0,rpc__0[]) that may be in a table by 8 may be read at get {187}.
The entry access_control_table(client_ta_t__0,rpc_t__0,accept_rpc__0__syscall) that may be in a table by 10 may be read at get {186}.
The message req__chan that may be sent on channel rpc__0[] by 11 may be received at input {134}.
The event @p_act(@occ137[],(false__bool,(),sym_k__0,rpc__0[])) records how variables are instantiated at {137}.
The message (false__bool,(),sym_k__0,rpc__0[]) that may be sent on channel channel_case_ch__1 by 12 may be received at input {137}.
The entry channel_table(rpc_t__0,rpc__0[]) that may be in a table by 8 may be read at get {141}.
The entry access_control_table(client_ta_t__0,rpc_t__0,accept_rpc__0__syscall) that may be in a table by 10 may be read at get {140}.
So the message ack__chan may be sent on channel rpc__0[] at output {138}.
mess(rpc__0[],ack__chan).

14. The entry channel_table(rpc_t__0,rpc__0[]) that may be in a table by 8 may be read at get {67}.
The entry access_control_table(client_t__0,rpc_t__0,connect_rpc__0__syscall) that may be in a table by 9 may be read at get {66}.
The entry channel_table(rpc_t__0,rpc__0[]) that may be in a table by 8 may be read at get {65}.
The entry access_control_table(client_t__0,rpc_t__0,connect_rpc__0__syscall) that may be in a table by 9 may be read at get {64}.
The message ack__chan that may be sent on channel rpc__0[] by 13 may be received at input {21}.
So the message (false__bool,(),dev_camera__str,secret_priv__str,sign_image__str,rpc__0[]) may be sent on channel channel_case_ch_ at output {23}.
mess(channel_case_ch_,(false__bool,(),dev_camera__str,secret_priv__str,sign_image__str,rpc__0[])).

15. The entry channel_table(rpc_t__0,rpc__0[]) that may be in a table by 8 may be read at get {67}.
The entry access_control_table(client_t__0,rpc_t__0,connect_rpc__0__syscall) that may be in a table by 9 may be read at get {66}.
The entry channel_table(rpc_t__0,rpc__0[]) that may be in a table by 8 may be read at get {65}.
The entry access_control_table(client_t__0,rpc_t__0,connect_rpc__0__syscall) that may be in a table by 9 may be read at get {64}.
The message ack__chan that may be sent on channel rpc__0[] by 13 may be received at input {21}.
The event @p_act(@occ24[],(false__bool,(),dev_camera__str,secret_priv__str,sign_image__str,rpc__0[])) records how variables are instantiated at {24}.
The message (false__bool,(),dev_camera__str,secret_priv__str,sign_image__str,rpc__0[]) that may be sent on channel channel_case_ch_ by 14 may be received at input {24}.
The entry channel_table(rpc_t__0,rpc__0[]) that may be in a table by 8 may be read at get {29}.
The entry access_control_table(client_t__0,rpc_t__0,connect_rpc__0__syscall) that may be in a table by 9 may be read at get {28}.
So the message (true__bool,chid__struct(x_,rpc__0[]),dev_camera__str,secret_priv__str,sign_image__str,rpc__0[]) may be sent on channel channel_case_ch_ at output {27}.
mess(channel_case_ch_,(true__bool,chid__struct(x_,rpc__0[]),dev_camera__str,secret_priv__str,sign_image__str,rpc__0[])).

16. The entry channel_table(rpc_t__0,rpc__0[]) that may be in a table by 8 may be read at get {67}.
The entry access_control_table(client_t__0,rpc_t__0,connect_rpc__0__syscall) that may be in a table by 9 may be read at get {66}.
The entry channel_table(rpc_t__0,rpc__0[]) that may be in a table by 8 may be read at get {65}.
The entry access_control_table(client_t__0,rpc_t__0,connect_rpc__0__syscall) that may be in a table by 9 may be read at get {64}.
The message ack__chan that may be sent on channel rpc__0[] by 13 may be received at input {21}.
The event @p_act(@occ30[],(true__bool,chid__struct(x_,rpc__0[]),dev_camera__str,secret_priv__str,sign_image__str,rpc__0[])) records how variables are instantiated at {30}.
The message (true__bool,chid__struct(x_,rpc__0[]),dev_camera__str,secret_priv__str,sign_image__str,rpc__0[]) that may be sent on channel channel_case_ch_ by 15 may be received at input {30}.
So the message (false__bool,(),dev_camera__str,secret_priv__str,sign_image__str,chid__struct(x_,rpc__0[])) may be sent on channel loop_ch_ at output {32}.
mess(loop_ch_,(false__bool,(),dev_camera__str,secret_priv__str,sign_image__str,chid__struct(x_,rpc__0[]))).

17. The entry access_control_table(client_t__0,rpc_t__0,invoke_rpc__0__syscall) may be inserted in a table at insert {4}.
table(access_control_table(client_t__0,rpc_t__0,invoke_rpc__0__syscall)).

18. The entry channel_table(rpc_t__0,rpc__0[]) that may be in a table by 8 may be read at get {187}.
The entry access_control_table(client_ta_t__0,rpc_t__0,accept_rpc__0__syscall) that may be in a table by 10 may be read at get {186}.
The message req__chan that may be sent on channel rpc__0[] by 11 may be received at input {134}.
The event @p_act(@occ137[],(false__bool,(),sym_k__0,rpc__0[])) records how variables are instantiated at {137}.
The message (false__bool,(),sym_k__0,rpc__0[]) that may be sent on channel channel_case_ch__1 by 12 may be received at input {137}.
The entry channel_table(rpc_t__0,rpc__0[]) that may be in a table by 8 may be read at get {141}.
The entry access_control_table(client_ta_t__0,rpc_t__0,accept_rpc__0__syscall) that may be in a table by 10 may be read at get {140}.
So the message (true__bool,(),sym_k__0,rpc__0[]) may be sent on channel channel_case_ch__1 at output {139}.
mess(channel_case_ch__1,(true__bool,(),sym_k__0,rpc__0[])).

19. The entry channel_table(rpc_t__0,rpc__0[]) that may be in a table by 8 may be read at get {187}.
The entry access_control_table(client_ta_t__0,rpc_t__0,accept_rpc__0__syscall) that may be in a table by 10 may be read at get {186}.
The message req__chan that may be sent on channel rpc__0[] by 11 may be received at input {134}.
The event @p_act(@occ142[],(true__bool,(),sym_k__0,rpc__0[])) records how variables are instantiated at {142}.
The message (true__bool,(),sym_k__0,rpc__0[]) that may be sent on channel channel_case_ch__1 by 18 may be received at input {142}.
So the message (false__bool,(),sym_k__0) may be sent on channel loop_ch__1 at output {144}.
mess(loop_ch__1,(false__bool,(),sym_k__0)).

20. The entry access_control_table(client_ta_t__0,rpc_t__0,none__syscall) may be inserted in a table at insert {7}.
table(access_control_table(client_ta_t__0,rpc_t__0,none__syscall)).

21. The entry channel_table(rpc_t__0,rpc__0[]) that may be in a table by 8 may be read at get {67}.
The entry access_control_table(client_t__0,rpc_t__0,connect_rpc__0__syscall) that may be in a table by 9 may be read at get {66}.
The entry channel_table(rpc_t__0,rpc__0[]) that may be in a table by 8 may be read at get {65}.
The entry access_control_table(client_t__0,rpc_t__0,connect_rpc__0__syscall) that may be in a table by 9 may be read at get {64}.
The message ack__chan that may be sent on channel rpc__0[] by 13 may be received at input {21}.
The event @p_act(@occ30[],(true__bool,chid__struct(x_,rpc__0[]),dev_camera__str,secret_priv__str,sign_image__str,rpc__0[])) records how variables are instantiated at {30}.
The message (true__bool,chid__struct(x_,rpc__0[]),dev_camera__str,secret_priv__str,sign_image__str,rpc__0[]) that may be sent on channel channel_case_ch_ by 15 may be received at input {30}.
The event @p_act(@occ34_1,(false__bool,(),dev_camera__str,secret_priv__str,sign_image__str,chid__struct(x_,rpc__0[]))) records how variables are instantiated at {34}.
The message (false__bool,(),dev_camera__str,secret_priv__str,sign_image__str,chid__struct(x_,rpc__0[])) that may be sent on channel loop_ch_ by 16 may be received at input {34}.
The entry channel_table(rpc_t__0,rpc__0[]) that may be in a table by 8 may be read at get {53}.
The entry access_control_table(client_t__0,rpc_t__0,invoke_rpc__0__syscall) that may be in a table by 17 may be read at get {52}.
So the message invoke__chan(sign_image__str,v_,secret_priv__str) may be sent on channel rpc__0[] at output {37}.
mess(rpc__0[],invoke__chan(sign_image__str,v_,secret_priv__str)).

22. The entry channel_table(rpc_t__0,rpc__0[]) that may be in a table by 8 may be read at get {187}.
The entry access_control_table(client_ta_t__0,rpc_t__0,accept_rpc__0__syscall) that may be in a table by 10 may be read at get {186}.
The message req__chan that may be sent on channel rpc__0[] by 11 may be received at input {134}.
The event @p_act(@occ142[],(true__bool,(),sym_k__0,rpc__0[])) records how variables are instantiated at {142}.
The message (true__bool,(),sym_k__0,rpc__0[]) that may be sent on channel channel_case_ch__1 by 18 may be received at input {142}.
The event @p_act(@occ146_1,(false__bool,(),sym_k__0)) records how variables are instantiated at {146}.
The message (false__bool,(),sym_k__0) that may be sent on channel loop_ch__1 by 19 may be received at input {146}.
The entry channel_table(rpc_t__0,rpc__0[]) that may be in a table by 8 may be read at get {176}.
The entry access_control_table(client_ta_t__0,rpc_t__0,none__syscall) that may be in a table by 20 may be read at get {174}.
The message invoke__chan(sign_image__str,v_,secret_priv__str) that may be sent on channel rpc__0[] by 21 may be received at input {147}.
So the message (false__bool,(),sym_k__0,sign_image__str,v_,secret_priv__str) may be sent on channel case_ch__1 at output {149}.
mess(case_ch__1,(false__bool,(),sym_k__0,sign_image__str,v_,secret_priv__str)).

23. The entry file_type_table(client_ta_t__0,readonly_t__0,secret_priv__str) may be inserted in a table at insert {131}.
table(file_type_table(client_ta_t__0,readonly_t__0,secret_priv__str)).

24. The entry access_control_table(client_ta_t__0,readonly_t__0,fopen__0__syscall) may be inserted in a table at insert {9}.
table(access_control_table(client_ta_t__0,readonly_t__0,fopen__0__syscall)).

25. The message (secret_priv__str,enc__0(priv_k__0,sym_k__0)) may be sent on channel file_ch_1[] at output {133}.
mess(file_ch_1[],(secret_priv__str,enc__0(priv_k__0,sym_k__0))).

26. The entry channel_table(rpc_t__0,rpc__0[]) that may be in a table by 8 may be read at get {187}.
The entry access_control_table(client_ta_t__0,rpc_t__0,accept_rpc__0__syscall) that may be in a table by 10 may be read at get {186}.
The message req__chan that may be sent on channel rpc__0[] by 11 may be received at input {134}.
The event @p_act(@occ142[],(true__bool,(),sym_k__0,rpc__0[])) records how variables are instantiated at {142}.
The message (true__bool,(),sym_k__0,rpc__0[]) that may be sent on channel channel_case_ch__1 by 18 may be received at input {142}.
The event @p_act(@occ146_1,(false__bool,(),sym_k__0)) records how variables are instantiated at {146}.
The message (false__bool,(),sym_k__0) that may be sent on channel loop_ch__1 by 19 may be received at input {146}.
The entry channel_table(rpc_t__0,rpc__0[]) that may be in a table by 8 may be read at get {176}.
The entry access_control_table(client_ta_t__0,rpc_t__0,none__syscall) that may be in a table by 20 may be read at get {174}.
The message invoke__chan(sign_image__str,v_,secret_priv__str) that may be sent on channel rpc__0[] by 21 may be received at input {147}.
The event @p_act(@occ150_1,(false__bool,(),sym_k__0,sign_image__str,v_,secret_priv__str)) records how variables are instantiated at {150}.
The message (false__bool,(),sym_k__0,sign_image__str,v_,secret_priv__str) that may be sent on channel case_ch__1 by 22 may be received at input {150}.
The entry file_type_table(client_ta_t__0,readonly_t__0,secret_priv__str) that may be in a table by 23 may be read at get {164}.
The entry access_control_table(client_ta_t__0,readonly_t__0,fopen__0__syscall) that may be in a table by 24 may be read at get {163}.
The event @p_act(@occ152_1,(secret_priv__str,enc__0(priv_k__0,sym_k__0))) records how variables are instantiated at {152}.
The message (secret_priv__str,enc__0(priv_k__0,sym_k__0)) that may be sent on channel file_ch_1[] by 25 may be received at input {152}.
The entry file_type_table(client_ta_t__0,readonly_t__0,secret_priv__str) that may be in a table by 23 may be read at get {162}.
The entry access_control_table(client_ta_t__0,readonly_t__0,fopen__0__syscall) that may be in a table by 24 may be read at get {161}.
The entry channel_table(rpc_t__0,rpc__0[]) that may be in a table by 8 may be read at get {159}.
The entry access_control_table(client_ta_t__0,rpc_t__0,none__syscall) that may be in a table by 20 may be read at get {158}.
So the message Returned__chan(sign__0(v_,priv_k__0)) may be sent on channel rpc__0[] at output {156}.
mess(rpc__0[],Returned__chan(sign__0(v_,priv_k__0))).

27. The entry channel_table(rpc_t__0,rpc__0[]) that may be in a table by 8 may be read at get {67}.
The entry access_control_table(client_t__0,rpc_t__0,connect_rpc__0__syscall) that may be in a table by 9 may be read at get {66}.
The entry channel_table(rpc_t__0,rpc__0[]) that may be in a table by 8 may be read at get {65}.
The entry access_control_table(client_t__0,rpc_t__0,connect_rpc__0__syscall) that may be in a table by 9 may be read at get {64}.
The message ack__chan that may be sent on channel rpc__0[] by 13 may be received at input {21}.
The event @p_act(@occ30[],(true__bool,chid__struct(x_,rpc__0[]),dev_camera__str,secret_priv__str,sign_image__str,rpc__0[])) records how variables are instantiated at {30}.
The message (true__bool,chid__struct(x_,rpc__0[]),dev_camera__str,secret_priv__str,sign_image__str,rpc__0[]) that may be sent on channel channel_case_ch_ by 15 may be received at input {30}.
The event @p_act(@occ34_1,(false__bool,(),dev_camera__str,secret_priv__str,sign_image__str,chid__struct(x_,rpc__0[]))) records how variables are instantiated at {34}.
The message (false__bool,(),dev_camera__str,secret_priv__str,sign_image__str,chid__struct(x_,rpc__0[])) that may be sent on channel loop_ch_ by 16 may be received at input {34}.
The entry channel_table(rpc_t__0,rpc__0[]) that may be in a table by 8 may be read at get {53}.
The entry access_control_table(client_t__0,rpc_t__0,invoke_rpc__0__syscall) that may be in a table by 17 may be read at get {52}.
The entry channel_table(rpc_t__0,rpc__0[]) that may be in a table by 8 may be read at get {51}.
The entry access_control_table(client_t__0,rpc_t__0,invoke_rpc__0__syscall) that may be in a table by 17 may be read at get {50}.
The message Returned__chan(sign__0(v_,priv_k__0)) that may be sent on channel rpc__0[] by 26 may be received at input {38}.
So the message (false__bool,(),dev_camera__str,secret_priv__str,sign_image__str,chid__struct(x_,rpc__0[]),v_,chid__struct(x_,rpc__0[]),sign_image__str,v_,secret_priv__str,rpc__0[]) may be sent on channel channel_case_ch__3 at output {40}.
mess(channel_case_ch__3,(false__bool,(),dev_camera__str,secret_priv__str,sign_image__str,chid__struct(x_,rpc__0[]),v_,chid__struct(x_,rpc__0[]),sign_image__str,v_,secret_priv__str,rpc__0[])).

28. The entry channel_table(rpc_t__0,rpc__0[]) that may be in a table by 8 may be read at get {67}.
The entry access_control_table(client_t__0,rpc_t__0,connect_rpc__0__syscall) that may be in a table by 9 may be read at get {66}.
The entry channel_table(rpc_t__0,rpc__0[]) that may be in a table by 8 may be read at get {65}.
The entry access_control_table(client_t__0,rpc_t__0,connect_rpc__0__syscall) that may be in a table by 9 may be read at get {64}.
The message ack__chan that may be sent on channel rpc__0[] by 13 may be received at input {21}.
The event @p_act(@occ30[],(true__bool,chid__struct(x_,rpc__0[]),dev_camera__str,secret_priv__str,sign_image__str,rpc__0[])) records how variables are instantiated at {30}.
The message (true__bool,chid__struct(x_,rpc__0[]),dev_camera__str,secret_priv__str,sign_image__str,rpc__0[]) that may be sent on channel channel_case_ch_ by 15 may be received at input {30}.
The event @p_act(@occ34_1,(false__bool,(),dev_camera__str,secret_priv__str,sign_image__str,chid__struct(x_,rpc__0[]))) records how variables are instantiated at {34}.
The message (false__bool,(),dev_camera__str,secret_priv__str,sign_image__str,chid__struct(x_,rpc__0[])) that may be sent on channel loop_ch_ by 16 may be received at input {34}.
The entry channel_table(rpc_t__0,rpc__0[]) that may be in a table by 8 may be read at get {53}.
The entry access_control_table(client_t__0,rpc_t__0,invoke_rpc__0__syscall) that may be in a table by 17 may be read at get {52}.
The entry channel_table(rpc_t__0,rpc__0[]) that may be in a table by 8 may be read at get {51}.
The entry access_control_table(client_t__0,rpc_t__0,invoke_rpc__0__syscall) that may be in a table by 17 may be read at get {50}.
The message Returned__chan(sign__0(v_,priv_k__0)) that may be sent on channel rpc__0[] by 26 may be received at input {38}.
The event @p_act(@occ41_1,(false__bool,(),dev_camera__str,secret_priv__str,sign_image__str,chid__struct(x_,rpc__0[]),v_,chid__struct(x_,rpc__0[]),sign_image__str,v_,secret_priv__str,rpc__0[])) records how variables are instantiated at {41}.
The message (false__bool,(),dev_camera__str,secret_priv__str,sign_image__str,chid__struct(x_,rpc__0[]),v_,chid__struct(x_,rpc__0[]),sign_image__str,v_,secret_priv__str,rpc__0[]) that may be sent on channel channel_case_ch__3 by 27 may be received at input {41}.
So the message (true__bool,sign__0(v_,priv_k__0),dev_camera__str,secret_priv__str,sign_image__str,chid__struct(x_,rpc__0[]),v_,chid__struct(x_,rpc__0[]),sign_image__str,v_,secret_priv__str,rpc__0[]) may be sent on channel channel_case_ch__3 at output {42}.
mess(channel_case_ch__3,(true__bool,sign__0(v_,priv_k__0),dev_camera__str,secret_priv__str,sign_image__str,chid__struct(x_,rpc__0[]),v_,chid__struct(x_,rpc__0[]),sign_image__str,v_,secret_priv__str,rpc__0[])).

29. The entry access_control_table(client_t__0,udp_t__0,send__0__syscall) may be inserted in a table at insert {1}.
table(access_control_table(client_t__0,udp_t__0,send__0__syscall)).

30. The entry channel_table(rpc_t__0,rpc__0[]) that may be in a table by 8 may be read at get {67}.
The entry access_control_table(client_t__0,rpc_t__0,connect_rpc__0__syscall) that may be in a table by 9 may be read at get {66}.
The entry channel_table(rpc_t__0,rpc__0[]) that may be in a table by 8 may be read at get {65}.
The entry access_control_table(client_t__0,rpc_t__0,connect_rpc__0__syscall) that may be in a table by 9 may be read at get {64}.
The message ack__chan that may be sent on channel rpc__0[] by 13 may be received at input {21}.
The event @p_act(@occ30[],(true__bool,chid__struct(x_,rpc__0[]),dev_camera__str,secret_priv__str,sign_image__str,rpc__0[])) records how variables are instantiated at {30}.
The message (true__bool,chid__struct(x_,rpc__0[]),dev_camera__str,secret_priv__str,sign_image__str,rpc__0[]) that may be sent on channel channel_case_ch_ by 15 may be received at input {30}.
The event @p_act(@occ34_1,(false__bool,(),dev_camera__str,secret_priv__str,sign_image__str,chid__struct(x_,rpc__0[]))) records how variables are instantiated at {34}.
The message (false__bool,(),dev_camera__str,secret_priv__str,sign_image__str,chid__struct(x_,rpc__0[])) that may be sent on channel loop_ch_ by 16 may be received at input {34}.
The entry channel_table(rpc_t__0,rpc__0[]) that may be in a table by 8 may be read at get {53}.
The entry access_control_table(client_t__0,rpc_t__0,invoke_rpc__0__syscall) that may be in a table by 17 may be read at get {52}.
The entry channel_table(rpc_t__0,rpc__0[]) that may be in a table by 8 may be read at get {51}.
The entry access_control_table(client_t__0,rpc_t__0,invoke_rpc__0__syscall) that may be in a table by 17 may be read at get {50}.
The message Returned__chan(sign__0(v_,priv_k__0)) that may be sent on channel rpc__0[] by 26 may be received at input {38}.
The event @p_act(@occ43_1,(true__bool,sign__0(v_,priv_k__0),dev_camera__str,secret_priv__str,sign_image__str,chid__struct(x_,rpc__0[]),v_,chid__struct(x_,rpc__0[]),sign_image__str,v_,secret_priv__str,rpc__0[])) records how variables are instantiated at {43}.
The message (true__bool,sign__0(v_,priv_k__0),dev_camera__str,secret_priv__str,sign_image__str,chid__struct(x_,rpc__0[]),v_,chid__struct(x_,rpc__0[]),sign_image__str,v_,secret_priv__str,rpc__0[]) that may be sent on channel channel_case_ch__3 by 28 may be received at input {43}.
The entry channel_table(udp_t__0,udp__0[]) that may be in a table by 6 may be read at get {49}.
The entry access_control_table(client_t__0,udp_t__0,send__0__syscall) that may be in a table by 29 may be read at get {48}.
So the message store__chan((sign__0(v_,priv_k__0),v_)) may be sent on channel udp__0[] at output {46}.
mess(udp__0[],store__chan((sign__0(v_,priv_k__0),v_))).

31. The entry file_type_table(server_t__0,readonly_t__0,secret_pub__str) that may be in a table by 1 may be read at get {127}.
The entry access_control_table(server_t__0,readonly_t__0,fopen__0__syscall) that may be in a table by 2 may be read at get {126}.
The event @p_act(@occ74[],(secret_pub__str,pk__0(priv_k__0))) records how variables are instantiated at {74}.
The message (secret_pub__str,pk__0(priv_k__0)) that may be sent on channel file_ch[] by 3 may be received at input {74}.
The entry file_type_table(server_t__0,readonly_t__0,secret_pub__str) that may be in a table by 1 may be read at get {125}.
The entry access_control_table(server_t__0,readonly_t__0,fopen__0__syscall) that may be in a table by 2 may be read at get {124}.
The event @p_act(@occ80_1,(false__bool,(),secret_pub__str,Fd__struct(y__1,pk__0(priv_k__0)),pk__0(priv_k__0))) records how variables are instantiated at {80}.
The message (false__bool,(),secret_pub__str,Fd__struct(y__1,pk__0(priv_k__0)),pk__0(priv_k__0)) that may be sent on channel loop_ch__2 by 4 may be received at input {80}.
The message true__bool that may be sent on channel attack_choice_ch_1 by 5 may be received at input {84}.
The entry channel_table(udp_t__0,udp__0[]) that may be in a table by 6 may be read at get {93}.
The entry access_control_table(server_t__0,udp_t__0,recv__0__syscall) that may be in a table by 7 may be read at get {92}.
The message store__chan((sign__0(v_,priv_k__0),v_)) that may be sent on channel udp__0[] by 30 may be received at input {85}.
So the message (false__bool,(),secret_pub__str,Fd__struct(y__1,pk__0(priv_k__0)),pk__0(priv_k__0),udp__0[]) may be sent on channel channel_case_ch__2 at output {87}.
mess(channel_case_ch__2,(false__bool,(),secret_pub__str,Fd__struct(y__1,pk__0(priv_k__0)),pk__0(priv_k__0),udp__0[])).

32. The entry file_type_table(server_t__0,readonly_t__0,secret_pub__str) that may be in a table by 1 may be read at get {127}.
The entry access_control_table(server_t__0,readonly_t__0,fopen__0__syscall) that may be in a table by 2 may be read at get {126}.
The event @p_act(@occ74[],(secret_pub__str,pk__0(priv_k__0))) records how variables are instantiated at {74}.
The message (secret_pub__str,pk__0(priv_k__0)) that may be sent on channel file_ch[] by 3 may be received at input {74}.
The entry file_type_table(server_t__0,readonly_t__0,secret_pub__str) that may be in a table by 1 may be read at get {125}.
The entry access_control_table(server_t__0,readonly_t__0,fopen__0__syscall) that may be in a table by 2 may be read at get {124}.
The event @p_act(@occ80_1,(false__bool,(),secret_pub__str,Fd__struct(y__1,pk__0(priv_k__0)),pk__0(priv_k__0))) records how variables are instantiated at {80}.
The message (false__bool,(),secret_pub__str,Fd__struct(y__1,pk__0(priv_k__0)),pk__0(priv_k__0)) that may be sent on channel loop_ch__2 by 4 may be received at input {80}.
The message true__bool that may be sent on channel attack_choice_ch_1 by 5 may be received at input {84}.
The entry channel_table(udp_t__0,udp__0[]) that may be in a table by 6 may be read at get {93}.
The entry access_control_table(server_t__0,udp_t__0,recv__0__syscall) that may be in a table by 7 may be read at get {92}.
The message store__chan((sign__0(v_,priv_k__0),v_)) that may be sent on channel udp__0[] by 30 may be received at input {85}.
The event @p_act(@occ88_1,(false__bool,(),secret_pub__str,Fd__struct(y__1,pk__0(priv_k__0)),pk__0(priv_k__0),udp__0[])) records how variables are instantiated at {88}.
The message (false__bool,(),secret_pub__str,Fd__struct(y__1,pk__0(priv_k__0)),pk__0(priv_k__0),udp__0[]) that may be sent on channel channel_case_ch__2 by 31 may be received at input {88}.
So the message (true__bool,(sign__0(v_,priv_k__0),v_),secret_pub__str,Fd__struct(y__1,pk__0(priv_k__0)),pk__0(priv_k__0),udp__0[]) may be sent on channel channel_case_ch__2 at output {89}.
mess(channel_case_ch__2,(true__bool,(sign__0(v_,priv_k__0),v_),secret_pub__str,Fd__struct(y__1,pk__0(priv_k__0)),pk__0(priv_k__0),udp__0[])).

33. The entry file_type_table(server_t__0,readonly_t__0,secret_pub__str) that may be in a table by 1 may be read at get {127}.
The entry access_control_table(server_t__0,readonly_t__0,fopen__0__syscall) that may be in a table by 2 may be read at get {126}.
The event @p_act(@occ74[],(secret_pub__str,pk__0(priv_k__0))) records how variables are instantiated at {74}.
The message (secret_pub__str,pk__0(priv_k__0)) that may be sent on channel file_ch[] by 3 may be received at input {74}.
The entry file_type_table(server_t__0,readonly_t__0,secret_pub__str) that may be in a table by 1 may be read at get {125}.
The entry access_control_table(server_t__0,readonly_t__0,fopen__0__syscall) that may be in a table by 2 may be read at get {124}.
The event @p_act(@occ80_1,(false__bool,(),secret_pub__str,Fd__struct(y__1,pk__0(priv_k__0)),pk__0(priv_k__0))) records how variables are instantiated at {80}.
The message (false__bool,(),secret_pub__str,Fd__struct(y__1,pk__0(priv_k__0)),pk__0(priv_k__0)) that may be sent on channel loop_ch__2 by 4 may be received at input {80}.
The message true__bool that may be sent on channel attack_choice_ch_1 by 5 may be received at input {84}.
The entry channel_table(udp_t__0,udp__0[]) that may be in a table by 6 may be read at get {93}.
The entry access_control_table(server_t__0,udp_t__0,recv__0__syscall) that may be in a table by 7 may be read at get {92}.
The message store__chan((sign__0(v_,priv_k__0),v_)) that may be sent on channel udp__0[] by 30 may be received at input {85}.
The event @p_act(@occ90_1,(true__bool,(sign__0(v_,priv_k__0),v_),secret_pub__str,Fd__struct(y__1,pk__0(priv_k__0)),pk__0(priv_k__0),udp__0[])) records how variables are instantiated at {90}.
The message (true__bool,(sign__0(v_,priv_k__0),v_),secret_pub__str,Fd__struct(y__1,pk__0(priv_k__0)),pk__0(priv_k__0),udp__0[]) that may be sent on channel channel_case_ch__2 by 32 may be received at input {90}.
So the message (true__bool,(sign__0(v_,priv_k__0),v_),secret_pub__str,Fd__struct(y__1,pk__0(priv_k__0)),pk__0(priv_k__0)) may be sent on channel call_join_ch_ at output {91}.
mess(call_join_ch_,(true__bool,(sign__0(v_,priv_k__0),v_),secret_pub__str,Fd__struct(y__1,pk__0(priv_k__0)),pk__0(priv_k__0))).

34. The entry file_type_table(server_t__0,readonly_t__0,secret_pub__str) that may be in a table by 1 may be read at get {127}.
The entry access_control_table(server_t__0,readonly_t__0,fopen__0__syscall) that may be in a table by 2 may be read at get {126}.
The event @p_act(@occ74[],(secret_pub__str,pk__0(priv_k__0))) records how variables are instantiated at {74}.
The message (secret_pub__str,pk__0(priv_k__0)) that may be sent on channel file_ch[] by 3 may be received at input {74}.
The entry file_type_table(server_t__0,readonly_t__0,secret_pub__str) that may be in a table by 1 may be read at get {125}.
The entry access_control_table(server_t__0,readonly_t__0,fopen__0__syscall) that may be in a table by 2 may be read at get {124}.
The event @p_act(@occ80_1,(false__bool,(),secret_pub__str,Fd__struct(y__1,pk__0(priv_k__0)),pk__0(priv_k__0))) records how variables are instantiated at {80}.
The message (false__bool,(),secret_pub__str,Fd__struct(y__1,pk__0(priv_k__0)),pk__0(priv_k__0)) that may be sent on channel loop_ch__2 by 4 may be received at input {80}.
The event @p_act(@occ105_1,(true__bool,(sign__0(v_,priv_k__0),v_),secret_pub__str,Fd__struct(y__1,pk__0(priv_k__0)),pk__0(priv_k__0))) records how variables are instantiated at {105}.
The message (true__bool,(sign__0(v_,priv_k__0),v_),secret_pub__str,Fd__struct(y__1,pk__0(priv_k__0)),pk__0(priv_k__0)) that may be sent on channel call_join_ch_ by 33 may be received at input {105}.
So the message (false__bool,(),secret_pub__str,Fd__struct(y__1,pk__0(priv_k__0)),pk__0(priv_k__0),(sign__0(v_,priv_k__0),v_),true__0) may be sent on channel case_ch_ at output {107}.
mess(case_ch_,(false__bool,(),secret_pub__str,Fd__struct(y__1,pk__0(priv_k__0)),pk__0(priv_k__0),(sign__0(v_,priv_k__0),v_),true__0)).

35. The entry file_type_table(server_t__0,readonly_t__0,secret_pub__str) that may be in a table by 1 may be read at get {127}.
The entry access_control_table(server_t__0,readonly_t__0,fopen__0__syscall) that may be in a table by 2 may be read at get {126}.
The event @p_act(@occ74[],(secret_pub__str,pk__0(priv_k__0))) records how variables are instantiated at {74}.
The message (secret_pub__str,pk__0(priv_k__0)) that may be sent on channel file_ch[] by 3 may be received at input {74}.
The entry file_type_table(server_t__0,readonly_t__0,secret_pub__str) that may be in a table by 1 may be read at get {125}.
The entry access_control_table(server_t__0,readonly_t__0,fopen__0__syscall) that may be in a table by 2 may be read at get {124}.
The event @p_act(@occ80_1,(false__bool,(),secret_pub__str,Fd__struct(y__1,pk__0(priv_k__0)),pk__0(priv_k__0))) records how variables are instantiated at {80}.
The message (false__bool,(),secret_pub__str,Fd__struct(y__1,pk__0(priv_k__0)),pk__0(priv_k__0)) that may be sent on channel loop_ch__2 by 4 may be received at input {80}.
The event @p_act(@occ105_1,(true__bool,(sign__0(v_,priv_k__0),v_),secret_pub__str,Fd__struct(y__1,pk__0(priv_k__0)),pk__0(priv_k__0))) records how variables are instantiated at {105}.
The message (true__bool,(sign__0(v_,priv_k__0),v_),secret_pub__str,Fd__struct(y__1,pk__0(priv_k__0)),pk__0(priv_k__0)) that may be sent on channel call_join_ch_ by 33 may be received at input {105}.
The event @p_act(@occ108_1,(false__bool,(),secret_pub__str,Fd__struct(y__1,pk__0(priv_k__0)),pk__0(priv_k__0),(sign__0(v_,priv_k__0),v_),true__0)) records how variables are instantiated at {108}.
The message (false__bool,(),secret_pub__str,Fd__struct(y__1,pk__0(priv_k__0)),pk__0(priv_k__0),(sign__0(v_,priv_k__0),v_),true__0) that may be sent on channel case_ch_ by 34 may be received at input {108}.
So event ImgRecvValid__event_global(snd__0((sign__0(v_,priv_k__0),v_))) may be executed at {110}.
event(ImgRecvValid__event_global(snd__0((sign__0(v_,priv_k__0),v_)))).

36. The entry channel_table(rpc_t__0,rpc__0[]) that may be in a table by 8 may be read at get {67}.
The entry access_control_table(client_t__0,rpc_t__0,connect_rpc__0__syscall) that may be in a table by 9 may be read at get {66}.
The entry channel_table(rpc_t__0,rpc__0[]) that may be in a table by 8 may be read at get {65}.
The entry access_control_table(client_t__0,rpc_t__0,connect_rpc__0__syscall) that may be in a table by 9 may be read at get {64}.
The message ack__chan that may be sent on channel rpc__0[] by 13 may be received at input {21}.
The event @p_act(@occ30[],(true__bool,chid__struct(x_,rpc__0[]),dev_camera__str,secret_priv__str,sign_image__str,rpc__0[])) records how variables are instantiated at {30}.
The message (true__bool,chid__struct(x_,rpc__0[]),dev_camera__str,secret_priv__str,sign_image__str,rpc__0[]) that may be sent on channel channel_case_ch_ by 15 may be received at input {30}.
The event @p_act(@occ55_1,(false__bool,(),dev_camera__str,secret_priv__str,sign_image__str,chid__struct(x_,rpc__0[]))) records how variables are instantiated at {55}.
The message (false__bool,(),dev_camera__str,secret_priv__str,sign_image__str,chid__struct(x_,rpc__0[])) that may be sent on channel loop_ch_ by 16 may be received at input {55}.
So the message (true__bool,(),dev_camera__str,secret_priv__str,sign_image__str,chid__struct(x_,rpc__0[])) may be sent on channel loop_ch_ at output {56}.
mess(loop_ch_,(true__bool,(),dev_camera__str,secret_priv__str,sign_image__str,chid__struct(x_,rpc__0[]))).

37. The entry access_control_table(client_t__0,rpc_t__0,close_rpc__0__syscall) may be inserted in a table at insert {5}.
table(access_control_table(client_t__0,rpc_t__0,close_rpc__0__syscall)).

38. The entry channel_table(rpc_t__0,rpc__0[]) that may be in a table by 8 may be read at get {67}.
The entry access_control_table(client_t__0,rpc_t__0,connect_rpc__0__syscall) that may be in a table by 9 may be read at get {66}.
The entry channel_table(rpc_t__0,rpc__0[]) that may be in a table by 8 may be read at get {65}.
The entry access_control_table(client_t__0,rpc_t__0,connect_rpc__0__syscall) that may be in a table by 9 may be read at get {64}.
The message ack__chan that may be sent on channel rpc__0[] by 13 may be received at input {21}.
The event @p_act(@occ30[],(true__bool,chid__struct(x_,rpc__0[]),dev_camera__str,secret_priv__str,sign_image__str,rpc__0[])) records how variables are instantiated at {30}.
The message (true__bool,chid__struct(x_,rpc__0[]),dev_camera__str,secret_priv__str,sign_image__str,rpc__0[]) that may be sent on channel channel_case_ch_ by 15 may be received at input {30}.
The event @p_act(@occ57[],(true__bool,(),dev_camera__str,secret_priv__str,sign_image__str,chid__struct(x_,rpc__0[]))) records how variables are instantiated at {57}.
The message (true__bool,(),dev_camera__str,secret_priv__str,sign_image__str,chid__struct(x_,rpc__0[])) that may be sent on channel loop_ch_ by 36 may be received at input {57}.
The entry channel_table(rpc_t__0,rpc__0[]) that may be in a table by 8 may be read at get {62}.
The entry access_control_table(client_t__0,rpc_t__0,close_rpc__0__syscall) that may be in a table by 37 may be read at get {61}.
So the message exit__chan may be sent on channel rpc__0[] at output {59}.
mess(rpc__0[],exit__chan).

39. The entry channel_table(rpc_t__0,rpc__0[]) that may be in a table by 8 may be read at get {187}.
The entry access_control_table(client_ta_t__0,rpc_t__0,accept_rpc__0__syscall) that may be in a table by 10 may be read at get {186}.
The message req__chan that may be sent on channel rpc__0[] by 11 may be received at input {134}.
The event @p_act(@occ142[],(true__bool,(),sym_k__0,rpc__0[])) records how variables are instantiated at {142}.
The message (true__bool,(),sym_k__0,rpc__0[]) that may be sent on channel channel_case_ch__1 by 18 may be received at input {142}.
The event @p_act(@occ177_1,(false__bool,(),sym_k__0)) records how variables are instantiated at {177}.
The message (false__bool,(),sym_k__0) that may be sent on channel loop_ch__1 by 19 may be received at input {177}.
The entry channel_table(rpc_t__0,rpc__0[]) that may be in a table by 8 may be read at get {183}.
The entry access_control_table(client_ta_t__0,rpc_t__0,none__syscall) that may be in a table by 20 may be read at get {181}.
The message exit__chan that may be sent on channel rpc__0[] by 38 may be received at input {178}.
So the message (true__bool,(),sym_k__0) may be sent on channel loop_ch__1 at output {179}.
mess(loop_ch__1,(true__bool,(),sym_k__0)).

40. The entry channel_table(rpc_t__0,rpc__0[]) that may be in a table by 8 may be read at get {187}.
The entry access_control_table(client_ta_t__0,rpc_t__0,accept_rpc__0__syscall) that may be in a table by 10 may be read at get {186}.
The message req__chan that may be sent on channel rpc__0[] by 11 may be received at input {134}.
The event @p_act(@occ142[],(true__bool,(),sym_k__0,rpc__0[])) records how variables are instantiated at {142}.
The message (true__bool,(),sym_k__0,rpc__0[]) that may be sent on channel channel_case_ch__1 by 18 may be received at input {142}.
The event @p_act(@occ184[],(true__bool,(),sym_k__0)) records how variables are instantiated at {184}.
The message (true__bool,(),sym_k__0) that may be sent on channel loop_ch__1 by 39 may be received at input {184}.
So event ClientTAClose__event_global may be executed at {185}.
event(ClientTAClose__event_global).

41. The entry channel_table(rpc_t__0,rpc__0[]) that may be in a table by 8 may be read at get {67}.
The entry access_control_table(client_t__0,rpc_t__0,connect_rpc__0__syscall) that may be in a table by 9 may be read at get {66}.
The entry channel_table(rpc_t__0,rpc__0[]) that may be in a table by 8 may be read at get {65}.
The entry access_control_table(client_t__0,rpc_t__0,connect_rpc__0__syscall) that may be in a table by 9 may be read at get {64}.
The message ack__chan that may be sent on channel rpc__0[] by 13 may be received at input {21}.
The event @p_act(@occ30[],(true__bool,chid__struct(x_,rpc__0[]),dev_camera__str,secret_priv__str,sign_image__str,rpc__0[])) records how variables are instantiated at {30}.
The message (true__bool,chid__struct(x_,rpc__0[]),dev_camera__str,secret_priv__str,sign_image__str,rpc__0[]) that may be sent on channel channel_case_ch_ by 15 may be received at input {30}.
The event @p_act(@occ57[],(true__bool,(),dev_camera__str,secret_priv__str,sign_image__str,chid__struct(x_,rpc__0[]))) records how variables are instantiated at {57}.
The message (true__bool,(),dev_camera__str,secret_priv__str,sign_image__str,chid__struct(x_,rpc__0[])) that may be sent on channel loop_ch_ by 36 may be received at input {57}.
The entry channel_table(rpc_t__0,rpc__0[]) that may be in a table by 8 may be read at get {62}.
The entry access_control_table(client_t__0,rpc_t__0,close_rpc__0__syscall) that may be in a table by 37 may be read at get {61}.
So event ClientClose__event_global may be executed at {60}.
event(ClientClose__event_global).

42. By 41, event(ClientClose__event_global).
By 40, event(ClientTAClose__event_global).
By 35, event(ImgRecvValid__event_global(snd__0((sign__0(v_,priv_k__0),v_)))).
The goals are reached, combined in the following fact:
event(ClientClose__event_global) && event(ClientTAClose__event_global) && event(ImgRecvValid__event_global(snd__0((sign__0(v_,priv_k__0),v_)))).


Could not find a trace corresponding to this derivation.
goal reachable: b-event(@p_act(@occ55_1,(false__bool,(),dev_camera__str,secret_priv__str,sign_image__str,chid__struct(x_,rpc__0[])))) && b-event(@p_act(@occ57[],(true__bool,(),dev_camera__str,secret_priv__str,sign_image__str,chid__struct(x_,rpc__0[])))) && b-event(@p_act(@occ177_1,(false__bool,(),sym_k__0))) && b-event(@p_act(@occ184[],(true__bool,(),sym_k__0))) && b-event(@p_act(@occ108_1,(false__bool,(),secret_pub__str,Fd__struct(y__1,pk__0(priv_k__0)),pk__0(priv_k__0),(sign__0(v_,priv_k__0),v_),true__0))) && b-event(@p_act(@occ98_1,(false__bool,(),secret_pub__str,Fd__struct(y__1,pk__0(priv_k__0)),pk__0(priv_k__0),udp__0[]))) && b-event(@p_act(@occ101_1,(true__bool,(sign__0(v_,priv_k__0),v_),secret_pub__str,Fd__struct(y__1,pk__0(priv_k__0)),pk__0(priv_k__0),udp__0[]))) && b-event(@p_act(@occ41_1,(false__bool,(),dev_camera__str,secret_priv__str,sign_image__str,chid__struct(x_,rpc__0[]),v__1,chid__struct(x_,rpc__0[]),sign_image__str,v__1,secret_priv__str,rpc__0[]))) && b-event(@p_act(@occ43_1,(true__bool,sign__0(v_,priv_k__0),dev_camera__str,secret_priv__str,sign_image__str,chid__struct(x_,rpc__0[]),v__1,chid__struct(x_,rpc__0[]),sign_image__str,v__1,secret_priv__str,rpc__0[]))) && b-event(@p_act(@occ152_1,(secret_priv__str,enc__0(priv_k__0,sym_k__0)))) && b-event(@p_act(@occ150_1,(false__bool,(),sym_k__0,sign_image__str,v_,secret_priv__str))) && b-event(@p_act(@occ34_1,(false__bool,(),dev_camera__str,secret_priv__str,sign_image__str,chid__struct(x_,rpc__0[])))) && b-event(@p_act(@occ146_1,(false__bool,(),sym_k__0))) && b-event(@p_act(@occ142[],(true__bool,(),sym_k__0,rpc__0[]))) && b-event(@p_act(@occ34_2,(false__bool,(),dev_camera__str,secret_priv__str,sign_image__str,chid__struct(x_,rpc__0[])))) && b-event(@p_act(@occ24[],(false__bool,(),dev_camera__str,secret_priv__str,sign_image__str,rpc__0[]))) && b-event(@p_act(@occ30[],(true__bool,chid__struct(x_,rpc__0[]),dev_camera__str,secret_priv__str,sign_image__str,rpc__0[]))) && b-event(@p_act(@occ137[],(false__bool,(),sym_k__0,rpc__0[]))) && b-event(@p_act(@occ105_1,(true__bool,(sign__0(v_,priv_k__0),v_),secret_pub__str,Fd__struct(y__1,pk__0(priv_k__0)),pk__0(priv_k__0)))) && b-event(@p_act(@occ80_1,(false__bool,(),secret_pub__str,Fd__struct(y__1,pk__0(priv_k__0)),pk__0(priv_k__0)))) && b-event(@p_act(@occ74[],(secret_pub__str,pk__0(priv_k__0)))) -> event(ClientClose__event_global) && event(ClientTAClose__event_global) && event(ImgRecvValid__event_global(snd__0((sign__0(v_,priv_k__0),v_))))
Abbreviations:
x_ = x__14[channel_case_state_3__118 = rpc__0[],channel_case_state_2__117 = sign_image__str,channel_case_state_1__116 = secret_priv__str,channel_case_state_0__115 = dev_camera__str,channel_case_result__114 = (),ch_type__120 = rpc_t__0,ch_type__121 = rpc_t__0]
v_ = v__24[loop_state_3__85 = chid__struct(x_,rpc__0[]),loop_state_2__84 = sign_image__str,loop_state_1__83 = secret_priv__str,loop_state_0__82 = dev_camera__str,loop_result__81 = (),!1 = @sid,channel_case_done_state_3__69 = rpc__0[],channel_case_done_state_2__68 = sign_image__str,channel_case_done_state_1__67 = secret_priv__str,channel_case_done_state_0__66 = dev_camera__str,channel_case_done_result__65 = chid__struct(x_,rpc__0[]),ch_type__120 = rpc_t__0,ch_type__121 = rpc_t__0]
@occ55_1 = @occ55[!1 = @sid_1]
@occ177_1 = @occ177[!1 = @sid_2]
@occ108_1 = @occ108[!1 = @sid_3]
y__1 = y__27[file_contents__163 = pk__0(priv_k__0),file_type__229 = readonly_t__0]
@occ98_1 = @occ98[!1 = @sid_3]
@occ101_1 = @occ101[!1 = @sid_3]
@occ41_1 = @occ41[!1 = @sid_4]
v__1 = v__24[loop_state_3__85 = chid__struct(x_,rpc__0[]),loop_state_2__84 = sign_image__str,loop_state_1__83 = secret_priv__str,loop_state_0__82 = dev_camera__str,loop_result__81 = (),!1 = @sid_4,channel_case_done_state_3__69 = rpc__0[],channel_case_done_state_2__68 = sign_image__str,channel_case_done_state_1__67 = secret_priv__str,channel_case_done_state_0__66 = dev_camera__str,channel_case_done_result__65 = chid__struct(x_,rpc__0[]),ch_type__120 = rpc_t__0,ch_type__121 = rpc_t__0]
@occ43_1 = @occ43[!1 = @sid_4]
@occ152_1 = @occ152[!1 = @sid_5]
@occ150_1 = @occ150[!1 = @sid_5]
@occ34_1 = @occ34[!1 = @sid]
@occ146_1 = @occ146[!1 = @sid_5]
@occ34_2 = @occ34[!1 = @sid_4]
@occ105_1 = @occ105[!1 = @sid_3]
@occ80_1 = @occ80[!1 = @sid_3]

Derivation:
Abbreviations:
x_ = x__14[channel_case_state_3__118 = rpc__0[],channel_case_state_2__117 = sign_image__str,channel_case_state_1__116 = secret_priv__str,channel_case_state_0__115 = dev_camera__str,channel_case_result__114 = (),ch_type__120 = rpc_t__0,ch_type__121 = rpc_t__0]
v_ = v__24[loop_state_3__85 = chid__struct(x_,rpc__0[]),loop_state_2__84 = sign_image__str,loop_state_1__83 = secret_priv__str,loop_state_0__82 = dev_camera__str,loop_result__81 = (),!1 = @sid,channel_case_done_state_3__69 = rpc__0[],channel_case_done_state_2__68 = sign_image__str,channel_case_done_state_1__67 = secret_priv__str,channel_case_done_state_0__66 = dev_camera__str,channel_case_done_result__65 = chid__struct(x_,rpc__0[]),ch_type__120 = rpc_t__0,ch_type__121 = rpc_t__0]
loop_ch_ = loop_ch__70[channel_case_done_state_3__69 = rpc__0[],channel_case_done_state_2__68 = sign_image__str,channel_case_done_state_1__67 = secret_priv__str,channel_case_done_state_0__66 = dev_camera__str,channel_case_done_result__65 = chid__struct(x_,rpc__0[]),ch_type__120 = rpc_t__0,ch_type__121 = rpc_t__0]
channel_case_ch_ = channel_case_ch__64[ch_type__120 = rpc_t__0,ch_type__121 = rpc_t__0]
loop_ch__1 = loop_ch__126[channel_case_done_state_1__125 = rpc__0[],channel_case_done_state_0__124 = sym_k__0,channel_case_done_result__123 = (),ch_type__162 = rpc_t__0]
@occ55_1 = @occ55[!1 = @sid_1]
@occ177_1 = @occ177[!1 = @sid_2]
channel_case_ch__1 = channel_case_ch__122[ch_type__162 = rpc_t__0]
y__1 = y__27[file_contents__163 = pk__0(priv_k__0),file_type__229 = readonly_t__0]
case_ch_ = case_ch__209[call_state_2__208 = pk__0(priv_k__0),call_state_1__207 = Fd__struct(y__1,pk__0(priv_k__0)),call_state_0__206 = secret_pub__str,call_result__205 = (sign__0(v_,priv_k__0),v_),loop_state_2__176 = pk__0(priv_k__0),loop_state_1__175 = Fd__struct(y__1,pk__0(priv_k__0)),loop_state_0__174 = secret_pub__str,loop_result__173 = (),!1 = @sid_3,file_type__228 = readonly_t__0,file_contents__163 = pk__0(priv_k__0),file_type__229 = readonly_t__0]
call_join_ch_ = call_join_ch__191[loop_state_2__176 = pk__0(priv_k__0),loop_state_1__175 = Fd__struct(y__1,pk__0(priv_k__0)),loop_state_0__174 = secret_pub__str,loop_result__173 = (),!1 = @sid_3,file_type__228 = readonly_t__0,file_contents__163 = pk__0(priv_k__0),file_type__229 = readonly_t__0]
@occ105_1 = @occ105[!1 = @sid_3]
loop_ch__2 = loop_ch__164[file_type__228 = readonly_t__0,file_contents__163 = pk__0(priv_k__0),file_type__229 = readonly_t__0]
@occ80_1 = @occ80[!1 = @sid_3]
@occ108_1 = @occ108[!1 = @sid_3]
v__1 = v__24[loop_state_3__85 = chid__struct(x_,rpc__0[]),loop_state_2__84 = sign_image__str,loop_state_1__83 = secret_priv__str,loop_state_0__82 = dev_camera__str,loop_result__81 = (),!1 = @sid_4,channel_case_done_state_3__69 = rpc__0[],channel_case_done_state_2__68 = sign_image__str,channel_case_done_state_1__67 = secret_priv__str,channel_case_done_state_0__66 = dev_camera__str,channel_case_done_result__65 = chid__struct(x_,rpc__0[]),ch_type__120 = rpc_t__0,ch_type__121 = rpc_t__0]
channel_case_ch__2 = channel_case_ch__185[case_arg_0__184 = (sign__0(v_,priv_k__0),v__1),ch_type__204 = udp_t__0,ignored_v_1 = true__bool,loop_state_2__176 = pk__0(priv_k__0),loop_state_1__175 = Fd__struct(y__1,pk__0(priv_k__0)),loop_state_0__174 = secret_pub__str,loop_result__173 = (),!1 = @sid_3,file_type__228 = readonly_t__0,file_contents__163 = pk__0(priv_k__0),file_type__229 = readonly_t__0]
channel_case_ch__3 = channel_case_ch__87[case_arg_0__86 = sign__0(v_,priv_k__0),ch_type__111 = rpc_t__0,ch_type__112 = rpc_t__0,loop_state_3__85 = chid__struct(x_,rpc__0[]),loop_state_2__84 = sign_image__str,loop_state_1__83 = secret_priv__str,loop_state_0__82 = dev_camera__str,loop_result__81 = (),!1 = @sid_4,channel_case_done_state_3__69 = rpc__0[],channel_case_done_state_2__68 = sign_image__str,channel_case_done_state_1__67 = secret_priv__str,channel_case_done_state_0__66 = dev_camera__str,channel_case_done_result__65 = chid__struct(x_,rpc__0[]),ch_type__120 = rpc_t__0,ch_type__121 = rpc_t__0]
@occ43_1 = @occ43[!1 = @sid_4]
@occ34_1 = @occ34[!1 = @sid_4]
@occ34_2 = @occ34[!1 = @sid]
attack_choice_ch_1 = attack_choice_ch[loop_state_2__176 = pk__0(priv_k__0),loop_state_1__175 = Fd__struct(y__1,pk__0(priv_k__0)),loop_state_0__174 = secret_pub__str,loop_result__173 = (),!1 = @sid_3,file_type__228 = readonly_t__0,file_contents__163 = pk__0(priv_k__0),file_type__229 = readonly_t__0]
@occ98_1 = @occ98[!1 = @sid_3]
@occ101_1 = @occ101[!1 = @sid_3]
@occ41_1 = @occ41[!1 = @sid_4]
@occ152_1 = @occ152[!1 = @sid_5]
case_ch__1 = case_ch__137[case_arg_2__136 = secret_priv__str,case_arg_1__135 = v_,case_arg_0__134 = sign_image__str,ch_type__157 = rpc_t__0,loop_state_0__133 = sym_k__0,loop_result__132 = (),!1 = @sid_5,channel_case_done_state_1__125 = rpc__0[],channel_case_done_state_0__124 = sym_k__0,channel_case_done_result__123 = (),ch_type__162 = rpc_t__0]
@occ146_1 = @occ146[!1 = @sid_5]
@occ150_1 = @occ150[!1 = @sid_5]

1. The entry file_type_table(server_t__0,readonly_t__0,secret_pub__str) may be inserted in a table at insert {71}.
table(file_type_table(server_t__0,readonly_t__0,secret_pub__str)).

2. The entry access_control_table(server_t__0,readonly_t__0,fopen__0__syscall) may be inserted in a table at insert {12}.
table(access_control_table(server_t__0,readonly_t__0,fopen__0__syscall)).

3. The message (secret_pub__str,pk__0(priv_k__0)) may be sent on channel file_ch[] at output {73}.
mess(file_ch[],(secret_pub__str,pk__0(priv_k__0))).

4. The entry file_type_table(server_t__0,readonly_t__0,secret_pub__str) that may be in a table by 1 may be read at get {127}.
The entry access_control_table(server_t__0,readonly_t__0,fopen__0__syscall) that may be in a table by 2 may be read at get {126}.
The event @p_act(@occ74[],(secret_pub__str,pk__0(priv_k__0))) records how variables are instantiated at {74}.
The message (secret_pub__str,pk__0(priv_k__0)) that may be sent on channel file_ch[] by 3 may be received at input {74}.
The entry file_type_table(server_t__0,readonly_t__0,secret_pub__str) that may be in a table by 1 may be read at get {125}.
The entry access_control_table(server_t__0,readonly_t__0,fopen__0__syscall) that may be in a table by 2 may be read at get {124}.
So the message (false__bool,(),secret_pub__str,Fd__struct(y__1,pk__0(priv_k__0)),pk__0(priv_k__0)) may be sent on channel loop_ch__2 at output {78}.
mess(loop_ch__2,(false__bool,(),secret_pub__str,Fd__struct(y__1,pk__0(priv_k__0)),pk__0(priv_k__0))).

5. The entry file_type_table(server_t__0,readonly_t__0,secret_pub__str) that may be in a table by 1 may be read at get {127}.
The entry access_control_table(server_t__0,readonly_t__0,fopen__0__syscall) that may be in a table by 2 may be read at get {126}.
The event @p_act(@occ74[],(secret_pub__str,pk__0(priv_k__0))) records how variables are instantiated at {74}.
The message (secret_pub__str,pk__0(priv_k__0)) that may be sent on channel file_ch[] by 3 may be received at input {74}.
The entry file_type_table(server_t__0,readonly_t__0,secret_pub__str) that may be in a table by 1 may be read at get {125}.
The entry access_control_table(server_t__0,readonly_t__0,fopen__0__syscall) that may be in a table by 2 may be read at get {124}.
The event @p_act(@occ80_1,(false__bool,(),secret_pub__str,Fd__struct(y__1,pk__0(priv_k__0)),pk__0(priv_k__0))) records how variables are instantiated at {80}.
The message (false__bool,(),secret_pub__str,Fd__struct(y__1,pk__0(priv_k__0)),pk__0(priv_k__0)) that may be sent on channel loop_ch__2 by 4 may be received at input {80}.
So the message true__bool may be sent on channel attack_choice_ch_1 at output {83}.
mess(attack_choice_ch_1,true__bool).

6. The entry channel_table(udp_t__0,udp__0[]) may be inserted in a table at insert {18}.
table(channel_table(udp_t__0,udp__0[])).

7. The entry access_control_table(server_t__0,udp_t__0,recv__0__syscall) may be inserted in a table at insert {2}.
table(access_control_table(server_t__0,udp_t__0,recv__0__syscall)).

8. The entry channel_table(rpc_t__0,rpc__0[]) may be inserted in a table at insert {19}.
table(channel_table(rpc_t__0,rpc__0[])).

9. The entry access_control_table(client_t__0,rpc_t__0,connect_rpc__0__syscall) may be inserted in a table at insert {3}.
table(access_control_table(client_t__0,rpc_t__0,connect_rpc__0__syscall)).

10. The entry access_control_table(client_ta_t__0,rpc_t__0,accept_rpc__0__syscall) may be inserted in a table at insert {6}.
table(access_control_table(client_ta_t__0,rpc_t__0,accept_rpc__0__syscall)).

11. The entry channel_table(rpc_t__0,rpc__0[]) that may be in a table by 8 may be read at get {67}.
The entry access_control_table(client_t__0,rpc_t__0,connect_rpc__0__syscall) that may be in a table by 9 may be read at get {66}.
So the message req__chan may be sent on channel rpc__0[] at output {20}.
mess(rpc__0[],req__chan).

12. The entry channel_table(rpc_t__0,rpc__0[]) that may be in a table by 8 may be read at get {187}.
The entry access_control_table(client_ta_t__0,rpc_t__0,accept_rpc__0__syscall) that may be in a table by 10 may be read at get {186}.
The message req__chan that may be sent on channel rpc__0[] by 11 may be received at input {134}.
So the message (false__bool,(),sym_k__0,rpc__0[]) may be sent on channel channel_case_ch__1 at output {136}.
mess(channel_case_ch__1,(false__bool,(),sym_k__0,rpc__0[])).

13. The entry channel_table(rpc_t__0,rpc__0[]) that may be in a table by 8 may be read at get {187}.
The entry access_control_table(client_ta_t__0,rpc_t__0,accept_rpc__0__syscall) that may be in a table by 10 may be read at get {186}.
The message req__chan that may be sent on channel rpc__0[] by 11 may be received at input {134}.
The event @p_act(@occ137[],(false__bool,(),sym_k__0,rpc__0[])) records how variables are instantiated at {137}.
The message (false__bool,(),sym_k__0,rpc__0[]) that may be sent on channel channel_case_ch__1 by 12 may be received at input {137}.
The entry channel_table(rpc_t__0,rpc__0[]) that may be in a table by 8 may be read at get {141}.
The entry access_control_table(client_ta_t__0,rpc_t__0,accept_rpc__0__syscall) that may be in a table by 10 may be read at get {140}.
So the message ack__chan may be sent on channel rpc__0[] at output {138}.
mess(rpc__0[],ack__chan).

14. The entry channel_table(rpc_t__0,rpc__0[]) that may be in a table by 8 may be read at get {67}.
The entry access_control_table(client_t__0,rpc_t__0,connect_rpc__0__syscall) that may be in a table by 9 may be read at get {66}.
The entry channel_table(rpc_t__0,rpc__0[]) that may be in a table by 8 may be read at get {65}.
The entry access_control_table(client_t__0,rpc_t__0,connect_rpc__0__syscall) that may be in a table by 9 may be read at get {64}.
The message ack__chan that may be sent on channel rpc__0[] by 13 may be received at input {21}.
So the message (false__bool,(),dev_camera__str,secret_priv__str,sign_image__str,rpc__0[]) may be sent on channel channel_case_ch_ at output {23}.
mess(channel_case_ch_,(false__bool,(),dev_camera__str,secret_priv__str,sign_image__str,rpc__0[])).

15. The entry channel_table(rpc_t__0,rpc__0[]) that may be in a table by 8 may be read at get {67}.
The entry access_control_table(client_t__0,rpc_t__0,connect_rpc__0__syscall) that may be in a table by 9 may be read at get {66}.
The entry channel_table(rpc_t__0,rpc__0[]) that may be in a table by 8 may be read at get {65}.
The entry access_control_table(client_t__0,rpc_t__0,connect_rpc__0__syscall) that may be in a table by 9 may be read at get {64}.
The message ack__chan that may be sent on channel rpc__0[] by 13 may be received at input {21}.
The event @p_act(@occ24[],(false__bool,(),dev_camera__str,secret_priv__str,sign_image__str,rpc__0[])) records how variables are instantiated at {24}.
The message (false__bool,(),dev_camera__str,secret_priv__str,sign_image__str,rpc__0[]) that may be sent on channel channel_case_ch_ by 14 may be received at input {24}.
The entry channel_table(rpc_t__0,rpc__0[]) that may be in a table by 8 may be read at get {29}.
The entry access_control_table(client_t__0,rpc_t__0,connect_rpc__0__syscall) that may be in a table by 9 may be read at get {28}.
So the message (true__bool,chid__struct(x_,rpc__0[]),dev_camera__str,secret_priv__str,sign_image__str,rpc__0[]) may be sent on channel channel_case_ch_ at output {27}.
mess(channel_case_ch_,(true__bool,chid__struct(x_,rpc__0[]),dev_camera__str,secret_priv__str,sign_image__str,rpc__0[])).

16. The entry channel_table(rpc_t__0,rpc__0[]) that may be in a table by 8 may be read at get {67}.
The entry access_control_table(client_t__0,rpc_t__0,connect_rpc__0__syscall) that may be in a table by 9 may be read at get {66}.
The entry channel_table(rpc_t__0,rpc__0[]) that may be in a table by 8 may be read at get {65}.
The entry access_control_table(client_t__0,rpc_t__0,connect_rpc__0__syscall) that may be in a table by 9 may be read at get {64}.
The message ack__chan that may be sent on channel rpc__0[] by 13 may be received at input {21}.
The event @p_act(@occ30[],(true__bool,chid__struct(x_,rpc__0[]),dev_camera__str,secret_priv__str,sign_image__str,rpc__0[])) records how variables are instantiated at {30}.
The message (true__bool,chid__struct(x_,rpc__0[]),dev_camera__str,secret_priv__str,sign_image__str,rpc__0[]) that may be sent on channel channel_case_ch_ by 15 may be received at input {30}.
So the message (false__bool,(),dev_camera__str,secret_priv__str,sign_image__str,chid__struct(x_,rpc__0[])) may be sent on channel loop_ch_ at output {32}.
mess(loop_ch_,(false__bool,(),dev_camera__str,secret_priv__str,sign_image__str,chid__struct(x_,rpc__0[]))).

17. The entry access_control_table(client_t__0,rpc_t__0,invoke_rpc__0__syscall) may be inserted in a table at insert {4}.
table(access_control_table(client_t__0,rpc_t__0,invoke_rpc__0__syscall)).

18. The entry channel_table(rpc_t__0,rpc__0[]) that may be in a table by 8 may be read at get {187}.
The entry access_control_table(client_ta_t__0,rpc_t__0,accept_rpc__0__syscall) that may be in a table by 10 may be read at get {186}.
The message req__chan that may be sent on channel rpc__0[] by 11 may be received at input {134}.
The event @p_act(@occ137[],(false__bool,(),sym_k__0,rpc__0[])) records how variables are instantiated at {137}.
The message (false__bool,(),sym_k__0,rpc__0[]) that may be sent on channel channel_case_ch__1 by 12 may be received at input {137}.
The entry channel_table(rpc_t__0,rpc__0[]) that may be in a table by 8 may be read at get {141}.
The entry access_control_table(client_ta_t__0,rpc_t__0,accept_rpc__0__syscall) that may be in a table by 10 may be read at get {140}.
So the message (true__bool,(),sym_k__0,rpc__0[]) may be sent on channel channel_case_ch__1 at output {139}.
mess(channel_case_ch__1,(true__bool,(),sym_k__0,rpc__0[])).

19. The entry channel_table(rpc_t__0,rpc__0[]) that may be in a table by 8 may be read at get {187}.
The entry access_control_table(client_ta_t__0,rpc_t__0,accept_rpc__0__syscall) that may be in a table by 10 may be read at get {186}.
The message req__chan that may be sent on channel rpc__0[] by 11 may be received at input {134}.
The event @p_act(@occ142[],(true__bool,(),sym_k__0,rpc__0[])) records how variables are instantiated at {142}.
The message (true__bool,(),sym_k__0,rpc__0[]) that may be sent on channel channel_case_ch__1 by 18 may be received at input {142}.
So the message (false__bool,(),sym_k__0) may be sent on channel loop_ch__1 at output {144}.
mess(loop_ch__1,(false__bool,(),sym_k__0)).

20. The entry access_control_table(client_ta_t__0,rpc_t__0,none__syscall) may be inserted in a table at insert {7}.
table(access_control_table(client_ta_t__0,rpc_t__0,none__syscall)).

21. The entry channel_table(rpc_t__0,rpc__0[]) that may be in a table by 8 may be read at get {67}.
The entry access_control_table(client_t__0,rpc_t__0,connect_rpc__0__syscall) that may be in a table by 9 may be read at get {66}.
The entry channel_table(rpc_t__0,rpc__0[]) that may be in a table by 8 may be read at get {65}.
The entry access_control_table(client_t__0,rpc_t__0,connect_rpc__0__syscall) that may be in a table by 9 may be read at get {64}.
The message ack__chan that may be sent on channel rpc__0[] by 13 may be received at input {21}.
The event @p_act(@occ30[],(true__bool,chid__struct(x_,rpc__0[]),dev_camera__str,secret_priv__str,sign_image__str,rpc__0[])) records how variables are instantiated at {30}.
The message (true__bool,chid__struct(x_,rpc__0[]),dev_camera__str,secret_priv__str,sign_image__str,rpc__0[]) that may be sent on channel channel_case_ch_ by 15 may be received at input {30}.
The event @p_act(@occ34_2,(false__bool,(),dev_camera__str,secret_priv__str,sign_image__str,chid__struct(x_,rpc__0[]))) records how variables are instantiated at {34}.
The message (false__bool,(),dev_camera__str,secret_priv__str,sign_image__str,chid__struct(x_,rpc__0[])) that may be sent on channel loop_ch_ by 16 may be received at input {34}.
The entry channel_table(rpc_t__0,rpc__0[]) that may be in a table by 8 may be read at get {53}.
The entry access_control_table(client_t__0,rpc_t__0,invoke_rpc__0__syscall) that may be in a table by 17 may be read at get {52}.
So the message invoke__chan(sign_image__str,v_,secret_priv__str) may be sent on channel rpc__0[] at output {37}.
mess(rpc__0[],invoke__chan(sign_image__str,v_,secret_priv__str)).

22. The entry channel_table(rpc_t__0,rpc__0[]) that may be in a table by 8 may be read at get {187}.
The entry access_control_table(client_ta_t__0,rpc_t__0,accept_rpc__0__syscall) that may be in a table by 10 may be read at get {186}.
The message req__chan that may be sent on channel rpc__0[] by 11 may be received at input {134}.
The event @p_act(@occ142[],(true__bool,(),sym_k__0,rpc__0[])) records how variables are instantiated at {142}.
The message (true__bool,(),sym_k__0,rpc__0[]) that may be sent on channel channel_case_ch__1 by 18 may be received at input {142}.
The event @p_act(@occ146_1,(false__bool,(),sym_k__0)) records how variables are instantiated at {146}.
The message (false__bool,(),sym_k__0) that may be sent on channel loop_ch__1 by 19 may be received at input {146}.
The entry channel_table(rpc_t__0,rpc__0[]) that may be in a table by 8 may be read at get {176}.
The entry access_control_table(client_ta_t__0,rpc_t__0,none__syscall) that may be in a table by 20 may be read at get {174}.
The message invoke__chan(sign_image__str,v_,secret_priv__str) that may be sent on channel rpc__0[] by 21 may be received at input {147}.
So the message (false__bool,(),sym_k__0,sign_image__str,v_,secret_priv__str) may be sent on channel case_ch__1 at output {149}.
mess(case_ch__1,(false__bool,(),sym_k__0,sign_image__str,v_,secret_priv__str)).

23. The entry file_type_table(client_ta_t__0,readonly_t__0,secret_priv__str) may be inserted in a table at insert {131}.
table(file_type_table(client_ta_t__0,readonly_t__0,secret_priv__str)).

24. The entry access_control_table(client_ta_t__0,readonly_t__0,fopen__0__syscall) may be inserted in a table at insert {9}.
table(access_control_table(client_ta_t__0,readonly_t__0,fopen__0__syscall)).

25. The message (secret_priv__str,enc__0(priv_k__0,sym_k__0)) may be sent on channel file_ch_1[] at output {133}.
mess(file_ch_1[],(secret_priv__str,enc__0(priv_k__0,sym_k__0))).

26. The entry channel_table(rpc_t__0,rpc__0[]) that may be in a table by 8 may be read at get {187}.
The entry access_control_table(client_ta_t__0,rpc_t__0,accept_rpc__0__syscall) that may be in a table by 10 may be read at get {186}.
The message req__chan that may be sent on channel rpc__0[] by 11 may be received at input {134}.
The event @p_act(@occ142[],(true__bool,(),sym_k__0,rpc__0[])) records how variables are instantiated at {142}.
The message (true__bool,(),sym_k__0,rpc__0[]) that may be sent on channel channel_case_ch__1 by 18 may be received at input {142}.
The event @p_act(@occ146_1,(false__bool,(),sym_k__0)) records how variables are instantiated at {146}.
The message (false__bool,(),sym_k__0) that may be sent on channel loop_ch__1 by 19 may be received at input {146}.
The entry channel_table(rpc_t__0,rpc__0[]) that may be in a table by 8 may be read at get {176}.
The entry access_control_table(client_ta_t__0,rpc_t__0,none__syscall) that may be in a table by 20 may be read at get {174}.
The message invoke__chan(sign_image__str,v_,secret_priv__str) that may be sent on channel rpc__0[] by 21 may be received at input {147}.
The event @p_act(@occ150_1,(false__bool,(),sym_k__0,sign_image__str,v_,secret_priv__str)) records how variables are instantiated at {150}.
The message (false__bool,(),sym_k__0,sign_image__str,v_,secret_priv__str) that may be sent on channel case_ch__1 by 22 may be received at input {150}.
The entry file_type_table(client_ta_t__0,readonly_t__0,secret_priv__str) that may be in a table by 23 may be read at get {164}.
The entry access_control_table(client_ta_t__0,readonly_t__0,fopen__0__syscall) that may be in a table by 24 may be read at get {163}.
The event @p_act(@occ152_1,(secret_priv__str,enc__0(priv_k__0,sym_k__0))) records how variables are instantiated at {152}.
The message (secret_priv__str,enc__0(priv_k__0,sym_k__0)) that may be sent on channel file_ch_1[] by 25 may be received at input {152}.
The entry file_type_table(client_ta_t__0,readonly_t__0,secret_priv__str) that may be in a table by 23 may be read at get {162}.
The entry access_control_table(client_ta_t__0,readonly_t__0,fopen__0__syscall) that may be in a table by 24 may be read at get {161}.
The entry channel_table(rpc_t__0,rpc__0[]) that may be in a table by 8 may be read at get {159}.
The entry access_control_table(client_ta_t__0,rpc_t__0,none__syscall) that may be in a table by 20 may be read at get {158}.
So the message Returned__chan(sign__0(v_,priv_k__0)) may be sent on channel rpc__0[] at output {156}.
mess(rpc__0[],Returned__chan(sign__0(v_,priv_k__0))).

27. The entry channel_table(rpc_t__0,rpc__0[]) that may be in a table by 8 may be read at get {67}.
The entry access_control_table(client_t__0,rpc_t__0,connect_rpc__0__syscall) that may be in a table by 9 may be read at get {66}.
The entry channel_table(rpc_t__0,rpc__0[]) that may be in a table by 8 may be read at get {65}.
The entry access_control_table(client_t__0,rpc_t__0,connect_rpc__0__syscall) that may be in a table by 9 may be read at get {64}.
The message ack__chan that may be sent on channel rpc__0[] by 13 may be received at input {21}.
The event @p_act(@occ30[],(true__bool,chid__struct(x_,rpc__0[]),dev_camera__str,secret_priv__str,sign_image__str,rpc__0[])) records how variables are instantiated at {30}.
The message (true__bool,chid__struct(x_,rpc__0[]),dev_camera__str,secret_priv__str,sign_image__str,rpc__0[]) that may be sent on channel channel_case_ch_ by 15 may be received at input {30}.
The event @p_act(@occ34_1,(false__bool,(),dev_camera__str,secret_priv__str,sign_image__str,chid__struct(x_,rpc__0[]))) records how variables are instantiated at {34}.
The message (false__bool,(),dev_camera__str,secret_priv__str,sign_image__str,chid__struct(x_,rpc__0[])) that may be sent on channel loop_ch_ by 16 may be received at input {34}.
The entry channel_table(rpc_t__0,rpc__0[]) that may be in a table by 8 may be read at get {53}.
The entry access_control_table(client_t__0,rpc_t__0,invoke_rpc__0__syscall) that may be in a table by 17 may be read at get {52}.
The entry channel_table(rpc_t__0,rpc__0[]) that may be in a table by 8 may be read at get {51}.
The entry access_control_table(client_t__0,rpc_t__0,invoke_rpc__0__syscall) that may be in a table by 17 may be read at get {50}.
The message Returned__chan(sign__0(v_,priv_k__0)) that may be sent on channel rpc__0[] by 26 may be received at input {38}.
So the message (false__bool,(),dev_camera__str,secret_priv__str,sign_image__str,chid__struct(x_,rpc__0[]),v__1,chid__struct(x_,rpc__0[]),sign_image__str,v__1,secret_priv__str,rpc__0[]) may be sent on channel channel_case_ch__3 at output {40}.
mess(channel_case_ch__3,(false__bool,(),dev_camera__str,secret_priv__str,sign_image__str,chid__struct(x_,rpc__0[]),v__1,chid__struct(x_,rpc__0[]),sign_image__str,v__1,secret_priv__str,rpc__0[])).

28. The entry channel_table(rpc_t__0,rpc__0[]) that may be in a table by 8 may be read at get {67}.
The entry access_control_table(client_t__0,rpc_t__0,connect_rpc__0__syscall) that may be in a table by 9 may be read at get {66}.
The entry channel_table(rpc_t__0,rpc__0[]) that may be in a table by 8 may be read at get {65}.
The entry access_control_table(client_t__0,rpc_t__0,connect_rpc__0__syscall) that may be in a table by 9 may be read at get {64}.
The message ack__chan that may be sent on channel rpc__0[] by 13 may be received at input {21}.
The event @p_act(@occ30[],(true__bool,chid__struct(x_,rpc__0[]),dev_camera__str,secret_priv__str,sign_image__str,rpc__0[])) records how variables are instantiated at {30}.
The message (true__bool,chid__struct(x_,rpc__0[]),dev_camera__str,secret_priv__str,sign_image__str,rpc__0[]) that may be sent on channel channel_case_ch_ by 15 may be received at input {30}.
The event @p_act(@occ34_1,(false__bool,(),dev_camera__str,secret_priv__str,sign_image__str,chid__struct(x_,rpc__0[]))) records how variables are instantiated at {34}.
The message (false__bool,(),dev_camera__str,secret_priv__str,sign_image__str,chid__struct(x_,rpc__0[])) that may be sent on channel loop_ch_ by 16 may be received at input {34}.
The entry channel_table(rpc_t__0,rpc__0[]) that may be in a table by 8 may be read at get {53}.
The entry access_control_table(client_t__0,rpc_t__0,invoke_rpc__0__syscall) that may be in a table by 17 may be read at get {52}.
The entry channel_table(rpc_t__0,rpc__0[]) that may be in a table by 8 may be read at get {51}.
The entry access_control_table(client_t__0,rpc_t__0,invoke_rpc__0__syscall) that may be in a table by 17 may be read at get {50}.
The message Returned__chan(sign__0(v_,priv_k__0)) that may be sent on channel rpc__0[] by 26 may be received at input {38}.
The event @p_act(@occ41_1,(false__bool,(),dev_camera__str,secret_priv__str,sign_image__str,chid__struct(x_,rpc__0[]),v__1,chid__struct(x_,rpc__0[]),sign_image__str,v__1,secret_priv__str,rpc__0[])) records how variables are instantiated at {41}.
The message (false__bool,(),dev_camera__str,secret_priv__str,sign_image__str,chid__struct(x_,rpc__0[]),v__1,chid__struct(x_,rpc__0[]),sign_image__str,v__1,secret_priv__str,rpc__0[]) that may be sent on channel channel_case_ch__3 by 27 may be received at input {41}.
So the message (true__bool,sign__0(v_,priv_k__0),dev_camera__str,secret_priv__str,sign_image__str,chid__struct(x_,rpc__0[]),v__1,chid__struct(x_,rpc__0[]),sign_image__str,v__1,secret_priv__str,rpc__0[]) may be sent on channel channel_case_ch__3 at output {42}.
mess(channel_case_ch__3,(true__bool,sign__0(v_,priv_k__0),dev_camera__str,secret_priv__str,sign_image__str,chid__struct(x_,rpc__0[]),v__1,chid__struct(x_,rpc__0[]),sign_image__str,v__1,secret_priv__str,rpc__0[])).

29. The entry access_control_table(client_t__0,udp_t__0,send__0__syscall) may be inserted in a table at insert {1}.
table(access_control_table(client_t__0,udp_t__0,send__0__syscall)).

30. The entry channel_table(rpc_t__0,rpc__0[]) that may be in a table by 8 may be read at get {67}.
The entry access_control_table(client_t__0,rpc_t__0,connect_rpc__0__syscall) that may be in a table by 9 may be read at get {66}.
The entry channel_table(rpc_t__0,rpc__0[]) that may be in a table by 8 may be read at get {65}.
The entry access_control_table(client_t__0,rpc_t__0,connect_rpc__0__syscall) that may be in a table by 9 may be read at get {64}.
The message ack__chan that may be sent on channel rpc__0[] by 13 may be received at input {21}.
The event @p_act(@occ30[],(true__bool,chid__struct(x_,rpc__0[]),dev_camera__str,secret_priv__str,sign_image__str,rpc__0[])) records how variables are instantiated at {30}.
The message (true__bool,chid__struct(x_,rpc__0[]),dev_camera__str,secret_priv__str,sign_image__str,rpc__0[]) that may be sent on channel channel_case_ch_ by 15 may be received at input {30}.
The event @p_act(@occ34_1,(false__bool,(),dev_camera__str,secret_priv__str,sign_image__str,chid__struct(x_,rpc__0[]))) records how variables are instantiated at {34}.
The message (false__bool,(),dev_camera__str,secret_priv__str,sign_image__str,chid__struct(x_,rpc__0[])) that may be sent on channel loop_ch_ by 16 may be received at input {34}.
The entry channel_table(rpc_t__0,rpc__0[]) that may be in a table by 8 may be read at get {53}.
The entry access_control_table(client_t__0,rpc_t__0,invoke_rpc__0__syscall) that may be in a table by 17 may be read at get {52}.
The entry channel_table(rpc_t__0,rpc__0[]) that may be in a table by 8 may be read at get {51}.
The entry access_control_table(client_t__0,rpc_t__0,invoke_rpc__0__syscall) that may be in a table by 17 may be read at get {50}.
The message Returned__chan(sign__0(v_,priv_k__0)) that may be sent on channel rpc__0[] by 26 may be received at input {38}.
The event @p_act(@occ43_1,(true__bool,sign__0(v_,priv_k__0),dev_camera__str,secret_priv__str,sign_image__str,chid__struct(x_,rpc__0[]),v__1,chid__struct(x_,rpc__0[]),sign_image__str,v__1,secret_priv__str,rpc__0[])) records how variables are instantiated at {43}.
The message (true__bool,sign__0(v_,priv_k__0),dev_camera__str,secret_priv__str,sign_image__str,chid__struct(x_,rpc__0[]),v__1,chid__struct(x_,rpc__0[]),sign_image__str,v__1,secret_priv__str,rpc__0[]) that may be sent on channel channel_case_ch__3 by 28 may be received at input {43}.
The entry channel_table(udp_t__0,udp__0[]) that may be in a table by 6 may be read at get {49}.
The entry access_control_table(client_t__0,udp_t__0,send__0__syscall) that may be in a table by 29 may be read at get {48}.
So the message store__chan((sign__0(v_,priv_k__0),v__1)) may be sent on channel udp__0[] at output {46}.
mess(udp__0[],store__chan((sign__0(v_,priv_k__0),v__1))).

31. The entry file_type_table(server_t__0,readonly_t__0,secret_pub__str) that may be in a table by 1 may be read at get {127}.
The entry access_control_table(server_t__0,readonly_t__0,fopen__0__syscall) that may be in a table by 2 may be read at get {126}.
The event @p_act(@occ74[],(secret_pub__str,pk__0(priv_k__0))) records how variables are instantiated at {74}.
The message (secret_pub__str,pk__0(priv_k__0)) that may be sent on channel file_ch[] by 3 may be received at input {74}.
The entry file_type_table(server_t__0,readonly_t__0,secret_pub__str) that may be in a table by 1 may be read at get {125}.
The entry access_control_table(server_t__0,readonly_t__0,fopen__0__syscall) that may be in a table by 2 may be read at get {124}.
The event @p_act(@occ80_1,(false__bool,(),secret_pub__str,Fd__struct(y__1,pk__0(priv_k__0)),pk__0(priv_k__0))) records how variables are instantiated at {80}.
The message (false__bool,(),secret_pub__str,Fd__struct(y__1,pk__0(priv_k__0)),pk__0(priv_k__0)) that may be sent on channel loop_ch__2 by 4 may be received at input {80}.
The message true__bool that may be sent on channel attack_choice_ch_1 by 5 may be received at input {94}.
The entry channel_table(udp_t__0,udp__0[]) that may be in a table by 6 may be read at get {104}.
The entry access_control_table(server_t__0,udp_t__0,recv__0__syscall) that may be in a table by 7 may be read at get {103}.
The message store__chan((sign__0(v_,priv_k__0),v__1)) that may be sent on channel udp__0[] by 30 may be received at input {95}.
So the message (false__bool,(),secret_pub__str,Fd__struct(y__1,pk__0(priv_k__0)),pk__0(priv_k__0),udp__0[]) may be sent on channel channel_case_ch__2 at output {97}.
mess(channel_case_ch__2,(false__bool,(),secret_pub__str,Fd__struct(y__1,pk__0(priv_k__0)),pk__0(priv_k__0),udp__0[])).

32. The entry channel_table(rpc_t__0,rpc__0[]) that may be in a table by 8 may be read at get {67}.
The entry access_control_table(client_t__0,rpc_t__0,connect_rpc__0__syscall) that may be in a table by 9 may be read at get {66}.
The entry channel_table(rpc_t__0,rpc__0[]) that may be in a table by 8 may be read at get {65}.
The entry access_control_table(client_t__0,rpc_t__0,connect_rpc__0__syscall) that may be in a table by 9 may be read at get {64}.
The message ack__chan that may be sent on channel rpc__0[] by 13 may be received at input {21}.
The event @p_act(@occ30[],(true__bool,chid__struct(x_,rpc__0[]),dev_camera__str,secret_priv__str,sign_image__str,rpc__0[])) records how variables are instantiated at {30}.
The message (true__bool,chid__struct(x_,rpc__0[]),dev_camera__str,secret_priv__str,sign_image__str,rpc__0[]) that may be sent on channel channel_case_ch_ by 15 may be received at input {30}.
The event @p_act(@occ34_2,(false__bool,(),dev_camera__str,secret_priv__str,sign_image__str,chid__struct(x_,rpc__0[]))) records how variables are instantiated at {34}.
The message (false__bool,(),dev_camera__str,secret_priv__str,sign_image__str,chid__struct(x_,rpc__0[])) that may be sent on channel loop_ch_ by 16 may be received at input {34}.
So the message v_ may be sent to the attacker at output {36}.
attacker(v_).

33. The entry channel_table(rpc_t__0,rpc__0[]) that may be in a table by 8 may be read at get {67}.
The entry access_control_table(client_t__0,rpc_t__0,connect_rpc__0__syscall) that may be in a table by 9 may be read at get {66}.
The entry channel_table(rpc_t__0,rpc__0[]) that may be in a table by 8 may be read at get {65}.
The entry access_control_table(client_t__0,rpc_t__0,connect_rpc__0__syscall) that may be in a table by 9 may be read at get {64}.
The message ack__chan that may be sent on channel rpc__0[] by 13 may be received at input {21}.
The event @p_act(@occ30[],(true__bool,chid__struct(x_,rpc__0[]),dev_camera__str,secret_priv__str,sign_image__str,rpc__0[])) records how variables are instantiated at {30}.
The message (true__bool,chid__struct(x_,rpc__0[]),dev_camera__str,secret_priv__str,sign_image__str,rpc__0[]) that may be sent on channel channel_case_ch_ by 15 may be received at input {30}.
The event @p_act(@occ34_1,(false__bool,(),dev_camera__str,secret_priv__str,sign_image__str,chid__struct(x_,rpc__0[]))) records how variables are instantiated at {34}.
The message (false__bool,(),dev_camera__str,secret_priv__str,sign_image__str,chid__struct(x_,rpc__0[])) that may be sent on channel loop_ch_ by 16 may be received at input {34}.
The entry channel_table(rpc_t__0,rpc__0[]) that may be in a table by 8 may be read at get {53}.
The entry access_control_table(client_t__0,rpc_t__0,invoke_rpc__0__syscall) that may be in a table by 17 may be read at get {52}.
The entry channel_table(rpc_t__0,rpc__0[]) that may be in a table by 8 may be read at get {51}.
The entry access_control_table(client_t__0,rpc_t__0,invoke_rpc__0__syscall) that may be in a table by 17 may be read at get {50}.
The message Returned__chan(sign__0(v_,priv_k__0)) that may be sent on channel rpc__0[] by 26 may be received at input {38}.
The event @p_act(@occ43_1,(true__bool,sign__0(v_,priv_k__0),dev_camera__str,secret_priv__str,sign_image__str,chid__struct(x_,rpc__0[]),v__1,chid__struct(x_,rpc__0[]),sign_image__str,v__1,secret_priv__str,rpc__0[])) records how variables are instantiated at {43}.
The message (true__bool,sign__0(v_,priv_k__0),dev_camera__str,secret_priv__str,sign_image__str,chid__struct(x_,rpc__0[]),v__1,chid__struct(x_,rpc__0[]),sign_image__str,v__1,secret_priv__str,rpc__0[]) that may be sent on channel channel_case_ch__3 by 28 may be received at input {43}.
So the message sign__0(v_,priv_k__0) may be sent to the attacker at output {44}.
attacker(sign__0(v_,priv_k__0)).

34. By 33, the attacker may know sign__0(v_,priv_k__0).
By 32, the attacker may know v_.
Using the function 2-tuple the attacker may obtain (sign__0(v_,priv_k__0),v_).
attacker((sign__0(v_,priv_k__0),v_)).

35. The entry file_type_table(server_t__0,readonly_t__0,secret_pub__str) that may be in a table by 1 may be read at get {127}.
The entry access_control_table(server_t__0,readonly_t__0,fopen__0__syscall) that may be in a table by 2 may be read at get {126}.
The event @p_act(@occ74[],(secret_pub__str,pk__0(priv_k__0))) records how variables are instantiated at {74}.
The message (secret_pub__str,pk__0(priv_k__0)) that may be sent on channel file_ch[] by 3 may be received at input {74}.
The entry file_type_table(server_t__0,readonly_t__0,secret_pub__str) that may be in a table by 1 may be read at get {125}.
The entry access_control_table(server_t__0,readonly_t__0,fopen__0__syscall) that may be in a table by 2 may be read at get {124}.
The event @p_act(@occ80_1,(false__bool,(),secret_pub__str,Fd__struct(y__1,pk__0(priv_k__0)),pk__0(priv_k__0))) records how variables are instantiated at {80}.
The message (false__bool,(),secret_pub__str,Fd__struct(y__1,pk__0(priv_k__0)),pk__0(priv_k__0)) that may be sent on channel loop_ch__2 by 4 may be received at input {80}.
The message true__bool that may be sent on channel attack_choice_ch_1 by 5 may be received at input {94}.
The entry channel_table(udp_t__0,udp__0[]) that may be in a table by 6 may be read at get {104}.
The entry access_control_table(server_t__0,udp_t__0,recv__0__syscall) that may be in a table by 7 may be read at get {103}.
The message store__chan((sign__0(v_,priv_k__0),v__1)) that may be sent on channel udp__0[] by 30 may be received at input {95}.
The event @p_act(@occ98_1,(false__bool,(),secret_pub__str,Fd__struct(y__1,pk__0(priv_k__0)),pk__0(priv_k__0),udp__0[])) records how variables are instantiated at {98}.
The message (false__bool,(),secret_pub__str,Fd__struct(y__1,pk__0(priv_k__0)),pk__0(priv_k__0),udp__0[]) that may be sent on channel channel_case_ch__2 by 31 may be received at input {98}.
The message (sign__0(v_,priv_k__0),v_) that the attacker may have by 34 may be received at input {99}.
So the message (true__bool,(sign__0(v_,priv_k__0),v_),secret_pub__str,Fd__struct(y__1,pk__0(priv_k__0)),pk__0(priv_k__0),udp__0[]) may be sent on channel channel_case_ch__2 at output {100}.
mess(channel_case_ch__2,(true__bool,(sign__0(v_,priv_k__0),v_),secret_pub__str,Fd__struct(y__1,pk__0(priv_k__0)),pk__0(priv_k__0),udp__0[])).

36. The entry file_type_table(server_t__0,readonly_t__0,secret_pub__str) that may be in a table by 1 may be read at get {127}.
The entry access_control_table(server_t__0,readonly_t__0,fopen__0__syscall) that may be in a table by 2 may be read at get {126}.
The event @p_act(@occ74[],(secret_pub__str,pk__0(priv_k__0))) records how variables are instantiated at {74}.
The message (secret_pub__str,pk__0(priv_k__0)) that may be sent on channel file_ch[] by 3 may be received at input {74}.
The entry file_type_table(server_t__0,readonly_t__0,secret_pub__str) that may be in a table by 1 may be read at get {125}.
The entry access_control_table(server_t__0,readonly_t__0,fopen__0__syscall) that may be in a table by 2 may be read at get {124}.
The event @p_act(@occ80_1,(false__bool,(),secret_pub__str,Fd__struct(y__1,pk__0(priv_k__0)),pk__0(priv_k__0))) records how variables are instantiated at {80}.
The message (false__bool,(),secret_pub__str,Fd__struct(y__1,pk__0(priv_k__0)),pk__0(priv_k__0)) that may be sent on channel loop_ch__2 by 4 may be received at input {80}.
The message true__bool that may be sent on channel attack_choice_ch_1 by 5 may be received at input {94}.
The entry channel_table(udp_t__0,udp__0[]) that may be in a table by 6 may be read at get {104}.
The entry access_control_table(server_t__0,udp_t__0,recv__0__syscall) that may be in a table by 7 may be read at get {103}.
The message store__chan((sign__0(v_,priv_k__0),v__1)) that may be sent on channel udp__0[] by 30 may be received at input {95}.
The event @p_act(@occ101_1,(true__bool,(sign__0(v_,priv_k__0),v_),secret_pub__str,Fd__struct(y__1,pk__0(priv_k__0)),pk__0(priv_k__0),udp__0[])) records how variables are instantiated at {101}.
The message (true__bool,(sign__0(v_,priv_k__0),v_),secret_pub__str,Fd__struct(y__1,pk__0(priv_k__0)),pk__0(priv_k__0),udp__0[]) that may be sent on channel channel_case_ch__2 by 35 may be received at input {101}.
So the message (true__bool,(sign__0(v_,priv_k__0),v_),secret_pub__str,Fd__struct(y__1,pk__0(priv_k__0)),pk__0(priv_k__0)) may be sent on channel call_join_ch_ at output {102}.
mess(call_join_ch_,(true__bool,(sign__0(v_,priv_k__0),v_),secret_pub__str,Fd__struct(y__1,pk__0(priv_k__0)),pk__0(priv_k__0))).

37. The entry file_type_table(server_t__0,readonly_t__0,secret_pub__str) that may be in a table by 1 may be read at get {127}.
The entry access_control_table(server_t__0,readonly_t__0,fopen__0__syscall) that may be in a table by 2 may be read at get {126}.
The event @p_act(@occ74[],(secret_pub__str,pk__0(priv_k__0))) records how variables are instantiated at {74}.
The message (secret_pub__str,pk__0(priv_k__0)) that may be sent on channel file_ch[] by 3 may be received at input {74}.
The entry file_type_table(server_t__0,readonly_t__0,secret_pub__str) that may be in a table by 1 may be read at get {125}.
The entry access_control_table(server_t__0,readonly_t__0,fopen__0__syscall) that may be in a table by 2 may be read at get {124}.
The event @p_act(@occ80_1,(false__bool,(),secret_pub__str,Fd__struct(y__1,pk__0(priv_k__0)),pk__0(priv_k__0))) records how variables are instantiated at {80}.
The message (false__bool,(),secret_pub__str,Fd__struct(y__1,pk__0(priv_k__0)),pk__0(priv_k__0)) that may be sent on channel loop_ch__2 by 4 may be received at input {80}.
The event @p_act(@occ105_1,(true__bool,(sign__0(v_,priv_k__0),v_),secret_pub__str,Fd__struct(y__1,pk__0(priv_k__0)),pk__0(priv_k__0))) records how variables are instantiated at {105}.
The message (true__bool,(sign__0(v_,priv_k__0),v_),secret_pub__str,Fd__struct(y__1,pk__0(priv_k__0)),pk__0(priv_k__0)) that may be sent on channel call_join_ch_ by 36 may be received at input {105}.
So the message (false__bool,(),secret_pub__str,Fd__struct(y__1,pk__0(priv_k__0)),pk__0(priv_k__0),(sign__0(v_,priv_k__0),v_),true__0) may be sent on channel case_ch_ at output {107}.
mess(case_ch_,(false__bool,(),secret_pub__str,Fd__struct(y__1,pk__0(priv_k__0)),pk__0(priv_k__0),(sign__0(v_,priv_k__0),v_),true__0)).

38. The entry file_type_table(server_t__0,readonly_t__0,secret_pub__str) that may be in a table by 1 may be read at get {127}.
The entry access_control_table(server_t__0,readonly_t__0,fopen__0__syscall) that may be in a table by 2 may be read at get {126}.
The event @p_act(@occ74[],(secret_pub__str,pk__0(priv_k__0))) records how variables are instantiated at {74}.
The message (secret_pub__str,pk__0(priv_k__0)) that may be sent on channel file_ch[] by 3 may be received at input {74}.
The entry file_type_table(server_t__0,readonly_t__0,secret_pub__str) that may be in a table by 1 may be read at get {125}.
The entry access_control_table(server_t__0,readonly_t__0,fopen__0__syscall) that may be in a table by 2 may be read at get {124}.
The event @p_act(@occ80_1,(false__bool,(),secret_pub__str,Fd__struct(y__1,pk__0(priv_k__0)),pk__0(priv_k__0))) records how variables are instantiated at {80}.
The message (false__bool,(),secret_pub__str,Fd__struct(y__1,pk__0(priv_k__0)),pk__0(priv_k__0)) that may be sent on channel loop_ch__2 by 4 may be received at input {80}.
The event @p_act(@occ105_1,(true__bool,(sign__0(v_,priv_k__0),v_),secret_pub__str,Fd__struct(y__1,pk__0(priv_k__0)),pk__0(priv_k__0))) records how variables are instantiated at {105}.
The message (true__bool,(sign__0(v_,priv_k__0),v_),secret_pub__str,Fd__struct(y__1,pk__0(priv_k__0)),pk__0(priv_k__0)) that may be sent on channel call_join_ch_ by 36 may be received at input {105}.
The event @p_act(@occ108_1,(false__bool,(),secret_pub__str,Fd__struct(y__1,pk__0(priv_k__0)),pk__0(priv_k__0),(sign__0(v_,priv_k__0),v_),true__0)) records how variables are instantiated at {108}.
The message (false__bool,(),secret_pub__str,Fd__struct(y__1,pk__0(priv_k__0)),pk__0(priv_k__0),(sign__0(v_,priv_k__0),v_),true__0) that may be sent on channel case_ch_ by 37 may be received at input {108}.
So event ImgRecvValid__event_global(snd__0((sign__0(v_,priv_k__0),v_))) may be executed at {110}.
event(ImgRecvValid__event_global(snd__0((sign__0(v_,priv_k__0),v_)))).

39. The entry channel_table(rpc_t__0,rpc__0[]) that may be in a table by 8 may be read at get {67}.
The entry access_control_table(client_t__0,rpc_t__0,connect_rpc__0__syscall) that may be in a table by 9 may be read at get {66}.
The entry channel_table(rpc_t__0,rpc__0[]) that may be in a table by 8 may be read at get {65}.
The entry access_control_table(client_t__0,rpc_t__0,connect_rpc__0__syscall) that may be in a table by 9 may be read at get {64}.
The message ack__chan that may be sent on channel rpc__0[] by 13 may be received at input {21}.
The event @p_act(@occ30[],(true__bool,chid__struct(x_,rpc__0[]),dev_camera__str,secret_priv__str,sign_image__str,rpc__0[])) records how variables are instantiated at {30}.
The message (true__bool,chid__struct(x_,rpc__0[]),dev_camera__str,secret_priv__str,sign_image__str,rpc__0[]) that may be sent on channel channel_case_ch_ by 15 may be received at input {30}.
The event @p_act(@occ55_1,(false__bool,(),dev_camera__str,secret_priv__str,sign_image__str,chid__struct(x_,rpc__0[]))) records how variables are instantiated at {55}.
The message (false__bool,(),dev_camera__str,secret_priv__str,sign_image__str,chid__struct(x_,rpc__0[])) that may be sent on channel loop_ch_ by 16 may be received at input {55}.
So the message (true__bool,(),dev_camera__str,secret_priv__str,sign_image__str,chid__struct(x_,rpc__0[])) may be sent on channel loop_ch_ at output {56}.
mess(loop_ch_,(true__bool,(),dev_camera__str,secret_priv__str,sign_image__str,chid__struct(x_,rpc__0[]))).

40. The entry access_control_table(client_t__0,rpc_t__0,close_rpc__0__syscall) may be inserted in a table at insert {5}.
table(access_control_table(client_t__0,rpc_t__0,close_rpc__0__syscall)).

41. The entry channel_table(rpc_t__0,rpc__0[]) that may be in a table by 8 may be read at get {67}.
The entry access_control_table(client_t__0,rpc_t__0,connect_rpc__0__syscall) that may be in a table by 9 may be read at get {66}.
The entry channel_table(rpc_t__0,rpc__0[]) that may be in a table by 8 may be read at get {65}.
The entry access_control_table(client_t__0,rpc_t__0,connect_rpc__0__syscall) that may be in a table by 9 may be read at get {64}.
The message ack__chan that may be sent on channel rpc__0[] by 13 may be received at input {21}.
The event @p_act(@occ30[],(true__bool,chid__struct(x_,rpc__0[]),dev_camera__str,secret_priv__str,sign_image__str,rpc__0[])) records how variables are instantiated at {30}.
The message (true__bool,chid__struct(x_,rpc__0[]),dev_camera__str,secret_priv__str,sign_image__str,rpc__0[]) that may be sent on channel channel_case_ch_ by 15 may be received at input {30}.
The event @p_act(@occ57[],(true__bool,(),dev_camera__str,secret_priv__str,sign_image__str,chid__struct(x_,rpc__0[]))) records how variables are instantiated at {57}.
The message (true__bool,(),dev_camera__str,secret_priv__str,sign_image__str,chid__struct(x_,rpc__0[])) that may be sent on channel loop_ch_ by 39 may be received at input {57}.
The entry channel_table(rpc_t__0,rpc__0[]) that may be in a table by 8 may be read at get {62}.
The entry access_control_table(client_t__0,rpc_t__0,close_rpc__0__syscall) that may be in a table by 40 may be read at get {61}.
So the message exit__chan may be sent on channel rpc__0[] at output {59}.
mess(rpc__0[],exit__chan).

42. The entry channel_table(rpc_t__0,rpc__0[]) that may be in a table by 8 may be read at get {187}.
The entry access_control_table(client_ta_t__0,rpc_t__0,accept_rpc__0__syscall) that may be in a table by 10 may be read at get {186}.
The message req__chan that may be sent on channel rpc__0[] by 11 may be received at input {134}.
The event @p_act(@occ142[],(true__bool,(),sym_k__0,rpc__0[])) records how variables are instantiated at {142}.
The message (true__bool,(),sym_k__0,rpc__0[]) that may be sent on channel channel_case_ch__1 by 18 may be received at input {142}.
The event @p_act(@occ177_1,(false__bool,(),sym_k__0)) records how variables are instantiated at {177}.
The message (false__bool,(),sym_k__0) that may be sent on channel loop_ch__1 by 19 may be received at input {177}.
The entry channel_table(rpc_t__0,rpc__0[]) that may be in a table by 8 may be read at get {183}.
The entry access_control_table(client_ta_t__0,rpc_t__0,none__syscall) that may be in a table by 20 may be read at get {181}.
The message exit__chan that may be sent on channel rpc__0[] by 41 may be received at input {178}.
So the message (true__bool,(),sym_k__0) may be sent on channel loop_ch__1 at output {179}.
mess(loop_ch__1,(true__bool,(),sym_k__0)).

43. The entry channel_table(rpc_t__0,rpc__0[]) that may be in a table by 8 may be read at get {187}.
The entry access_control_table(client_ta_t__0,rpc_t__0,accept_rpc__0__syscall) that may be in a table by 10 may be read at get {186}.
The message req__chan that may be sent on channel rpc__0[] by 11 may be received at input {134}.
The event @p_act(@occ142[],(true__bool,(),sym_k__0,rpc__0[])) records how variables are instantiated at {142}.
The message (true__bool,(),sym_k__0,rpc__0[]) that may be sent on channel channel_case_ch__1 by 18 may be received at input {142}.
The event @p_act(@occ184[],(true__bool,(),sym_k__0)) records how variables are instantiated at {184}.
The message (true__bool,(),sym_k__0) that may be sent on channel loop_ch__1 by 42 may be received at input {184}.
So event ClientTAClose__event_global may be executed at {185}.
event(ClientTAClose__event_global).

44. The entry channel_table(rpc_t__0,rpc__0[]) that may be in a table by 8 may be read at get {67}.
The entry access_control_table(client_t__0,rpc_t__0,connect_rpc__0__syscall) that may be in a table by 9 may be read at get {66}.
The entry channel_table(rpc_t__0,rpc__0[]) that may be in a table by 8 may be read at get {65}.
The entry access_control_table(client_t__0,rpc_t__0,connect_rpc__0__syscall) that may be in a table by 9 may be read at get {64}.
The message ack__chan that may be sent on channel rpc__0[] by 13 may be received at input {21}.
The event @p_act(@occ30[],(true__bool,chid__struct(x_,rpc__0[]),dev_camera__str,secret_priv__str,sign_image__str,rpc__0[])) records how variables are instantiated at {30}.
The message (true__bool,chid__struct(x_,rpc__0[]),dev_camera__str,secret_priv__str,sign_image__str,rpc__0[]) that may be sent on channel channel_case_ch_ by 15 may be received at input {30}.
The event @p_act(@occ57[],(true__bool,(),dev_camera__str,secret_priv__str,sign_image__str,chid__struct(x_,rpc__0[]))) records how variables are instantiated at {57}.
The message (true__bool,(),dev_camera__str,secret_priv__str,sign_image__str,chid__struct(x_,rpc__0[])) that may be sent on channel loop_ch_ by 39 may be received at input {57}.
The entry channel_table(rpc_t__0,rpc__0[]) that may be in a table by 8 may be read at get {62}.
The entry access_control_table(client_t__0,rpc_t__0,close_rpc__0__syscall) that may be in a table by 40 may be read at get {61}.
So event ClientClose__event_global may be executed at {60}.
event(ClientClose__event_global).

45. By 44, event(ClientClose__event_global).
By 43, event(ClientTAClose__event_global).
By 38, event(ImgRecvValid__event_global(snd__0((sign__0(v_,priv_k__0),v_)))).
The goals are reached, combined in the following fact:
event(ClientClose__event_global) && event(ClientTAClose__event_global) && event(ImgRecvValid__event_global(snd__0((sign__0(v_,priv_k__0),v_)))).


Could not find a trace corresponding to this derivation.
RESULT not (event(ClientClose__event_global) && event(ClientTAClose__event_global) && event(ImgRecvValid__event_global(x__62))) cannot be proved.
-- Query event(ImgRecvValid__event_global(x__63)) ==> event(ImgSend__event_global(x__63)) in process 1.
Translating the process into Horn clauses...
Initial clauses:
Clause 0: attacker(v) && attacker(v_1) && attacker(v_2) -> attacker(verify__0(v,v_1,v_2))
(The attacker applies function verify__0.)

Clause 1: attacker(udp_t__0)
(The attacker applies function udp_t__0.)

Clause 2: attacker(true__bool)
(The attacker applies function true__bool.)

Clause 3: attacker(true__0)
(The attacker applies function true__0.)

Clause 4: attacker(true)
(The attacker applies function true.)

Clause 5: attacker(v) -> attacker(store__chan(v))
(The attacker applies function store__chan.)

Clause 6: attacker(store__chan(v)) -> attacker(v)
(The attacker applies function 1-proj-store__chan.)

Clause 7: attacker(v) -> attacker(snd__0(v))
(The attacker applies function snd__0.)

Clause 8: attacker(sign_image__str)
(The attacker applies function sign_image__str.)

Clause 9: attacker(v) && attacker(v_1) -> attacker(sign__0(v,v_1))
(The attacker applies function sign__0.)

Clause 10: attacker(server_t__0)
(The attacker applies function server_t__0.)

Clause 11: attacker(send__0__syscall)
(The attacker applies function send__0__syscall.)

Clause 12: attacker(secret_pub__str)
(The attacker applies function secret_pub__str.)

Clause 13: attacker(secret_priv__str)
(The attacker applies function secret_priv__str.)

Clause 14: attacker(rpc_t__0)
(The attacker applies function rpc_t__0.)

Clause 15: attacker(req__chan)
(The attacker applies function req__chan.)

Clause 16: attacker(recv__0__syscall)
(The attacker applies function recv__0__syscall.)

Clause 17: attacker(readonly_t__0)
(The attacker applies function readonly_t__0.)

Clause 18: attacker(v) -> attacker(pk__0(v))
(The attacker applies function pk__0.)

Clause 19: attacker(none__syscall)
(The attacker applies function none__syscall.)

Clause 20: attacker(invoke_rpc__0__syscall)
(The attacker applies function invoke_rpc__0__syscall.)

Clause 21: attacker(v) && attacker(v_1) && attacker(v_2) -> attacker(invoke__chan(v,v_1,v_2))
(The attacker applies function invoke__chan.)

Clause 22: attacker(invoke__chan(v,v_1,v_2)) -> attacker(v)
(The attacker applies function 1-proj-invoke__chan.)

Clause 23: attacker(invoke__chan(v,v_1,v_2)) -> attacker(v_1)
(The attacker applies function 2-proj-invoke__chan.)

Clause 24: attacker(invoke__chan(v,v_1,v_2)) -> attacker(v_2)
(The attacker applies function 3-proj-invoke__chan.)

Clause 25: attacker(v) -> attacker(h__0(v))
(The attacker applies function h__0.)

Clause 26: attacker(get_picture__0__syscall)
(The attacker applies function get_picture__0__syscall.)

Clause 27: attacker(v) -> attacker(fst__0(v))
(The attacker applies function fst__0.)

Clause 28: attacker(fread__0__syscall)
(The attacker applies function fread__0__syscall.)

Clause 29: attacker(fopen__0__syscall)
(The attacker applies function fopen__0__syscall.)

Clause 30: attacker(fclose__0__syscall)
(The attacker applies function fclose__0__syscall.)

Clause 31: attacker(false__bool)
(The attacker applies function false__bool.)

Clause 32: attacker(false)
(The attacker applies function false.)

Clause 33: attacker(exit__chan)
(The attacker applies function exit__chan.)

Clause 34: attacker(v) && attacker(v_1) -> attacker(enc__0(v,v_1))
(The attacker applies function enc__0.)

Clause 35: attacker(eaves_mem__0__syscall)
(The attacker applies function eaves_mem__0__syscall.)

Clause 36: attacker(dev_camera__str)
(The attacker applies function dev_camera__str.)

Clause 37: attacker(v) && attacker(v_1) -> attacker(dec__0(v,v_1))
(The attacker applies function dec__0.)

Clause 38: attacker(enc__0(x__5,y__6)) && attacker(y__6) -> attacker(x__5)
(The attacker applies function dec__0.)

Clause 39: attacker(connect_rpc__0__syscall)
(The attacker applies function connect_rpc__0__syscall.)

Clause 40: attacker(conn__chan)
(The attacker applies function conn__chan.)

Clause 41: attacker(close_rpc__0__syscall)
(The attacker applies function close_rpc__0__syscall.)

Clause 42: attacker(client_ta_t__0)
(The attacker applies function client_ta_t__0.)

Clause 43: attacker(client_t__0)
(The attacker applies function client_t__0.)

Clause 44: attacker(v) && attacker(v_1) -> attacker(chid__struct(v,v_1))
(The attacker applies function chid__struct.)

Clause 45: attacker(chid__struct(v,v_1)) -> attacker(v)
(The attacker applies function 1-proj-chid__struct.)

Clause 46: attacker(chid__struct(v,v_1)) -> attacker(v_1)
(The attacker applies function 2-proj-chid__struct.)

Clause 47: attacker(ack__chan)
(The attacker applies function ack__chan.)

Clause 48: attacker(accept_rpc__0__syscall)
(The attacker applies function accept_rpc__0__syscall.)

Clause 49: attacker(v) -> attacker(Returned__chan(v))
(The attacker applies function Returned__chan.)

Clause 50: attacker(Returned__chan(v)) -> attacker(v)
(The attacker applies function 1-proj-Returned__chan.)

Clause 51: attacker(v) && attacker(v_1) -> attacker(Fd__struct(v,v_1))
(The attacker applies function Fd__struct.)

Clause 52: attacker(Fd__struct(v,v_1)) -> attacker(v)
(The attacker applies function 1-proj-Fd__struct.)

Clause 53: attacker(Fd__struct(v,v_1)) -> attacker(v_1)
(The attacker applies function 2-proj-Fd__struct.)

Clause 54: attacker(0)
(The attacker applies function 0.)

Clause 55: attacker(v) -> attacker(v + 1)
(The attacker applies function +.)

Clause 56: attacker(v + 1) -> attacker(v)
(The attacker applies function - 1.)

Clause 57: attacker(v) && attacker(v_1) && attacker(v_2) && attacker(v_3) && attacker(v_4) -> attacker((v,v_1,v_2,v_3,v_4))
(The attacker applies function 5-tuple.)

Clause 58: attacker((v,v_1,v_2,v_3,v_4)) -> attacker(v)
(The attacker applies function 1-proj-5-tuple.)

Clause 59: attacker((v,v_1,v_2,v_3,v_4)) -> attacker(v_1)
(The attacker applies function 2-proj-5-tuple.)

Clause 60: attacker((v,v_1,v_2,v_3,v_4)) -> attacker(v_2)
(The attacker applies function 3-proj-5-tuple.)

Clause 61: attacker((v,v_1,v_2,v_3,v_4)) -> attacker(v_3)
(The attacker applies function 4-proj-5-tuple.)

Clause 62: attacker((v,v_1,v_2,v_3,v_4)) -> attacker(v_4)
(The attacker applies function 5-proj-5-tuple.)

Clause 63: attacker(v) && attacker(v_1) && attacker(v_2) -> attacker((v,v_1,v_2))
(The attacker applies function 3-tuple.)

Clause 64: attacker((v,v_1,v_2)) -> attacker(v)
(The attacker applies function 1-proj-3-tuple.)

Clause 65: attacker((v,v_1,v_2)) -> attacker(v_1)
(The attacker applies function 2-proj-3-tuple.)

Clause 66: attacker((v,v_1,v_2)) -> attacker(v_2)
(The attacker applies function 3-proj-3-tuple.)

Clause 67: attacker(v) && attacker(v_1) -> attacker((v,v_1))
(The attacker applies function 2-tuple.)

Clause 68: attacker((v,v_1)) -> attacker(v)
(The attacker applies function 1-proj-2-tuple.)

Clause 69: attacker((v,v_1)) -> attacker(v_1)
(The attacker applies function 2-proj-2-tuple.)

Clause 70: attacker(v) && attacker(v_1) && attacker(v_2) && attacker(v_3) -> attacker((v,v_1,v_2,v_3))
(The attacker applies function 4-tuple.)

Clause 71: attacker((v,v_1,v_2,v_3)) -> attacker(v)
(The attacker applies function 1-proj-4-tuple.)

Clause 72: attacker((v,v_1,v_2,v_3)) -> attacker(v_1)
(The attacker applies function 2-proj-4-tuple.)

Clause 73: attacker((v,v_1,v_2,v_3)) -> attacker(v_2)
(The attacker applies function 3-proj-4-tuple.)

Clause 74: attacker((v,v_1,v_2,v_3)) -> attacker(v_3)
(The attacker applies function 4-proj-4-tuple.)

Clause 75: attacker(())
(The attacker applies function 0-tuple.)

Clause 76: attacker(v) && attacker(v_1) && attacker(v_2) && attacker(v_3) && attacker(v_4) && attacker(v_5) && attacker(v_6) && attacker(v_7) && attacker(v_8) && attacker(v_9) && attacker(v_10) && attacker(v_11) -> attacker((v,v_1,v_2,v_3,v_4,v_5,v_6,v_7,v_8,v_9,v_10,v_11))
(The attacker applies function 12-tuple.)

Clause 77: attacker((v,v_1,v_2,v_3,v_4,v_5,v_6,v_7,v_8,v_9,v_10,v_11)) -> attacker(v)
(The attacker applies function 1-proj-12-tuple.)

Clause 78: attacker((v,v_1,v_2,v_3,v_4,v_5,v_6,v_7,v_8,v_9,v_10,v_11)) -> attacker(v_1)
(The attacker applies function 2-proj-12-tuple.)

Clause 79: attacker((v,v_1,v_2,v_3,v_4,v_5,v_6,v_7,v_8,v_9,v_10,v_11)) -> attacker(v_2)
(The attacker applies function 3-proj-12-tuple.)

Clause 80: attacker((v,v_1,v_2,v_3,v_4,v_5,v_6,v_7,v_8,v_9,v_10,v_11)) -> attacker(v_3)
(The attacker applies function 4-proj-12-tuple.)

Clause 81: attacker((v,v_1,v_2,v_3,v_4,v_5,v_6,v_7,v_8,v_9,v_10,v_11)) -> attacker(v_4)
(The attacker applies function 5-proj-12-tuple.)

Clause 82: attacker((v,v_1,v_2,v_3,v_4,v_5,v_6,v_7,v_8,v_9,v_10,v_11)) -> attacker(v_5)
(The attacker applies function 6-proj-12-tuple.)

Clause 83: attacker((v,v_1,v_2,v_3,v_4,v_5,v_6,v_7,v_8,v_9,v_10,v_11)) -> attacker(v_6)
(The attacker applies function 7-proj-12-tuple.)

Clause 84: attacker((v,v_1,v_2,v_3,v_4,v_5,v_6,v_7,v_8,v_9,v_10,v_11)) -> attacker(v_7)
(The attacker applies function 8-proj-12-tuple.)

Clause 85: attacker((v,v_1,v_2,v_3,v_4,v_5,v_6,v_7,v_8,v_9,v_10,v_11)) -> attacker(v_8)
(The attacker applies function 9-proj-12-tuple.)

Clause 86: attacker((v,v_1,v_2,v_3,v_4,v_5,v_6,v_7,v_8,v_9,v_10,v_11)) -> attacker(v_9)
(The attacker applies function 10-proj-12-tuple.)

Clause 87: attacker((v,v_1,v_2,v_3,v_4,v_5,v_6,v_7,v_8,v_9,v_10,v_11)) -> attacker(v_10)
(The attacker applies function 11-proj-12-tuple.)

Clause 88: attacker((v,v_1,v_2,v_3,v_4,v_5,v_6,v_7,v_8,v_9,v_10,v_11)) -> attacker(v_11)
(The attacker applies function 12-proj-12-tuple.)

Clause 89: attacker(v) && attacker(v_1) && attacker(v_2) && attacker(v_3) && attacker(v_4) && attacker(v_5) && attacker(v_6) -> attacker((v,v_1,v_2,v_3,v_4,v_5,v_6))
(The attacker applies function 7-tuple.)

Clause 90: attacker((v,v_1,v_2,v_3,v_4,v_5,v_6)) -> attacker(v)
(The attacker applies function 1-proj-7-tuple.)

Clause 91: attacker((v,v_1,v_2,v_3,v_4,v_5,v_6)) -> attacker(v_1)
(The attacker applies function 2-proj-7-tuple.)

Clause 92: attacker((v,v_1,v_2,v_3,v_4,v_5,v_6)) -> attacker(v_2)
(The attacker applies function 3-proj-7-tuple.)

Clause 93: attacker((v,v_1,v_2,v_3,v_4,v_5,v_6)) -> attacker(v_3)
(The attacker applies function 4-proj-7-tuple.)

Clause 94: attacker((v,v_1,v_2,v_3,v_4,v_5,v_6)) -> attacker(v_4)
(The attacker applies function 5-proj-7-tuple.)

Clause 95: attacker((v,v_1,v_2,v_3,v_4,v_5,v_6)) -> attacker(v_5)
(The attacker applies function 6-proj-7-tuple.)

Clause 96: attacker((v,v_1,v_2,v_3,v_4,v_5,v_6)) -> attacker(v_6)
(The attacker applies function 7-proj-7-tuple.)

Clause 97: attacker(v) && attacker(v_1) && attacker(v_2) && attacker(v_3) && attacker(v_4) && attacker(v_5) -> attacker((v,v_1,v_2,v_3,v_4,v_5))
(The attacker applies function 6-tuple.)

Clause 98: attacker((v,v_1,v_2,v_3,v_4,v_5)) -> attacker(v)
(The attacker applies function 1-proj-6-tuple.)

Clause 99: attacker((v,v_1,v_2,v_3,v_4,v_5)) -> attacker(v_1)
(The attacker applies function 2-proj-6-tuple.)

Clause 100: attacker((v,v_1,v_2,v_3,v_4,v_5)) -> attacker(v_2)
(The attacker applies function 3-proj-6-tuple.)

Clause 101: attacker((v,v_1,v_2,v_3,v_4,v_5)) -> attacker(v_3)
(The attacker applies function 4-proj-6-tuple.)

Clause 102: attacker((v,v_1,v_2,v_3,v_4,v_5)) -> attacker(v_4)
(The attacker applies function 5-proj-6-tuple.)

Clause 103: attacker((v,v_1,v_2,v_3,v_4,v_5)) -> attacker(v_5)
(The attacker applies function 6-proj-6-tuple.)

Clause 104: attacker(v) -> attacker((v))
(The attacker applies function 1-tuple.)

Clause 105: attacker((v)) -> attacker(v)
(The attacker applies function 1-proj-1-tuple.)

Clause 106: mess(v,v_1) && attacker(v) -> attacker(v_1)
(The attacker can listen on all channels it has.)

Clause 107: attacker(v) && attacker(v_1) -> mess(v,v_1)
(The attacker can send messages it has on all channels it has.)

Clause 108: attacker(fail-any_type)
(Initial knowledge of the attacker.)

Clause 109: attacker(attacker_ch[])
(Initial knowledge of the attacker.)

Clause 110: equal(v,v)
(Definition of equal.)

Clause 111: attacker(new-name_1)
(The attacker can create new names.)
Abbreviations:
new-name_1 = new-name[!att = v]

Clause 112: table(access_control_table(client_t__0,udp_t__0,send__0__syscall))
(The entry access_control_table(client_t__0,udp_t__0,send__0__syscall) may be inserted in a table at insert {1}.)

Clause 113: table(access_control_table(server_t__0,udp_t__0,recv__0__syscall))
(The entry access_control_table(server_t__0,udp_t__0,recv__0__syscall) may be inserted in a table at insert {2}.)

Clause 114: table(access_control_table(client_t__0,rpc_t__0,connect_rpc__0__syscall))
(The entry access_control_table(client_t__0,rpc_t__0,connect_rpc__0__syscall) may be inserted in a table at insert {3}.)

Clause 115: table(access_control_table(client_t__0,rpc_t__0,invoke_rpc__0__syscall))
(The entry access_control_table(client_t__0,rpc_t__0,invoke_rpc__0__syscall) may be inserted in a table at insert {4}.)

Clause 116: table(access_control_table(client_t__0,rpc_t__0,close_rpc__0__syscall))
(The entry access_control_table(client_t__0,rpc_t__0,close_rpc__0__syscall) may be inserted in a table at insert {5}.)

Clause 117: table(access_control_table(client_ta_t__0,rpc_t__0,accept_rpc__0__syscall))
(The entry access_control_table(client_ta_t__0,rpc_t__0,accept_rpc__0__syscall) may be inserted in a table at insert {6}.)

Clause 118: table(access_control_table(client_ta_t__0,rpc_t__0,none__syscall))
(The entry access_control_table(client_ta_t__0,rpc_t__0,none__syscall) may be inserted in a table at insert {7}.)

Clause 119: table(access_control_table(client_t__0,rpc_t__0,none__syscall))
(The entry access_control_table(client_t__0,rpc_t__0,none__syscall) may be inserted in a table at insert {8}.)

Clause 120: table(access_control_table(client_ta_t__0,readonly_t__0,fopen__0__syscall))
(The entry access_control_table(client_ta_t__0,readonly_t__0,fopen__0__syscall) may be inserted in a table at insert {9}.)

Clause 121: table(access_control_table(client_ta_t__0,readonly_t__0,fread__0__syscall))
(The entry access_control_table(client_ta_t__0,readonly_t__0,fread__0__syscall) may be inserted in a table at insert {10}.)

Clause 122: table(access_control_table(client_ta_t__0,readonly_t__0,fclose__0__syscall))
(The entry access_control_table(client_ta_t__0,readonly_t__0,fclose__0__syscall) may be inserted in a table at insert {11}.)

Clause 123: table(access_control_table(server_t__0,readonly_t__0,fopen__0__syscall))
(The entry access_control_table(server_t__0,readonly_t__0,fopen__0__syscall) may be inserted in a table at insert {12}.)

Clause 124: table(access_control_table(server_t__0,readonly_t__0,fread__0__syscall))
(The entry access_control_table(server_t__0,readonly_t__0,fread__0__syscall) may be inserted in a table at insert {13}.)

Clause 125: table(access_control_table(server_t__0,readonly_t__0,fclose__0__syscall))
(The entry access_control_table(server_t__0,readonly_t__0,fclose__0__syscall) may be inserted in a table at insert {14}.)

Clause 126: table(channel_table(udp_t__0,udp__0[]))
(The entry channel_table(udp_t__0,udp__0[]) may be inserted in a table at insert {18}.)

Clause 127: table(channel_table(rpc_t__0,rpc__0[]))
(The entry channel_table(rpc_t__0,rpc__0[]) may be inserted in a table at insert {19}.)

Clause 128: table(access_control_table(client_t__0,ch_type_,connect_rpc__0__syscall)) && table(channel_table(ch_type_,rpc__0[])) -> mess(rpc__0[],req__chan)
(If the entry channel_table(ch_type_,rpc__0[]) is in a table at get {67},
the entry access_control_table(client_t__0,ch_type_,connect_rpc__0__syscall) is in a table at get {66},
then the message req__chan may be sent on channel rpc__0[] at output {20}.)

Clause 129: mess(rpc__0[],ack__chan) && table(access_control_table(client_t__0,ch_type_,connect_rpc__0__syscall)) && table(channel_table(ch_type_,rpc__0[])) && table(access_control_table(client_t__0,ch_type__1,connect_rpc__0__syscall)) && table(channel_table(ch_type__1,rpc__0[])) -> mess(channel_case_ch_,(false__bool,(),dev_camera__str,secret_priv__str,sign_image__str,rpc__0[]))
(If the entry channel_table(ch_type__1,rpc__0[]) is in a table at get {67},
the entry access_control_table(client_t__0,ch_type__1,connect_rpc__0__syscall) is in a table at get {66},
the entry channel_table(ch_type_,rpc__0[]) is in a table at get {65},
the entry access_control_table(client_t__0,ch_type_,connect_rpc__0__syscall) is in a table at get {64},
the message ack__chan is received on channel rpc__0[] at input {21},
then the message (false__bool,(),dev_camera__str,secret_priv__str,sign_image__str,rpc__0[]) may be sent on channel channel_case_ch_ at output {23}.)
Abbreviations:
channel_case_ch_ = channel_case_ch__64[ch_type__120 = ch_type_,ch_type__121 = ch_type__1]

Clause 130: table(access_control_table(client_t__0,ch_type_,connect_rpc__0__syscall)) && table(channel_table(ch_type_,channel_case_state_3_)) && mess(channel_case_ch_,(false__bool,channel_case_result_,channel_case_state_0_,channel_case_state_1_,channel_case_state_2_,channel_case_state_3_)) && b-event(@p_act(@occ24_1[],(false__bool,channel_case_result_,channel_case_state_0_,channel_case_state_1_,channel_case_state_2_,channel_case_state_3_))) && mess(rpc__0[],ack__chan) && table(access_control_table(client_t__0,ch_type__1,connect_rpc__0__syscall)) && table(channel_table(ch_type__1,rpc__0[])) && table(access_control_table(client_t__0,ch_type__2,connect_rpc__0__syscall)) && table(channel_table(ch_type__2,rpc__0[])) -> mess(channel_case_state_3_,conn__chan)
(If the entry channel_table(ch_type__2,rpc__0[]) is in a table at get {67},
the entry access_control_table(client_t__0,ch_type__2,connect_rpc__0__syscall) is in a table at get {66},
the entry channel_table(ch_type__1,rpc__0[]) is in a table at get {65},
the entry access_control_table(client_t__0,ch_type__1,connect_rpc__0__syscall) is in a table at get {64},
the message ack__chan is received on channel rpc__0[] at input {21},
event @p_act(@occ24_1[],(false__bool,channel_case_result_,channel_case_state_0_,channel_case_state_1_,channel_case_state_2_,channel_case_state_3_)) records how variables are instantiated at {24},
the message (false__bool,channel_case_result_,channel_case_state_0_,channel_case_state_1_,channel_case_state_2_,channel_case_state_3_) is received on channel channel_case_ch_ at input {24},
the entry channel_table(ch_type_,channel_case_state_3_) is in a table at get {29},
the entry access_control_table(client_t__0,ch_type_,connect_rpc__0__syscall) is in a table at get {28},
then the message conn__chan may be sent on channel channel_case_state_3_ at output {26}.)
Abbreviations:
channel_case_ch_ = channel_case_ch__64[ch_type__120 = ch_type__1,ch_type__121 = ch_type__2]

Clause 131: table(access_control_table(client_t__0,ch_type_,connect_rpc__0__syscall)) && table(channel_table(ch_type_,channel_case_state_3_)) && mess(channel_case_ch_,(false__bool,channel_case_result_,channel_case_state_0_,channel_case_state_1_,channel_case_state_2_,channel_case_state_3_)) && b-event(@p_act(@occ24_1[],(false__bool,channel_case_result_,channel_case_state_0_,channel_case_state_1_,channel_case_state_2_,channel_case_state_3_))) && mess(rpc__0[],ack__chan) && table(access_control_table(client_t__0,ch_type__1,connect_rpc__0__syscall)) && table(channel_table(ch_type__1,rpc__0[])) && table(access_control_table(client_t__0,ch_type__2,connect_rpc__0__syscall)) && table(channel_table(ch_type__2,rpc__0[])) -> mess(channel_case_ch_,(true__bool,chid__struct(x_,channel_case_state_3_),channel_case_state_0_,channel_case_state_1_,channel_case_state_2_,channel_case_state_3_))
(If the entry channel_table(ch_type__2,rpc__0[]) is in a table at get {67},
the entry access_control_table(client_t__0,ch_type__2,connect_rpc__0__syscall) is in a table at get {66},
the entry channel_table(ch_type__1,rpc__0[]) is in a table at get {65},
the entry access_control_table(client_t__0,ch_type__1,connect_rpc__0__syscall) is in a table at get {64},
the message ack__chan is received on channel rpc__0[] at input {21},
event @p_act(@occ24_1[],(false__bool,channel_case_result_,channel_case_state_0_,channel_case_state_1_,channel_case_state_2_,channel_case_state_3_)) records how variables are instantiated at {24},
the message (false__bool,channel_case_result_,channel_case_state_0_,channel_case_state_1_,channel_case_state_2_,channel_case_state_3_) is received on channel channel_case_ch_ at input {24},
the entry channel_table(ch_type_,channel_case_state_3_) is in a table at get {29},
the entry access_control_table(client_t__0,ch_type_,connect_rpc__0__syscall) is in a table at get {28},
then the message (true__bool,chid__struct(x_,channel_case_state_3_),channel_case_state_0_,channel_case_state_1_,channel_case_state_2_,channel_case_state_3_) may be sent on channel channel_case_ch_ at output {27}.)
Abbreviations:
channel_case_ch_ = channel_case_ch__64[ch_type__120 = ch_type__1,ch_type__121 = ch_type__2]
x_ = x__14[channel_case_state_3__118 = channel_case_state_3_,channel_case_state_2__117 = channel_case_state_2_,channel_case_state_1__116 = channel_case_state_1_,channel_case_state_0__115 = channel_case_state_0_,channel_case_result__114 = channel_case_result_,ch_type__120 = ch_type__1,ch_type__121 = ch_type__2]

Clause 132: mess(channel_case_ch_,(true__bool,channel_case_done_result_,channel_case_done_state_0_,channel_case_done_state_1_,channel_case_done_state_2_,channel_case_done_state_3_)) && b-event(@p_act(@occ30_1[],(true__bool,channel_case_done_result_,channel_case_done_state_0_,channel_case_done_state_1_,channel_case_done_state_2_,channel_case_done_state_3_))) && mess(rpc__0[],ack__chan) && table(access_control_table(client_t__0,ch_type_,connect_rpc__0__syscall)) && table(channel_table(ch_type_,rpc__0[])) && table(access_control_table(client_t__0,ch_type__1,connect_rpc__0__syscall)) && table(channel_table(ch_type__1,rpc__0[])) -> mess(loop_ch_,(false__bool,(),channel_case_done_state_0_,channel_case_done_state_1_,channel_case_done_state_2_,channel_case_done_result_))
(If the entry channel_table(ch_type__1,rpc__0[]) is in a table at get {67},
the entry access_control_table(client_t__0,ch_type__1,connect_rpc__0__syscall) is in a table at get {66},
the entry channel_table(ch_type_,rpc__0[]) is in a table at get {65},
the entry access_control_table(client_t__0,ch_type_,connect_rpc__0__syscall) is in a table at get {64},
the message ack__chan is received on channel rpc__0[] at input {21},
event @p_act(@occ30_1[],(true__bool,channel_case_done_result_,channel_case_done_state_0_,channel_case_done_state_1_,channel_case_done_state_2_,channel_case_done_state_3_)) records how variables are instantiated at {30},
the message (true__bool,channel_case_done_result_,channel_case_done_state_0_,channel_case_done_state_1_,channel_case_done_state_2_,channel_case_done_state_3_) is received on channel channel_case_ch_ at input {30},
then the message (false__bool,(),channel_case_done_state_0_,channel_case_done_state_1_,channel_case_done_state_2_,channel_case_done_result_) may be sent on channel loop_ch_ at output {32}.)
Abbreviations:
loop_ch_ = loop_ch__70[channel_case_done_state_3__69 = channel_case_done_state_3_,channel_case_done_state_2__68 = channel_case_done_state_2_,channel_case_done_state_1__67 = channel_case_done_state_1_,channel_case_done_state_0__66 = channel_case_done_state_0_,channel_case_done_result__65 = channel_case_done_result_,ch_type__120 = ch_type_,ch_type__121 = ch_type__1]
channel_case_ch_ = channel_case_ch__64[ch_type__120 = ch_type_,ch_type__121 = ch_type__1]

Clause 133: mess(loop_ch_,(false__bool,loop_result_,loop_state_0_,loop_state_1_,loop_state_2_,loop_state_3_)) && b-event(@p_act(@occ34_2,(false__bool,loop_result_,loop_state_0_,loop_state_1_,loop_state_2_,loop_state_3_))) && mess(channel_case_ch_,(true__bool,channel_case_done_result_,channel_case_done_state_0_,channel_case_done_state_1_,channel_case_done_state_2_,channel_case_done_state_3_)) && b-event(@p_act(@occ30_1[],(true__bool,channel_case_done_result_,channel_case_done_state_0_,channel_case_done_state_1_,channel_case_done_state_2_,channel_case_done_state_3_))) && mess(rpc__0[],ack__chan) && table(access_control_table(client_t__0,ch_type_,connect_rpc__0__syscall)) && table(channel_table(ch_type_,rpc__0[])) && table(access_control_table(client_t__0,ch_type__1,connect_rpc__0__syscall)) && table(channel_table(ch_type__1,rpc__0[])) -> attacker(v_)
(If the entry channel_table(ch_type__1,rpc__0[]) is in a table at get {67},
the entry access_control_table(client_t__0,ch_type__1,connect_rpc__0__syscall) is in a table at get {66},
the entry channel_table(ch_type_,rpc__0[]) is in a table at get {65},
the entry access_control_table(client_t__0,ch_type_,connect_rpc__0__syscall) is in a table at get {64},
the message ack__chan is received on channel rpc__0[] at input {21},
event @p_act(@occ30_1[],(true__bool,channel_case_done_result_,channel_case_done_state_0_,channel_case_done_state_1_,channel_case_done_state_2_,channel_case_done_state_3_)) records how variables are instantiated at {30},
the message (true__bool,channel_case_done_result_,channel_case_done_state_0_,channel_case_done_state_1_,channel_case_done_state_2_,channel_case_done_state_3_) is received on channel channel_case_ch_ at input {30},
event @p_act(@occ34_2,(false__bool,loop_result_,loop_state_0_,loop_state_1_,loop_state_2_,loop_state_3_)) records how variables are instantiated at {34},
the message (false__bool,loop_result_,loop_state_0_,loop_state_1_,loop_state_2_,loop_state_3_) is received on channel loop_ch_ at input {34},
then the message v_ may be sent to the attacker at output {36}.)
Abbreviations:
v_ = v__24[loop_state_3__85 = loop_state_3_,loop_state_2__84 = loop_state_2_,loop_state_1__83 = loop_state_1_,loop_state_0__82 = loop_state_0_,loop_result__81 = loop_result_,!1 = @sid,channel_case_done_state_3__69 = channel_case_done_state_3_,channel_case_done_state_2__68 = channel_case_done_state_2_,channel_case_done_state_1__67 = channel_case_done_state_1_,channel_case_done_state_0__66 = channel_case_done_state_0_,channel_case_done_result__65 = channel_case_done_result_,ch_type__120 = ch_type_,ch_type__121 = ch_type__1]
loop_ch_ = loop_ch__70[channel_case_done_state_3__69 = channel_case_done_state_3_,channel_case_done_state_2__68 = channel_case_done_state_2_,channel_case_done_state_1__67 = channel_case_done_state_1_,channel_case_done_state_0__66 = channel_case_done_state_0_,channel_case_done_result__65 = channel_case_done_result_,ch_type__120 = ch_type_,ch_type__121 = ch_type__1]
@occ34_2 = @occ34_1[!1 = @sid]
channel_case_ch_ = channel_case_ch__64[ch_type__120 = ch_type_,ch_type__121 = ch_type__1]

Clause 134: table(access_control_table(client_t__0,ch_type_,invoke_rpc__0__syscall)) && table(channel_table(ch_type_,x_1)) && mess(loop_ch_,(false__bool,loop_result_,loop_state_0_,loop_state_1_,loop_state_2_,chid__struct(x_0,x_1))) && b-event(@p_act(@occ34_2,(false__bool,loop_result_,loop_state_0_,loop_state_1_,loop_state_2_,chid__struct(x_0,x_1)))) && mess(channel_case_ch_,(true__bool,channel_case_done_result_,channel_case_done_state_0_,channel_case_done_state_1_,channel_case_done_state_2_,channel_case_done_state_3_)) && b-event(@p_act(@occ30_1[],(true__bool,channel_case_done_result_,channel_case_done_state_0_,channel_case_done_state_1_,channel_case_done_state_2_,channel_case_done_state_3_))) && mess(rpc__0[],ack__chan) && table(access_control_table(client_t__0,ch_type__1,connect_rpc__0__syscall)) && table(channel_table(ch_type__1,rpc__0[])) && table(access_control_table(client_t__0,ch_type__2,connect_rpc__0__syscall)) && table(channel_table(ch_type__2,rpc__0[])) -> mess(x_1,invoke__chan(loop_state_2_,v_,loop_state_1_))
(If the entry channel_table(ch_type__2,rpc__0[]) is in a table at get {67},
the entry access_control_table(client_t__0,ch_type__2,connect_rpc__0__syscall) is in a table at get {66},
the entry channel_table(ch_type__1,rpc__0[]) is in a table at get {65},
the entry access_control_table(client_t__0,ch_type__1,connect_rpc__0__syscall) is in a table at get {64},
the message ack__chan is received on channel rpc__0[] at input {21},
event @p_act(@occ30_1[],(true__bool,channel_case_done_result_,channel_case_done_state_0_,channel_case_done_state_1_,channel_case_done_state_2_,channel_case_done_state_3_)) records how variables are instantiated at {30},
the message (true__bool,channel_case_done_result_,channel_case_done_state_0_,channel_case_done_state_1_,channel_case_done_state_2_,channel_case_done_state_3_) is received on channel channel_case_ch_ at input {30},
event @p_act(@occ34_2,(false__bool,loop_result_,loop_state_0_,loop_state_1_,loop_state_2_,chid__struct(x_0,x_1))) records how variables are instantiated at {34},
the message (false__bool,loop_result_,loop_state_0_,loop_state_1_,loop_state_2_,chid__struct(x_0,x_1)) is received on channel loop_ch_ at input {34},
the entry channel_table(ch_type_,x_1) is in a table at get {53},
the entry access_control_table(client_t__0,ch_type_,invoke_rpc__0__syscall) is in a table at get {52},
then the message invoke__chan(loop_state_2_,v_,loop_state_1_) may be sent on channel x_1 at output {37}.)
Abbreviations:
v_ = v__24[loop_state_3__85 = chid__struct(x_0,x_1),loop_state_2__84 = loop_state_2_,loop_state_1__83 = loop_state_1_,loop_state_0__82 = loop_state_0_,loop_result__81 = loop_result_,!1 = @sid,channel_case_done_state_3__69 = channel_case_done_state_3_,channel_case_done_state_2__68 = channel_case_done_state_2_,channel_case_done_state_1__67 = channel_case_done_state_1_,channel_case_done_state_0__66 = channel_case_done_state_0_,channel_case_done_result__65 = channel_case_done_result_,ch_type__120 = ch_type__1,ch_type__121 = ch_type__2]
loop_ch_ = loop_ch__70[channel_case_done_state_3__69 = channel_case_done_state_3_,channel_case_done_state_2__68 = channel_case_done_state_2_,channel_case_done_state_1__67 = channel_case_done_state_1_,channel_case_done_state_0__66 = channel_case_done_state_0_,channel_case_done_result__65 = channel_case_done_result_,ch_type__120 = ch_type__1,ch_type__121 = ch_type__2]
@occ34_2 = @occ34_1[!1 = @sid]
channel_case_ch_ = channel_case_ch__64[ch_type__120 = ch_type__1,ch_type__121 = ch_type__2]

Clause 135: mess(x_1,Returned__chan(case_arg_0_)) && table(access_control_table(client_t__0,ch_type_,invoke_rpc__0__syscall)) && table(channel_table(ch_type_,x_1)) && table(access_control_table(client_t__0,ch_type__1,invoke_rpc__0__syscall)) && table(channel_table(ch_type__1,x_1)) && mess(loop_ch_,(false__bool,loop_result_,loop_state_0_,loop_state_1_,loop_state_2_,chid__struct(x_0,x_1))) && b-event(@p_act(@occ34_2,(false__bool,loop_result_,loop_state_0_,loop_state_1_,loop_state_2_,chid__struct(x_0,x_1)))) && mess(channel_case_ch_,(true__bool,channel_case_done_result_,channel_case_done_state_0_,channel_case_done_state_1_,channel_case_done_state_2_,channel_case_done_state_3_)) && b-event(@p_act(@occ30_1[],(true__bool,channel_case_done_result_,channel_case_done_state_0_,channel_case_done_state_1_,channel_case_done_state_2_,channel_case_done_state_3_))) && mess(rpc__0[],ack__chan) && table(access_control_table(client_t__0,ch_type__2,connect_rpc__0__syscall)) && table(channel_table(ch_type__2,rpc__0[])) && table(access_control_table(client_t__0,ch_type__3,connect_rpc__0__syscall)) && table(channel_table(ch_type__3,rpc__0[])) -> mess(channel_case_ch__1,(false__bool,(),loop_state_0_,loop_state_1_,loop_state_2_,chid__struct(x_0,x_1),v_,chid__struct(x_0,x_1),loop_state_2_,v_,loop_state_1_,x_1))
(If the entry channel_table(ch_type__3,rpc__0[]) is in a table at get {67},
the entry access_control_table(client_t__0,ch_type__3,connect_rpc__0__syscall) is in a table at get {66},
the entry channel_table(ch_type__2,rpc__0[]) is in a table at get {65},
the entry access_control_table(client_t__0,ch_type__2,connect_rpc__0__syscall) is in a table at get {64},
the message ack__chan is received on channel rpc__0[] at input {21},
event @p_act(@occ30_1[],(true__bool,channel_case_done_result_,channel_case_done_state_0_,channel_case_done_state_1_,channel_case_done_state_2_,channel_case_done_state_3_)) records how variables are instantiated at {30},
the message (true__bool,channel_case_done_result_,channel_case_done_state_0_,channel_case_done_state_1_,channel_case_done_state_2_,channel_case_done_state_3_) is received on channel channel_case_ch_ at input {30},
event @p_act(@occ34_2,(false__bool,loop_result_,loop_state_0_,loop_state_1_,loop_state_2_,chid__struct(x_0,x_1))) records how variables are instantiated at {34},
the message (false__bool,loop_result_,loop_state_0_,loop_state_1_,loop_state_2_,chid__struct(x_0,x_1)) is received on channel loop_ch_ at input {34},
the entry channel_table(ch_type__1,x_1) is in a table at get {53},
the entry access_control_table(client_t__0,ch_type__1,invoke_rpc__0__syscall) is in a table at get {52},
the entry channel_table(ch_type_,x_1) is in a table at get {51},
the entry access_control_table(client_t__0,ch_type_,invoke_rpc__0__syscall) is in a table at get {50},
the message Returned__chan(case_arg_0_) is received on channel x_1 at input {38},
then the message (false__bool,(),loop_state_0_,loop_state_1_,loop_state_2_,chid__struct(x_0,x_1),v_,chid__struct(x_0,x_1),loop_state_2_,v_,loop_state_1_,x_1) may be sent on channel channel_case_ch__1 at output {40}.)
Abbreviations:
channel_case_ch__1 = channel_case_ch__87[case_arg_0__86 = case_arg_0_,ch_type__111 = ch_type_,ch_type__112 = ch_type__1,loop_state_3__85 = chid__struct(x_0,x_1),loop_state_2__84 = loop_state_2_,loop_state_1__83 = loop_state_1_,loop_state_0__82 = loop_state_0_,loop_result__81 = loop_result_,!1 = @sid,channel_case_done_state_3__69 = channel_case_done_state_3_,channel_case_done_state_2__68 = channel_case_done_state_2_,channel_case_done_state_1__67 = channel_case_done_state_1_,channel_case_done_state_0__66 = channel_case_done_state_0_,channel_case_done_result__65 = channel_case_done_result_,ch_type__120 = ch_type__2,ch_type__121 = ch_type__3]
v_ = v__24[loop_state_3__85 = chid__struct(x_0,x_1),loop_state_2__84 = loop_state_2_,loop_state_1__83 = loop_state_1_,loop_state_0__82 = loop_state_0_,loop_result__81 = loop_result_,!1 = @sid,channel_case_done_state_3__69 = channel_case_done_state_3_,channel_case_done_state_2__68 = channel_case_done_state_2_,channel_case_done_state_1__67 = channel_case_done_state_1_,channel_case_done_state_0__66 = channel_case_done_state_0_,channel_case_done_result__65 = channel_case_done_result_,ch_type__120 = ch_type__2,ch_type__121 = ch_type__3]
loop_ch_ = loop_ch__70[channel_case_done_state_3__69 = channel_case_done_state_3_,channel_case_done_state_2__68 = channel_case_done_state_2_,channel_case_done_state_1__67 = channel_case_done_state_1_,channel_case_done_state_0__66 = channel_case_done_state_0_,channel_case_done_result__65 = channel_case_done_result_,ch_type__120 = ch_type__2,ch_type__121 = ch_type__3]
@occ34_2 = @occ34_1[!1 = @sid]
channel_case_ch_ = channel_case_ch__64[ch_type__120 = ch_type__2,ch_type__121 = ch_type__3]

Clause 136: mess(channel_case_ch_,(false__bool,channel_case_result_,channel_case_state_0_,channel_case_state_1_,channel_case_state_2_,channel_case_state_3_,channel_case_state_4_,channel_case_state_5_,channel_case_state_6_,channel_case_state_7_,channel_case_state_8_,channel_case_state_9_)) && b-event(@p_act(@occ41_2,(false__bool,channel_case_result_,channel_case_state_0_,channel_case_state_1_,channel_case_state_2_,channel_case_state_3_,channel_case_state_4_,channel_case_state_5_,channel_case_state_6_,channel_case_state_7_,channel_case_state_8_,channel_case_state_9_))) && mess(x_1,Returned__chan(case_arg_0_)) && table(access_control_table(client_t__0,ch_type_,invoke_rpc__0__syscall)) && table(channel_table(ch_type_,x_1)) && table(access_control_table(client_t__0,ch_type__1,invoke_rpc__0__syscall)) && table(channel_table(ch_type__1,x_1)) && mess(loop_ch_,(false__bool,loop_result_,loop_state_0_,loop_state_1_,loop_state_2_,chid__struct(x_0,x_1))) && b-event(@p_act(@occ34_2,(false__bool,loop_result_,loop_state_0_,loop_state_1_,loop_state_2_,chid__struct(x_0,x_1)))) && mess(channel_case_ch__1,(true__bool,channel_case_done_result_,channel_case_done_state_0_,channel_case_done_state_1_,channel_case_done_state_2_,channel_case_done_state_3_)) && b-event(@p_act(@occ30_1[],(true__bool,channel_case_done_result_,channel_case_done_state_0_,channel_case_done_state_1_,channel_case_done_state_2_,channel_case_done_state_3_))) && mess(rpc__0[],ack__chan) && table(access_control_table(client_t__0,ch_type__2,connect_rpc__0__syscall)) && table(channel_table(ch_type__2,rpc__0[])) && table(access_control_table(client_t__0,ch_type__3,connect_rpc__0__syscall)) && table(channel_table(ch_type__3,rpc__0[])) -> mess(channel_case_ch_,(true__bool,case_arg_0_,channel_case_state_0_,channel_case_state_1_,channel_case_state_2_,channel_case_state_3_,channel_case_state_4_,channel_case_state_5_,channel_case_state_6_,channel_case_state_7_,channel_case_state_8_,channel_case_state_9_))
(If the entry channel_table(ch_type__3,rpc__0[]) is in a table at get {67},
the entry access_control_table(client_t__0,ch_type__3,connect_rpc__0__syscall) is in a table at get {66},
the entry channel_table(ch_type__2,rpc__0[]) is in a table at get {65},
the entry access_control_table(client_t__0,ch_type__2,connect_rpc__0__syscall) is in a table at get {64},
the message ack__chan is received on channel rpc__0[] at input {21},
event @p_act(@occ30_1[],(true__bool,channel_case_done_result_,channel_case_done_state_0_,channel_case_done_state_1_,channel_case_done_state_2_,channel_case_done_state_3_)) records how variables are instantiated at {30},
the message (true__bool,channel_case_done_result_,channel_case_done_state_0_,channel_case_done_state_1_,channel_case_done_state_2_,channel_case_done_state_3_) is received on channel channel_case_ch__1 at input {30},
event @p_act(@occ34_2,(false__bool,loop_result_,loop_state_0_,loop_state_1_,loop_state_2_,chid__struct(x_0,x_1))) records how variables are instantiated at {34},
the message (false__bool,loop_result_,loop_state_0_,loop_state_1_,loop_state_2_,chid__struct(x_0,x_1)) is received on channel loop_ch_ at input {34},
the entry channel_table(ch_type__1,x_1) is in a table at get {53},
the entry access_control_table(client_t__0,ch_type__1,invoke_rpc__0__syscall) is in a table at get {52},
the entry channel_table(ch_type_,x_1) is in a table at get {51},
the entry access_control_table(client_t__0,ch_type_,invoke_rpc__0__syscall) is in a table at get {50},
the message Returned__chan(case_arg_0_) is received on channel x_1 at input {38},
event @p_act(@occ41_2,(false__bool,channel_case_result_,channel_case_state_0_,channel_case_state_1_,channel_case_state_2_,channel_case_state_3_,channel_case_state_4_,channel_case_state_5_,channel_case_state_6_,channel_case_state_7_,channel_case_state_8_,channel_case_state_9_)) records how variables are instantiated at {41},
the message (false__bool,channel_case_result_,channel_case_state_0_,channel_case_state_1_,channel_case_state_2_,channel_case_state_3_,channel_case_state_4_,channel_case_state_5_,channel_case_state_6_,channel_case_state_7_,channel_case_state_8_,channel_case_state_9_) is received on channel channel_case_ch_ at input {41},
then the message (true__bool,case_arg_0_,channel_case_state_0_,channel_case_state_1_,channel_case_state_2_,channel_case_state_3_,channel_case_state_4_,channel_case_state_5_,channel_case_state_6_,channel_case_state_7_,channel_case_state_8_,channel_case_state_9_) may be sent on channel channel_case_ch_ at output {42}.)
Abbreviations:
channel_case_ch_ = channel_case_ch__87[case_arg_0__86 = case_arg_0_,ch_type__111 = ch_type_,ch_type__112 = ch_type__1,loop_state_3__85 = chid__struct(x_0,x_1),loop_state_2__84 = loop_state_2_,loop_state_1__83 = loop_state_1_,loop_state_0__82 = loop_state_0_,loop_result__81 = loop_result_,!1 = @sid,channel_case_done_state_3__69 = channel_case_done_state_3_,channel_case_done_state_2__68 = channel_case_done_state_2_,channel_case_done_state_1__67 = channel_case_done_state_1_,channel_case_done_state_0__66 = channel_case_done_state_0_,channel_case_done_result__65 = channel_case_done_result_,ch_type__120 = ch_type__2,ch_type__121 = ch_type__3]
@occ41_2 = @occ41_1[!1 = @sid]
loop_ch_ = loop_ch__70[channel_case_done_state_3__69 = channel_case_done_state_3_,channel_case_done_state_2__68 = channel_case_done_state_2_,channel_case_done_state_1__67 = channel_case_done_state_1_,channel_case_done_state_0__66 = channel_case_done_state_0_,channel_case_done_result__65 = channel_case_done_result_,ch_type__120 = ch_type__2,ch_type__121 = ch_type__3]
@occ34_2 = @occ34_1[!1 = @sid]
channel_case_ch__1 = channel_case_ch__64[ch_type__120 = ch_type__2,ch_type__121 = ch_type__3]

Clause 137: mess(channel_case_ch_,(true__bool,channel_case_done_result_,channel_case_done_state_0_,channel_case_done_state_1_,channel_case_done_state_2_,channel_case_done_state_3_,channel_case_done_state_4_,channel_case_done_state_5_,channel_case_done_state_6_,channel_case_done_state_7_,channel_case_done_state_8_,channel_case_done_state_9_)) && b-event(@p_act(@occ43_2,(true__bool,channel_case_done_result_,channel_case_done_state_0_,channel_case_done_state_1_,channel_case_done_state_2_,channel_case_done_state_3_,channel_case_done_state_4_,channel_case_done_state_5_,channel_case_done_state_6_,channel_case_done_state_7_,channel_case_done_state_8_,channel_case_done_state_9_))) && mess(x_1,Returned__chan(case_arg_0_)) && table(access_control_table(client_t__0,ch_type_,invoke_rpc__0__syscall)) && table(channel_table(ch_type_,x_1)) && table(access_control_table(client_t__0,ch_type__1,invoke_rpc__0__syscall)) && table(channel_table(ch_type__1,x_1)) && mess(loop_ch_,(false__bool,loop_result_,loop_state_0_,loop_state_1_,loop_state_2_,chid__struct(x_0,x_1))) && b-event(@p_act(@occ34_2,(false__bool,loop_result_,loop_state_0_,loop_state_1_,loop_state_2_,chid__struct(x_0,x_1)))) && mess(channel_case_ch__1,(true__bool,channel_case_done_result__1,channel_case_done_state_0__1,channel_case_done_state_1__1,channel_case_done_state_2__1,channel_case_done_state_3__1)) && b-event(@p_act(@occ30_1[],(true__bool,channel_case_done_result__1,channel_case_done_state_0__1,channel_case_done_state_1__1,channel_case_done_state_2__1,channel_case_done_state_3__1))) && mess(rpc__0[],ack__chan) && table(access_control_table(client_t__0,ch_type__2,connect_rpc__0__syscall)) && table(channel_table(ch_type__2,rpc__0[])) && table(access_control_table(client_t__0,ch_type__3,connect_rpc__0__syscall)) && table(channel_table(ch_type__3,rpc__0[])) -> attacker(channel_case_done_result_)
(If the entry channel_table(ch_type__3,rpc__0[]) is in a table at get {67},
the entry access_control_table(client_t__0,ch_type__3,connect_rpc__0__syscall) is in a table at get {66},
the entry channel_table(ch_type__2,rpc__0[]) is in a table at get {65},
the entry access_control_table(client_t__0,ch_type__2,connect_rpc__0__syscall) is in a table at get {64},
the message ack__chan is received on channel rpc__0[] at input {21},
event @p_act(@occ30_1[],(true__bool,channel_case_done_result__1,channel_case_done_state_0__1,channel_case_done_state_1__1,channel_case_done_state_2__1,channel_case_done_state_3__1)) records how variables are instantiated at {30},
the message (true__bool,channel_case_done_result__1,channel_case_done_state_0__1,channel_case_done_state_1__1,channel_case_done_state_2__1,channel_case_done_state_3__1) is received on channel channel_case_ch__1 at input {30},
event @p_act(@occ34_2,(false__bool,loop_result_,loop_state_0_,loop_state_1_,loop_state_2_,chid__struct(x_0,x_1))) records how variables are instantiated at {34},
the message (false__bool,loop_result_,loop_state_0_,loop_state_1_,loop_state_2_,chid__struct(x_0,x_1)) is received on channel loop_ch_ at input {34},
the entry channel_table(ch_type__1,x_1) is in a table at get {53},
the entry access_control_table(client_t__0,ch_type__1,invoke_rpc__0__syscall) is in a table at get {52},
the entry channel_table(ch_type_,x_1) is in a table at get {51},
the entry access_control_table(client_t__0,ch_type_,invoke_rpc__0__syscall) is in a table at get {50},
the message Returned__chan(case_arg_0_) is received on channel x_1 at input {38},
event @p_act(@occ43_2,(true__bool,channel_case_done_result_,channel_case_done_state_0_,channel_case_done_state_1_,channel_case_done_state_2_,channel_case_done_state_3_,channel_case_done_state_4_,channel_case_done_state_5_,channel_case_done_state_6_,channel_case_done_state_7_,channel_case_done_state_8_,channel_case_done_state_9_)) records how variables are instantiated at {43},
the message (true__bool,channel_case_done_result_,channel_case_done_state_0_,channel_case_done_state_1_,channel_case_done_state_2_,channel_case_done_state_3_,channel_case_done_state_4_,channel_case_done_state_5_,channel_case_done_state_6_,channel_case_done_state_7_,channel_case_done_state_8_,channel_case_done_state_9_) is received on channel channel_case_ch_ at input {43},
then the message channel_case_done_result_ may be sent to the attacker at output {44}.)
Abbreviations:
channel_case_ch_ = channel_case_ch__87[case_arg_0__86 = case_arg_0_,ch_type__111 = ch_type_,ch_type__112 = ch_type__1,loop_state_3__85 = chid__struct(x_0,x_1),loop_state_2__84 = loop_state_2_,loop_state_1__83 = loop_state_1_,loop_state_0__82 = loop_state_0_,loop_result__81 = loop_result_,!1 = @sid,channel_case_done_state_3__69 = channel_case_done_state_3__1,channel_case_done_state_2__68 = channel_case_done_state_2__1,channel_case_done_state_1__67 = channel_case_done_state_1__1,channel_case_done_state_0__66 = channel_case_done_state_0__1,channel_case_done_result__65 = channel_case_done_result__1,ch_type__120 = ch_type__2,ch_type__121 = ch_type__3]
@occ43_2 = @occ43_1[!1 = @sid]
loop_ch_ = loop_ch__70[channel_case_done_state_3__69 = channel_case_done_state_3__1,channel_case_done_state_2__68 = channel_case_done_state_2__1,channel_case_done_state_1__67 = channel_case_done_state_1__1,channel_case_done_state_0__66 = channel_case_done_state_0__1,channel_case_done_result__65 = channel_case_done_result__1,ch_type__120 = ch_type__2,ch_type__121 = ch_type__3]
@occ34_2 = @occ34_1[!1 = @sid]
channel_case_ch__1 = channel_case_ch__64[ch_type__120 = ch_type__2,ch_type__121 = ch_type__3]

Clause 138: table(access_control_table(client_t__0,ch_type_,send__0__syscall)) && table(channel_table(ch_type_,udp__0[])) && b-event(ImgSend__event_global(channel_case_done_state_4_)) && mess(channel_case_ch_,(true__bool,channel_case_done_result_,channel_case_done_state_0_,channel_case_done_state_1_,channel_case_done_state_2_,channel_case_done_state_3_,channel_case_done_state_4_,channel_case_done_state_5_,channel_case_done_state_6_,channel_case_done_state_7_,channel_case_done_state_8_,channel_case_done_state_9_)) && b-event(@p_act(@occ43_2,(true__bool,channel_case_done_result_,channel_case_done_state_0_,channel_case_done_state_1_,channel_case_done_state_2_,channel_case_done_state_3_,channel_case_done_state_4_,channel_case_done_state_5_,channel_case_done_state_6_,channel_case_done_state_7_,channel_case_done_state_8_,channel_case_done_state_9_))) && mess(x_1,Returned__chan(case_arg_0_)) && table(access_control_table(client_t__0,ch_type__1,invoke_rpc__0__syscall)) && table(channel_table(ch_type__1,x_1)) && table(access_control_table(client_t__0,ch_type__2,invoke_rpc__0__syscall)) && table(channel_table(ch_type__2,x_1)) && mess(loop_ch_,(false__bool,loop_result_,loop_state_0_,loop_state_1_,loop_state_2_,chid__struct(x_0,x_1))) && b-event(@p_act(@occ34_2,(false__bool,loop_result_,loop_state_0_,loop_state_1_,loop_state_2_,chid__struct(x_0,x_1)))) && mess(channel_case_ch__1,(true__bool,channel_case_done_result__1,channel_case_done_state_0__1,channel_case_done_state_1__1,channel_case_done_state_2__1,channel_case_done_state_3__1)) && b-event(@p_act(@occ30_1[],(true__bool,channel_case_done_result__1,channel_case_done_state_0__1,channel_case_done_state_1__1,channel_case_done_state_2__1,channel_case_done_state_3__1))) && mess(rpc__0[],ack__chan) && table(access_control_table(client_t__0,ch_type__3,connect_rpc__0__syscall)) && table(channel_table(ch_type__3,rpc__0[])) && table(access_control_table(client_t__0,ch_type__4,connect_rpc__0__syscall)) && table(channel_table(ch_type__4,rpc__0[])) -> mess(udp__0[],store__chan((channel_case_done_result_,channel_case_done_state_4_)))
(If the entry channel_table(ch_type__4,rpc__0[]) is in a table at get {67},
the entry access_control_table(client_t__0,ch_type__4,connect_rpc__0__syscall) is in a table at get {66},
the entry channel_table(ch_type__3,rpc__0[]) is in a table at get {65},
the entry access_control_table(client_t__0,ch_type__3,connect_rpc__0__syscall) is in a table at get {64},
the message ack__chan is received on channel rpc__0[] at input {21},
event @p_act(@occ30_1[],(true__bool,channel_case_done_result__1,channel_case_done_state_0__1,channel_case_done_state_1__1,channel_case_done_state_2__1,channel_case_done_state_3__1)) records how variables are instantiated at {30},
the message (true__bool,channel_case_done_result__1,channel_case_done_state_0__1,channel_case_done_state_1__1,channel_case_done_state_2__1,channel_case_done_state_3__1) is received on channel channel_case_ch__1 at input {30},
event @p_act(@occ34_2,(false__bool,loop_result_,loop_state_0_,loop_state_1_,loop_state_2_,chid__struct(x_0,x_1))) records how variables are instantiated at {34},
the message (false__bool,loop_result_,loop_state_0_,loop_state_1_,loop_state_2_,chid__struct(x_0,x_1)) is received on channel loop_ch_ at input {34},
the entry channel_table(ch_type__2,x_1) is in a table at get {53},
the entry access_control_table(client_t__0,ch_type__2,invoke_rpc__0__syscall) is in a table at get {52},
the entry channel_table(ch_type__1,x_1) is in a table at get {51},
the entry access_control_table(client_t__0,ch_type__1,invoke_rpc__0__syscall) is in a table at get {50},
the message Returned__chan(case_arg_0_) is received on channel x_1 at input {38},
event @p_act(@occ43_2,(true__bool,channel_case_done_result_,channel_case_done_state_0_,channel_case_done_state_1_,channel_case_done_state_2_,channel_case_done_state_3_,channel_case_done_state_4_,channel_case_done_state_5_,channel_case_done_state_6_,channel_case_done_state_7_,channel_case_done_state_8_,channel_case_done_state_9_)) records how variables are instantiated at {43},
the message (true__bool,channel_case_done_result_,channel_case_done_state_0_,channel_case_done_state_1_,channel_case_done_state_2_,channel_case_done_state_3_,channel_case_done_state_4_,channel_case_done_state_5_,channel_case_done_state_6_,channel_case_done_state_7_,channel_case_done_state_8_,channel_case_done_state_9_) is received on channel channel_case_ch_ at input {43},
event ImgSend__event_global(channel_case_done_state_4_) is executed at {45},
the entry channel_table(ch_type_,udp__0[]) is in a table at get {49},
the entry access_control_table(client_t__0,ch_type_,send__0__syscall) is in a table at get {48},
then the message store__chan((channel_case_done_result_,channel_case_done_state_4_)) may be sent on channel udp__0[] at output {46}.)
Abbreviations:
channel_case_ch_ = channel_case_ch__87[case_arg_0__86 = case_arg_0_,ch_type__111 = ch_type__1,ch_type__112 = ch_type__2,loop_state_3__85 = chid__struct(x_0,x_1),loop_state_2__84 = loop_state_2_,loop_state_1__83 = loop_state_1_,loop_state_0__82 = loop_state_0_,loop_result__81 = loop_result_,!1 = @sid,channel_case_done_state_3__69 = channel_case_done_state_3__1,channel_case_done_state_2__68 = channel_case_done_state_2__1,channel_case_done_state_1__67 = channel_case_done_state_1__1,channel_case_done_state_0__66 = channel_case_done_state_0__1,channel_case_done_result__65 = channel_case_done_result__1,ch_type__120 = ch_type__3,ch_type__121 = ch_type__4]
@occ43_2 = @occ43_1[!1 = @sid]
loop_ch_ = loop_ch__70[channel_case_done_state_3__69 = channel_case_done_state_3__1,channel_case_done_state_2__68 = channel_case_done_state_2__1,channel_case_done_state_1__67 = channel_case_done_state_1__1,channel_case_done_state_0__66 = channel_case_done_state_0__1,channel_case_done_result__65 = channel_case_done_result__1,ch_type__120 = ch_type__3,ch_type__121 = ch_type__4]
@occ34_2 = @occ34_1[!1 = @sid]
channel_case_ch__1 = channel_case_ch__64[ch_type__120 = ch_type__3,ch_type__121 = ch_type__4]

Clause 139: table(access_control_table(client_t__0,ch_type_,send__0__syscall)) && table(channel_table(ch_type_,udp__0[])) && b-event(ImgSend__event_global(channel_case_done_state_4_)) && mess(channel_case_ch_,(true__bool,channel_case_done_result_,channel_case_done_state_0_,channel_case_done_state_1_,channel_case_done_state_2_,channel_case_done_state_3_,channel_case_done_state_4_,channel_case_done_state_5_,channel_case_done_state_6_,channel_case_done_state_7_,channel_case_done_state_8_,channel_case_done_state_9_)) && b-event(@p_act(@occ43_2,(true__bool,channel_case_done_result_,channel_case_done_state_0_,channel_case_done_state_1_,channel_case_done_state_2_,channel_case_done_state_3_,channel_case_done_state_4_,channel_case_done_state_5_,channel_case_done_state_6_,channel_case_done_state_7_,channel_case_done_state_8_,channel_case_done_state_9_))) && mess(x_1,Returned__chan(case_arg_0_)) && table(access_control_table(client_t__0,ch_type__1,invoke_rpc__0__syscall)) && table(channel_table(ch_type__1,x_1)) && table(access_control_table(client_t__0,ch_type__2,invoke_rpc__0__syscall)) && table(channel_table(ch_type__2,x_1)) && mess(loop_ch_,(false__bool,loop_result_,loop_state_0_,loop_state_1_,loop_state_2_,chid__struct(x_0,x_1))) && b-event(@p_act(@occ34_2,(false__bool,loop_result_,loop_state_0_,loop_state_1_,loop_state_2_,chid__struct(x_0,x_1)))) && mess(channel_case_ch__1,(true__bool,channel_case_done_result__1,channel_case_done_state_0__1,channel_case_done_state_1__1,channel_case_done_state_2__1,channel_case_done_state_3__1)) && b-event(@p_act(@occ30_1[],(true__bool,channel_case_done_result__1,channel_case_done_state_0__1,channel_case_done_state_1__1,channel_case_done_state_2__1,channel_case_done_state_3__1))) && mess(rpc__0[],ack__chan) && table(access_control_table(client_t__0,ch_type__3,connect_rpc__0__syscall)) && table(channel_table(ch_type__3,rpc__0[])) && table(access_control_table(client_t__0,ch_type__4,connect_rpc__0__syscall)) && table(channel_table(ch_type__4,rpc__0[])) -> mess(loop_ch_,(false__bool,(),channel_case_done_state_0_,channel_case_done_state_1_,channel_case_done_state_2_,channel_case_done_state_3_))
(If the entry channel_table(ch_type__4,rpc__0[]) is in a table at get {67},
the entry access_control_table(client_t__0,ch_type__4,connect_rpc__0__syscall) is in a table at get {66},
the entry channel_table(ch_type__3,rpc__0[]) is in a table at get {65},
the entry access_control_table(client_t__0,ch_type__3,connect_rpc__0__syscall) is in a table at get {64},
the message ack__chan is received on channel rpc__0[] at input {21},
event @p_act(@occ30_1[],(true__bool,channel_case_done_result__1,channel_case_done_state_0__1,channel_case_done_state_1__1,channel_case_done_state_2__1,channel_case_done_state_3__1)) records how variables are instantiated at {30},
the message (true__bool,channel_case_done_result__1,channel_case_done_state_0__1,channel_case_done_state_1__1,channel_case_done_state_2__1,channel_case_done_state_3__1) is received on channel channel_case_ch__1 at input {30},
event @p_act(@occ34_2,(false__bool,loop_result_,loop_state_0_,loop_state_1_,loop_state_2_,chid__struct(x_0,x_1))) records how variables are instantiated at {34},
the message (false__bool,loop_result_,loop_state_0_,loop_state_1_,loop_state_2_,chid__struct(x_0,x_1)) is received on channel loop_ch_ at input {34},
the entry channel_table(ch_type__2,x_1) is in a table at get {53},
the entry access_control_table(client_t__0,ch_type__2,invoke_rpc__0__syscall) is in a table at get {52},
the entry channel_table(ch_type__1,x_1) is in a table at get {51},
the entry access_control_table(client_t__0,ch_type__1,invoke_rpc__0__syscall) is in a table at get {50},
the message Returned__chan(case_arg_0_) is received on channel x_1 at input {38},
event @p_act(@occ43_2,(true__bool,channel_case_done_result_,channel_case_done_state_0_,channel_case_done_state_1_,channel_case_done_state_2_,channel_case_done_state_3_,channel_case_done_state_4_,channel_case_done_state_5_,channel_case_done_state_6_,channel_case_done_state_7_,channel_case_done_state_8_,channel_case_done_state_9_)) records how variables are instantiated at {43},
the message (true__bool,channel_case_done_result_,channel_case_done_state_0_,channel_case_done_state_1_,channel_case_done_state_2_,channel_case_done_state_3_,channel_case_done_state_4_,channel_case_done_state_5_,channel_case_done_state_6_,channel_case_done_state_7_,channel_case_done_state_8_,channel_case_done_state_9_) is received on channel channel_case_ch_ at input {43},
event ImgSend__event_global(channel_case_done_state_4_) is executed at {45},
the entry channel_table(ch_type_,udp__0[]) is in a table at get {49},
the entry access_control_table(client_t__0,ch_type_,send__0__syscall) is in a table at get {48},
then the message (false__bool,(),channel_case_done_state_0_,channel_case_done_state_1_,channel_case_done_state_2_,channel_case_done_state_3_) may be sent on channel loop_ch_ at output {47}.)
Abbreviations:
loop_ch_ = loop_ch__70[channel_case_done_state_3__69 = channel_case_done_state_3__1,channel_case_done_state_2__68 = channel_case_done_state_2__1,channel_case_done_state_1__67 = channel_case_done_state_1__1,channel_case_done_state_0__66 = channel_case_done_state_0__1,channel_case_done_result__65 = channel_case_done_result__1,ch_type__120 = ch_type__3,ch_type__121 = ch_type__4]
channel_case_ch_ = channel_case_ch__87[case_arg_0__86 = case_arg_0_,ch_type__111 = ch_type__1,ch_type__112 = ch_type__2,loop_state_3__85 = chid__struct(x_0,x_1),loop_state_2__84 = loop_state_2_,loop_state_1__83 = loop_state_1_,loop_state_0__82 = loop_state_0_,loop_result__81 = loop_result_,!1 = @sid,channel_case_done_state_3__69 = channel_case_done_state_3__1,channel_case_done_state_2__68 = channel_case_done_state_2__1,channel_case_done_state_1__67 = channel_case_done_state_1__1,channel_case_done_state_0__66 = channel_case_done_state_0__1,channel_case_done_result__65 = channel_case_done_result__1,ch_type__120 = ch_type__3,ch_type__121 = ch_type__4]
@occ43_2 = @occ43_1[!1 = @sid]
@occ34_2 = @occ34_1[!1 = @sid]
channel_case_ch__1 = channel_case_ch__64[ch_type__120 = ch_type__3,ch_type__121 = ch_type__4]

Clause 140: mess(loop_ch_,(false__bool,loop_result_,loop_state_0_,loop_state_1_,loop_state_2_,loop_state_3_)) && b-event(@p_act(@occ55_2,(false__bool,loop_result_,loop_state_0_,loop_state_1_,loop_state_2_,loop_state_3_))) && mess(channel_case_ch_,(true__bool,channel_case_done_result_,channel_case_done_state_0_,channel_case_done_state_1_,channel_case_done_state_2_,channel_case_done_state_3_)) && b-event(@p_act(@occ30_1[],(true__bool,channel_case_done_result_,channel_case_done_state_0_,channel_case_done_state_1_,channel_case_done_state_2_,channel_case_done_state_3_))) && mess(rpc__0[],ack__chan) && table(access_control_table(client_t__0,ch_type_,connect_rpc__0__syscall)) && table(channel_table(ch_type_,rpc__0[])) && table(access_control_table(client_t__0,ch_type__1,connect_rpc__0__syscall)) && table(channel_table(ch_type__1,rpc__0[])) -> mess(loop_ch_,(true__bool,(),loop_state_0_,loop_state_1_,loop_state_2_,loop_state_3_))
(If the entry channel_table(ch_type__1,rpc__0[]) is in a table at get {67},
the entry access_control_table(client_t__0,ch_type__1,connect_rpc__0__syscall) is in a table at get {66},
the entry channel_table(ch_type_,rpc__0[]) is in a table at get {65},
the entry access_control_table(client_t__0,ch_type_,connect_rpc__0__syscall) is in a table at get {64},
the message ack__chan is received on channel rpc__0[] at input {21},
event @p_act(@occ30_1[],(true__bool,channel_case_done_result_,channel_case_done_state_0_,channel_case_done_state_1_,channel_case_done_state_2_,channel_case_done_state_3_)) records how variables are instantiated at {30},
the message (true__bool,channel_case_done_result_,channel_case_done_state_0_,channel_case_done_state_1_,channel_case_done_state_2_,channel_case_done_state_3_) is received on channel channel_case_ch_ at input {30},
event @p_act(@occ55_2,(false__bool,loop_result_,loop_state_0_,loop_state_1_,loop_state_2_,loop_state_3_)) records how variables are instantiated at {55},
the message (false__bool,loop_result_,loop_state_0_,loop_state_1_,loop_state_2_,loop_state_3_) is received on channel loop_ch_ at input {55},
then the message (true__bool,(),loop_state_0_,loop_state_1_,loop_state_2_,loop_state_3_) may be sent on channel loop_ch_ at output {56}.)
Abbreviations:
loop_ch_ = loop_ch__70[channel_case_done_state_3__69 = channel_case_done_state_3_,channel_case_done_state_2__68 = channel_case_done_state_2_,channel_case_done_state_1__67 = channel_case_done_state_1_,channel_case_done_state_0__66 = channel_case_done_state_0_,channel_case_done_result__65 = channel_case_done_result_,ch_type__120 = ch_type_,ch_type__121 = ch_type__1]
@occ55_2 = @occ55_1[!1 = @sid]
channel_case_ch_ = channel_case_ch__64[ch_type__120 = ch_type_,ch_type__121 = ch_type__1]

Clause 141: mess(loop_ch_,(true__bool,loop_done_result_,loop_done_state_0_,loop_done_state_1_,loop_done_state_2_,chid__struct(x_0,x_1))) && b-event(@p_act(@occ57_1[],(true__bool,loop_done_result_,loop_done_state_0_,loop_done_state_1_,loop_done_state_2_,chid__struct(x_0,x_1)))) && mess(channel_case_ch_,(true__bool,channel_case_done_result_,channel_case_done_state_0_,channel_case_done_state_1_,channel_case_done_state_2_,channel_case_done_state_3_)) && b-event(@p_act(@occ30_1[],(true__bool,channel_case_done_result_,channel_case_done_state_0_,channel_case_done_state_1_,channel_case_done_state_2_,channel_case_done_state_3_))) && mess(rpc__0[],ack__chan) && table(access_control_table(client_t__0,ch_type_,connect_rpc__0__syscall)) && table(channel_table(ch_type_,rpc__0[])) && table(access_control_table(client_t__0,ch_type__1,connect_rpc__0__syscall)) && table(channel_table(ch_type__1,rpc__0[])) -> table(deleted_address_table(x_0))
(If the entry channel_table(ch_type__1,rpc__0[]) is in a table at get {67},
the entry access_control_table(client_t__0,ch_type__1,connect_rpc__0__syscall) is in a table at get {66},
the entry channel_table(ch_type_,rpc__0[]) is in a table at get {65},
the entry access_control_table(client_t__0,ch_type_,connect_rpc__0__syscall) is in a table at get {64},
the message ack__chan is received on channel rpc__0[] at input {21},
event @p_act(@occ30_1[],(true__bool,channel_case_done_result_,channel_case_done_state_0_,channel_case_done_state_1_,channel_case_done_state_2_,channel_case_done_state_3_)) records how variables are instantiated at {30},
the message (true__bool,channel_case_done_result_,channel_case_done_state_0_,channel_case_done_state_1_,channel_case_done_state_2_,channel_case_done_state_3_) is received on channel channel_case_ch_ at input {30},
event @p_act(@occ57_1[],(true__bool,loop_done_result_,loop_done_state_0_,loop_done_state_1_,loop_done_state_2_,chid__struct(x_0,x_1))) records how variables are instantiated at {57},
the message (true__bool,loop_done_result_,loop_done_state_0_,loop_done_state_1_,loop_done_state_2_,chid__struct(x_0,x_1)) is received on channel loop_ch_ at input {57},
then the entry deleted_address_table(x_0) may be inserted in a table at insert {58}.)
Abbreviations:
loop_ch_ = loop_ch__70[channel_case_done_state_3__69 = channel_case_done_state_3_,channel_case_done_state_2__68 = channel_case_done_state_2_,channel_case_done_state_1__67 = channel_case_done_state_1_,channel_case_done_state_0__66 = channel_case_done_state_0_,channel_case_done_result__65 = channel_case_done_result_,ch_type__120 = ch_type_,ch_type__121 = ch_type__1]
channel_case_ch_ = channel_case_ch__64[ch_type__120 = ch_type_,ch_type__121 = ch_type__1]

Clause 142: table(access_control_table(client_t__0,ch_type_,close_rpc__0__syscall)) && table(channel_table(ch_type_,x_1)) && mess(loop_ch_,(true__bool,loop_done_result_,loop_done_state_0_,loop_done_state_1_,loop_done_state_2_,chid__struct(x_0,x_1))) && b-event(@p_act(@occ57_1[],(true__bool,loop_done_result_,loop_done_state_0_,loop_done_state_1_,loop_done_state_2_,chid__struct(x_0,x_1)))) && mess(channel_case_ch_,(true__bool,channel_case_done_result_,channel_case_done_state_0_,channel_case_done_state_1_,channel_case_done_state_2_,channel_case_done_state_3_)) && b-event(@p_act(@occ30_1[],(true__bool,channel_case_done_result_,channel_case_done_state_0_,channel_case_done_state_1_,channel_case_done_state_2_,channel_case_done_state_3_))) && mess(rpc__0[],ack__chan) && table(access_control_table(client_t__0,ch_type__1,connect_rpc__0__syscall)) && table(channel_table(ch_type__1,rpc__0[])) && table(access_control_table(client_t__0,ch_type__2,connect_rpc__0__syscall)) && table(channel_table(ch_type__2,rpc__0[])) -> mess(x_1,exit__chan)
(If the entry channel_table(ch_type__2,rpc__0[]) is in a table at get {67},
the entry access_control_table(client_t__0,ch_type__2,connect_rpc__0__syscall) is in a table at get {66},
the entry channel_table(ch_type__1,rpc__0[]) is in a table at get {65},
the entry access_control_table(client_t__0,ch_type__1,connect_rpc__0__syscall) is in a table at get {64},
the message ack__chan is received on channel rpc__0[] at input {21},
event @p_act(@occ30_1[],(true__bool,channel_case_done_result_,channel_case_done_state_0_,channel_case_done_state_1_,channel_case_done_state_2_,channel_case_done_state_3_)) records how variables are instantiated at {30},
the message (true__bool,channel_case_done_result_,channel_case_done_state_0_,channel_case_done_state_1_,channel_case_done_state_2_,channel_case_done_state_3_) is received on channel channel_case_ch_ at input {30},
event @p_act(@occ57_1[],(true__bool,loop_done_result_,loop_done_state_0_,loop_done_state_1_,loop_done_state_2_,chid__struct(x_0,x_1))) records how variables are instantiated at {57},
the message (true__bool,loop_done_result_,loop_done_state_0_,loop_done_state_1_,loop_done_state_2_,chid__struct(x_0,x_1)) is received on channel loop_ch_ at input {57},
the entry channel_table(ch_type_,x_1) is in a table at get {62},
the entry access_control_table(client_t__0,ch_type_,close_rpc__0__syscall) is in a table at get {61},
then the message exit__chan may be sent on channel x_1 at output {59}.)
Abbreviations:
loop_ch_ = loop_ch__70[channel_case_done_state_3__69 = channel_case_done_state_3_,channel_case_done_state_2__68 = channel_case_done_state_2_,channel_case_done_state_1__67 = channel_case_done_state_1_,channel_case_done_state_0__66 = channel_case_done_state_0_,channel_case_done_result__65 = channel_case_done_result_,ch_type__120 = ch_type__1,ch_type__121 = ch_type__2]
channel_case_ch_ = channel_case_ch__64[ch_type__120 = ch_type__1,ch_type__121 = ch_type__2]

Clause 143: table(channel_table(udp_t__0,udp__0[]))
(The entry channel_table(udp_t__0,udp__0[]) may be inserted in a table at insert {70}.)

Clause 144: table(file_type_table(server_t__0,readonly_t__0,secret_pub__str))
(The entry file_type_table(server_t__0,readonly_t__0,secret_pub__str) may be inserted in a table at insert {71}.)

Clause 145: mess(file_ch[],(secret_pub__str,pk__0(priv_k__0)))
(The message (secret_pub__str,pk__0(priv_k__0)) may be sent on channel file_ch[] at output {73}.)

Clause 146: table(access_control_table(server_t__0,file_type_,fopen__0__syscall)) && table(file_type_table(server_t__0,file_type_,secret_pub__str)) && mess(file_ch[],(secret_pub__str,file_contents_)) && b-event(@p_act(@occ74_1[],(secret_pub__str,file_contents_))) && table(access_control_table(server_t__0,file_type__1,fopen__0__syscall)) && table(file_type_table(server_t__0,file_type__1,secret_pub__str)) -> mess(file_ch[],(secret_pub__str,file_contents_))
(If the entry file_type_table(server_t__0,file_type__1,secret_pub__str) is in a table at get {127},
the entry access_control_table(server_t__0,file_type__1,fopen__0__syscall) is in a table at get {126},
event @p_act(@occ74_1[],(secret_pub__str,file_contents_)) records how variables are instantiated at {74},
the message (secret_pub__str,file_contents_) is received on channel file_ch[] at input {74},
the entry file_type_table(server_t__0,file_type_,secret_pub__str) is in a table at get {125},
the entry access_control_table(server_t__0,file_type_,fopen__0__syscall) is in a table at get {124},
then the message (secret_pub__str,file_contents_) may be sent on channel file_ch[] at output {76}.)

Clause 147: table(access_control_table(server_t__0,file_type_,fopen__0__syscall)) && table(file_type_table(server_t__0,file_type_,secret_pub__str)) && mess(file_ch[],(secret_pub__str,x_1)) && b-event(@p_act(@occ74_1[],(secret_pub__str,x_1))) && table(access_control_table(server_t__0,file_type__1,fopen__0__syscall)) && table(file_type_table(server_t__0,file_type__1,secret_pub__str)) -> mess(loop_ch_,(false__bool,(),secret_pub__str,Fd__struct(y__1,x_1),x_1))
(If the entry file_type_table(server_t__0,file_type__1,secret_pub__str) is in a table at get {127},
the entry access_control_table(server_t__0,file_type__1,fopen__0__syscall) is in a table at get {126},
event @p_act(@occ74_1[],(secret_pub__str,x_1)) records how variables are instantiated at {74},
the message (secret_pub__str,x_1) is received on channel file_ch[] at input {74},
the entry file_type_table(server_t__0,file_type_,secret_pub__str) is in a table at get {125},
the entry access_control_table(server_t__0,file_type_,fopen__0__syscall) is in a table at get {124},
then the message (false__bool,(),secret_pub__str,Fd__struct(y__1,x_1),x_1) may be sent on channel loop_ch_ at output {78}.)
Abbreviations:
loop_ch_ = loop_ch__164[file_type__228 = file_type_,file_contents__163 = x_1,file_type__229 = file_type__1]
y__1 = y__27[file_contents__163 = x_1,file_type__229 = file_type__1]

Clause 148: mess(loop_ch_,(false__bool,loop_result_,loop_state_0_,loop_state_1_,loop_state_2_)) && b-event(@p_act(@occ80_2,(false__bool,loop_result_,loop_state_0_,loop_state_1_,loop_state_2_))) && table(access_control_table(server_t__0,file_type_,fopen__0__syscall)) && table(file_type_table(server_t__0,file_type_,secret_pub__str)) && mess(file_ch[],(secret_pub__str,file_contents_)) && b-event(@p_act(@occ74_1[],(secret_pub__str,file_contents_))) && table(access_control_table(server_t__0,file_type__1,fopen__0__syscall)) && table(file_type_table(server_t__0,file_type__1,secret_pub__str)) -> mess(attack_choice_ch_1,true__bool)
(If the entry file_type_table(server_t__0,file_type__1,secret_pub__str) is in a table at get {127},
the entry access_control_table(server_t__0,file_type__1,fopen__0__syscall) is in a table at get {126},
event @p_act(@occ74_1[],(secret_pub__str,file_contents_)) records how variables are instantiated at {74},
the message (secret_pub__str,file_contents_) is received on channel file_ch[] at input {74},
the entry file_type_table(server_t__0,file_type_,secret_pub__str) is in a table at get {125},
the entry access_control_table(server_t__0,file_type_,fopen__0__syscall) is in a table at get {124},
event @p_act(@occ80_2,(false__bool,loop_result_,loop_state_0_,loop_state_1_,loop_state_2_)) records how variables are instantiated at {80},
the message (false__bool,loop_result_,loop_state_0_,loop_state_1_,loop_state_2_) is received on channel loop_ch_ at input {80},
then the message true__bool may be sent on channel attack_choice_ch_1 at output {83}.)
Abbreviations:
attack_choice_ch_1 = attack_choice_ch[loop_state_2__176 = loop_state_2_,loop_state_1__175 = loop_state_1_,loop_state_0__174 = loop_state_0_,loop_result__173 = loop_result_,!1 = @sid,file_type__228 = file_type_,file_contents__163 = file_contents_,file_type__229 = file_type__1]
loop_ch_ = loop_ch__164[file_type__228 = file_type_,file_contents__163 = file_contents_,file_type__229 = file_type__1]
@occ80_2 = @occ80_1[!1 = @sid]

Clause 149: mess(udp__0[],store__chan(case_arg_0_)) && table(access_control_table(server_t__0,ch_type_,recv__0__syscall)) && table(channel_table(ch_type_,udp__0[])) && mess(attack_choice_ch_1,ignored_v_2) && mess(loop_ch_,(false__bool,loop_result_,loop_state_0_,loop_state_1_,loop_state_2_)) && b-event(@p_act(@occ80_2,(false__bool,loop_result_,loop_state_0_,loop_state_1_,loop_state_2_))) && table(access_control_table(server_t__0,file_type_,fopen__0__syscall)) && table(file_type_table(server_t__0,file_type_,secret_pub__str)) && mess(file_ch[],(secret_pub__str,file_contents_)) && b-event(@p_act(@occ74_1[],(secret_pub__str,file_contents_))) && table(access_control_table(server_t__0,file_type__1,fopen__0__syscall)) && table(file_type_table(server_t__0,file_type__1,secret_pub__str)) -> mess(channel_case_ch_,(false__bool,(),loop_state_0_,loop_state_1_,loop_state_2_,udp__0[]))
(If the entry file_type_table(server_t__0,file_type__1,secret_pub__str) is in a table at get {127},
the entry access_control_table(server_t__0,file_type__1,fopen__0__syscall) is in a table at get {126},
event @p_act(@occ74_1[],(secret_pub__str,file_contents_)) records how variables are instantiated at {74},
the message (secret_pub__str,file_contents_) is received on channel file_ch[] at input {74},
the entry file_type_table(server_t__0,file_type_,secret_pub__str) is in a table at get {125},
the entry access_control_table(server_t__0,file_type_,fopen__0__syscall) is in a table at get {124},
event @p_act(@occ80_2,(false__bool,loop_result_,loop_state_0_,loop_state_1_,loop_state_2_)) records how variables are instantiated at {80},
the message (false__bool,loop_result_,loop_state_0_,loop_state_1_,loop_state_2_) is received on channel loop_ch_ at input {80},
the message ignored_v_2 is received on channel attack_choice_ch_1 at input {84},
the entry channel_table(ch_type_,udp__0[]) is in a table at get {93},
the entry access_control_table(server_t__0,ch_type_,recv__0__syscall) is in a table at get {92},
the message store__chan(case_arg_0_) is received on channel udp__0[] at input {85},
then the message (false__bool,(),loop_state_0_,loop_state_1_,loop_state_2_,udp__0[]) may be sent on channel channel_case_ch_ at output {87}.)
Abbreviations:
channel_case_ch_ = channel_case_ch__178[case_arg_0__177 = case_arg_0_,ch_type__197 = ch_type_,ignored_v = ignored_v_2,loop_state_2__176 = loop_state_2_,loop_state_1__175 = loop_state_1_,loop_state_0__174 = loop_state_0_,loop_result__173 = loop_result_,!1 = @sid,file_type__228 = file_type_,file_contents__163 = file_contents_,file_type__229 = file_type__1]
attack_choice_ch_1 = attack_choice_ch[loop_state_2__176 = loop_state_2_,loop_state_1__175 = loop_state_1_,loop_state_0__174 = loop_state_0_,loop_result__173 = loop_result_,!1 = @sid,file_type__228 = file_type_,file_contents__163 = file_contents_,file_type__229 = file_type__1]
loop_ch_ = loop_ch__164[file_type__228 = file_type_,file_contents__163 = file_contents_,file_type__229 = file_type__1]
@occ80_2 = @occ80_1[!1 = @sid]

Clause 150: mess(channel_case_ch_,(false__bool,channel_case_result_,channel_case_state_0_,channel_case_state_1_,channel_case_state_2_,channel_case_state_3_)) && b-event(@p_act(@occ88_2,(false__bool,channel_case_result_,channel_case_state_0_,channel_case_state_1_,channel_case_state_2_,channel_case_state_3_))) && mess(udp__0[],store__chan(case_arg_0_)) && table(access_control_table(server_t__0,ch_type_,recv__0__syscall)) && table(channel_table(ch_type_,udp__0[])) && mess(attack_choice_ch_1,ignored_v_2) && mess(loop_ch_,(false__bool,loop_result_,loop_state_0_,loop_state_1_,loop_state_2_)) && b-event(@p_act(@occ80_2,(false__bool,loop_result_,loop_state_0_,loop_state_1_,loop_state_2_))) && table(access_control_table(server_t__0,file_type_,fopen__0__syscall)) && table(file_type_table(server_t__0,file_type_,secret_pub__str)) && mess(file_ch[],(secret_pub__str,file_contents_)) && b-event(@p_act(@occ74_1[],(secret_pub__str,file_contents_))) && table(access_control_table(server_t__0,file_type__1,fopen__0__syscall)) && table(file_type_table(server_t__0,file_type__1,secret_pub__str)) -> mess(channel_case_ch_,(true__bool,case_arg_0_,channel_case_state_0_,channel_case_state_1_,channel_case_state_2_,channel_case_state_3_))
(If the entry file_type_table(server_t__0,file_type__1,secret_pub__str) is in a table at get {127},
the entry access_control_table(server_t__0,file_type__1,fopen__0__syscall) is in a table at get {126},
event @p_act(@occ74_1[],(secret_pub__str,file_contents_)) records how variables are instantiated at {74},
the message (secret_pub__str,file_contents_) is received on channel file_ch[] at input {74},
the entry file_type_table(server_t__0,file_type_,secret_pub__str) is in a table at get {125},
the entry access_control_table(server_t__0,file_type_,fopen__0__syscall) is in a table at get {124},
event @p_act(@occ80_2,(false__bool,loop_result_,loop_state_0_,loop_state_1_,loop_state_2_)) records how variables are instantiated at {80},
the message (false__bool,loop_result_,loop_state_0_,loop_state_1_,loop_state_2_) is received on channel loop_ch_ at input {80},
the message ignored_v_2 is received on channel attack_choice_ch_1 at input {84},
the entry channel_table(ch_type_,udp__0[]) is in a table at get {93},
the entry access_control_table(server_t__0,ch_type_,recv__0__syscall) is in a table at get {92},
the message store__chan(case_arg_0_) is received on channel udp__0[] at input {85},
event @p_act(@occ88_2,(false__bool,channel_case_result_,channel_case_state_0_,channel_case_state_1_,channel_case_state_2_,channel_case_state_3_)) records how variables are instantiated at {88},
the message (false__bool,channel_case_result_,channel_case_state_0_,channel_case_state_1_,channel_case_state_2_,channel_case_state_3_) is received on channel channel_case_ch_ at input {88},
then the message (true__bool,case_arg_0_,channel_case_state_0_,channel_case_state_1_,channel_case_state_2_,channel_case_state_3_) may be sent on channel channel_case_ch_ at output {89}.)
Abbreviations:
channel_case_ch_ = channel_case_ch__178[case_arg_0__177 = case_arg_0_,ch_type__197 = ch_type_,ignored_v = ignored_v_2,loop_state_2__176 = loop_state_2_,loop_state_1__175 = loop_state_1_,loop_state_0__174 = loop_state_0_,loop_result__173 = loop_result_,!1 = @sid,file_type__228 = file_type_,file_contents__163 = file_contents_,file_type__229 = file_type__1]
@occ88_2 = @occ88_1[!1 = @sid]
attack_choice_ch_1 = attack_choice_ch[loop_state_2__176 = loop_state_2_,loop_state_1__175 = loop_state_1_,loop_state_0__174 = loop_state_0_,loop_result__173 = loop_result_,!1 = @sid,file_type__228 = file_type_,file_contents__163 = file_contents_,file_type__229 = file_type__1]
loop_ch_ = loop_ch__164[file_type__228 = file_type_,file_contents__163 = file_contents_,file_type__229 = file_type__1]
@occ80_2 = @occ80_1[!1 = @sid]

Clause 151: mess(channel_case_ch_,(true__bool,channel_case_done_result_,channel_case_done_state_0_,channel_case_done_state_1_,channel_case_done_state_2_,channel_case_done_state_3_)) && b-event(@p_act(@occ90_2,(true__bool,channel_case_done_result_,channel_case_done_state_0_,channel_case_done_state_1_,channel_case_done_state_2_,channel_case_done_state_3_))) && mess(udp__0[],store__chan(case_arg_0_)) && table(access_control_table(server_t__0,ch_type_,recv__0__syscall)) && table(channel_table(ch_type_,udp__0[])) && mess(attack_choice_ch_1,ignored_v_2) && mess(loop_ch_,(false__bool,loop_result_,loop_state_0_,loop_state_1_,loop_state_2_)) && b-event(@p_act(@occ80_2,(false__bool,loop_result_,loop_state_0_,loop_state_1_,loop_state_2_))) && table(access_control_table(server_t__0,file_type_,fopen__0__syscall)) && table(file_type_table(server_t__0,file_type_,secret_pub__str)) && mess(file_ch[],(secret_pub__str,file_contents_)) && b-event(@p_act(@occ74_1[],(secret_pub__str,file_contents_))) && table(access_control_table(server_t__0,file_type__1,fopen__0__syscall)) && table(file_type_table(server_t__0,file_type__1,secret_pub__str)) -> mess(call_join_ch_,(true__bool,channel_case_done_result_,channel_case_done_state_0_,channel_case_done_state_1_,channel_case_done_state_2_))
(If the entry file_type_table(server_t__0,file_type__1,secret_pub__str) is in a table at get {127},
the entry access_control_table(server_t__0,file_type__1,fopen__0__syscall) is in a table at get {126},
event @p_act(@occ74_1[],(secret_pub__str,file_contents_)) records how variables are instantiated at {74},
the message (secret_pub__str,file_contents_) is received on channel file_ch[] at input {74},
the entry file_type_table(server_t__0,file_type_,secret_pub__str) is in a table at get {125},
the entry access_control_table(server_t__0,file_type_,fopen__0__syscall) is in a table at get {124},
event @p_act(@occ80_2,(false__bool,loop_result_,loop_state_0_,loop_state_1_,loop_state_2_)) records how variables are instantiated at {80},
the message (false__bool,loop_result_,loop_state_0_,loop_state_1_,loop_state_2_) is received on channel loop_ch_ at input {80},
the message ignored_v_2 is received on channel attack_choice_ch_1 at input {84},
the entry channel_table(ch_type_,udp__0[]) is in a table at get {93},
the entry access_control_table(server_t__0,ch_type_,recv__0__syscall) is in a table at get {92},
the message store__chan(case_arg_0_) is received on channel udp__0[] at input {85},
event @p_act(@occ90_2,(true__bool,channel_case_done_result_,channel_case_done_state_0_,channel_case_done_state_1_,channel_case_done_state_2_,channel_case_done_state_3_)) records how variables are instantiated at {90},
the message (true__bool,channel_case_done_result_,channel_case_done_state_0_,channel_case_done_state_1_,channel_case_done_state_2_,channel_case_done_state_3_) is received on channel channel_case_ch_ at input {90},
then the message (true__bool,channel_case_done_result_,channel_case_done_state_0_,channel_case_done_state_1_,channel_case_done_state_2_) may be sent on channel call_join_ch_ at output {91}.)
Abbreviations:
call_join_ch_ = call_join_ch__191[loop_state_2__176 = loop_state_2_,loop_state_1__175 = loop_state_1_,loop_state_0__174 = loop_state_0_,loop_result__173 = loop_result_,!1 = @sid,file_type__228 = file_type_,file_contents__163 = file_contents_,file_type__229 = file_type__1]
channel_case_ch_ = channel_case_ch__178[case_arg_0__177 = case_arg_0_,ch_type__197 = ch_type_,ignored_v = ignored_v_2,loop_state_2__176 = loop_state_2_,loop_state_1__175 = loop_state_1_,loop_state_0__174 = loop_state_0_,loop_result__173 = loop_result_,!1 = @sid,file_type__228 = file_type_,file_contents__163 = file_contents_,file_type__229 = file_type__1]
@occ90_2 = @occ90_1[!1 = @sid]
attack_choice_ch_1 = attack_choice_ch[loop_state_2__176 = loop_state_2_,loop_state_1__175 = loop_state_1_,loop_state_0__174 = loop_state_0_,loop_result__173 = loop_result_,!1 = @sid,file_type__228 = file_type_,file_contents__163 = file_contents_,file_type__229 = file_type__1]
loop_ch_ = loop_ch__164[file_type__228 = file_type_,file_contents__163 = file_contents_,file_type__229 = file_type__1]
@occ80_2 = @occ80_1[!1 = @sid]

Clause 152: mess(udp__0[],store__chan(case_arg_0_)) && table(access_control_table(server_t__0,ch_type_,recv__0__syscall)) && table(channel_table(ch_type_,udp__0[])) && mess(attack_choice_ch_1,ignored_v_2) && mess(loop_ch_,(false__bool,loop_result_,loop_state_0_,loop_state_1_,loop_state_2_)) && b-event(@p_act(@occ80_2,(false__bool,loop_result_,loop_state_0_,loop_state_1_,loop_state_2_))) && table(access_control_table(server_t__0,file_type_,fopen__0__syscall)) && table(file_type_table(server_t__0,file_type_,secret_pub__str)) && mess(file_ch[],(secret_pub__str,file_contents_)) && b-event(@p_act(@occ74_1[],(secret_pub__str,file_contents_))) && table(access_control_table(server_t__0,file_type__1,fopen__0__syscall)) && table(file_type_table(server_t__0,file_type__1,secret_pub__str)) -> mess(channel_case_ch_,(false__bool,(),loop_state_0_,loop_state_1_,loop_state_2_,udp__0[]))
(If the entry file_type_table(server_t__0,file_type__1,secret_pub__str) is in a table at get {127},
the entry access_control_table(server_t__0,file_type__1,fopen__0__syscall) is in a table at get {126},
event @p_act(@occ74_1[],(secret_pub__str,file_contents_)) records how variables are instantiated at {74},
the message (secret_pub__str,file_contents_) is received on channel file_ch[] at input {74},
the entry file_type_table(server_t__0,file_type_,secret_pub__str) is in a table at get {125},
the entry access_control_table(server_t__0,file_type_,fopen__0__syscall) is in a table at get {124},
event @p_act(@occ80_2,(false__bool,loop_result_,loop_state_0_,loop_state_1_,loop_state_2_)) records how variables are instantiated at {80},
the message (false__bool,loop_result_,loop_state_0_,loop_state_1_,loop_state_2_) is received on channel loop_ch_ at input {80},
the message ignored_v_2 is received on channel attack_choice_ch_1 at input {94},
the entry channel_table(ch_type_,udp__0[]) is in a table at get {104},
the entry access_control_table(server_t__0,ch_type_,recv__0__syscall) is in a table at get {103},
the message store__chan(case_arg_0_) is received on channel udp__0[] at input {95},
then the message (false__bool,(),loop_state_0_,loop_state_1_,loop_state_2_,udp__0[]) may be sent on channel channel_case_ch_ at output {97}.)
Abbreviations:
channel_case_ch_ = channel_case_ch__185[case_arg_0__184 = case_arg_0_,ch_type__204 = ch_type_,ignored_v_1 = ignored_v_2,loop_state_2__176 = loop_state_2_,loop_state_1__175 = loop_state_1_,loop_state_0__174 = loop_state_0_,loop_result__173 = loop_result_,!1 = @sid,file_type__228 = file_type_,file_contents__163 = file_contents_,file_type__229 = file_type__1]
attack_choice_ch_1 = attack_choice_ch[loop_state_2__176 = loop_state_2_,loop_state_1__175 = loop_state_1_,loop_state_0__174 = loop_state_0_,loop_result__173 = loop_result_,!1 = @sid,file_type__228 = file_type_,file_contents__163 = file_contents_,file_type__229 = file_type__1]
loop_ch_ = loop_ch__164[file_type__228 = file_type_,file_contents__163 = file_contents_,file_type__229 = file_type__1]
@occ80_2 = @occ80_1[!1 = @sid]

Clause 153: attacker(attacker_input_) && mess(channel_case_ch_,(false__bool,channel_case_result_,channel_case_state_0_,channel_case_state_1_,channel_case_state_2_,channel_case_state_3_)) && b-event(@p_act(@occ98_2,(false__bool,channel_case_result_,channel_case_state_0_,channel_case_state_1_,channel_case_state_2_,channel_case_state_3_))) && mess(udp__0[],store__chan(case_arg_0_)) && table(access_control_table(server_t__0,ch_type_,recv__0__syscall)) && table(channel_table(ch_type_,udp__0[])) && mess(attack_choice_ch_1,ignored_v_2) && mess(loop_ch_,(false__bool,loop_result_,loop_state_0_,loop_state_1_,loop_state_2_)) && b-event(@p_act(@occ80_2,(false__bool,loop_result_,loop_state_0_,loop_state_1_,loop_state_2_))) && table(access_control_table(server_t__0,file_type_,fopen__0__syscall)) && table(file_type_table(server_t__0,file_type_,secret_pub__str)) && mess(file_ch[],(secret_pub__str,file_contents_)) && b-event(@p_act(@occ74_1[],(secret_pub__str,file_contents_))) && table(access_control_table(server_t__0,file_type__1,fopen__0__syscall)) && table(file_type_table(server_t__0,file_type__1,secret_pub__str)) -> mess(channel_case_ch_,(true__bool,attacker_input_,channel_case_state_0_,channel_case_state_1_,channel_case_state_2_,channel_case_state_3_))
(If the entry file_type_table(server_t__0,file_type__1,secret_pub__str) is in a table at get {127},
the entry access_control_table(server_t__0,file_type__1,fopen__0__syscall) is in a table at get {126},
event @p_act(@occ74_1[],(secret_pub__str,file_contents_)) records how variables are instantiated at {74},
the message (secret_pub__str,file_contents_) is received on channel file_ch[] at input {74},
the entry file_type_table(server_t__0,file_type_,secret_pub__str) is in a table at get {125},
the entry access_control_table(server_t__0,file_type_,fopen__0__syscall) is in a table at get {124},
event @p_act(@occ80_2,(false__bool,loop_result_,loop_state_0_,loop_state_1_,loop_state_2_)) records how variables are instantiated at {80},
the message (false__bool,loop_result_,loop_state_0_,loop_state_1_,loop_state_2_) is received on channel loop_ch_ at input {80},
the message ignored_v_2 is received on channel attack_choice_ch_1 at input {94},
the entry channel_table(ch_type_,udp__0[]) is in a table at get {104},
the entry access_control_table(server_t__0,ch_type_,recv__0__syscall) is in a table at get {103},
the message store__chan(case_arg_0_) is received on channel udp__0[] at input {95},
event @p_act(@occ98_2,(false__bool,channel_case_result_,channel_case_state_0_,channel_case_state_1_,channel_case_state_2_,channel_case_state_3_)) records how variables are instantiated at {98},
the message (false__bool,channel_case_result_,channel_case_state_0_,channel_case_state_1_,channel_case_state_2_,channel_case_state_3_) is received on channel channel_case_ch_ at input {98},
the message attacker_input_ is received from the attacker at input {99},
then the message (true__bool,attacker_input_,channel_case_state_0_,channel_case_state_1_,channel_case_state_2_,channel_case_state_3_) may be sent on channel channel_case_ch_ at output {100}.)
Abbreviations:
channel_case_ch_ = channel_case_ch__185[case_arg_0__184 = case_arg_0_,ch_type__204 = ch_type_,ignored_v_1 = ignored_v_2,loop_state_2__176 = loop_state_2_,loop_state_1__175 = loop_state_1_,loop_state_0__174 = loop_state_0_,loop_result__173 = loop_result_,!1 = @sid,file_type__228 = file_type_,file_contents__163 = file_contents_,file_type__229 = file_type__1]
@occ98_2 = @occ98_1[!1 = @sid]
attack_choice_ch_1 = attack_choice_ch[loop_state_2__176 = loop_state_2_,loop_state_1__175 = loop_state_1_,loop_state_0__174 = loop_state_0_,loop_result__173 = loop_result_,!1 = @sid,file_type__228 = file_type_,file_contents__163 = file_contents_,file_type__229 = file_type__1]
loop_ch_ = loop_ch__164[file_type__228 = file_type_,file_contents__163 = file_contents_,file_type__229 = file_type__1]
@occ80_2 = @occ80_1[!1 = @sid]

Clause 154: mess(channel_case_ch_,(true__bool,channel_case_done_result_,channel_case_done_state_0_,channel_case_done_state_1_,channel_case_done_state_2_,channel_case_done_state_3_)) && b-event(@p_act(@occ101_2,(true__bool,channel_case_done_result_,channel_case_done_state_0_,channel_case_done_state_1_,channel_case_done_state_2_,channel_case_done_state_3_))) && mess(udp__0[],store__chan(case_arg_0_)) && table(access_control_table(server_t__0,ch_type_,recv__0__syscall)) && table(channel_table(ch_type_,udp__0[])) && mess(attack_choice_ch_1,ignored_v_2) && mess(loop_ch_,(false__bool,loop_result_,loop_state_0_,loop_state_1_,loop_state_2_)) && b-event(@p_act(@occ80_2,(false__bool,loop_result_,loop_state_0_,loop_state_1_,loop_state_2_))) && table(access_control_table(server_t__0,file_type_,fopen__0__syscall)) && table(file_type_table(server_t__0,file_type_,secret_pub__str)) && mess(file_ch[],(secret_pub__str,file_contents_)) && b-event(@p_act(@occ74_1[],(secret_pub__str,file_contents_))) && table(access_control_table(server_t__0,file_type__1,fopen__0__syscall)) && table(file_type_table(server_t__0,file_type__1,secret_pub__str)) -> mess(call_join_ch_,(true__bool,channel_case_done_result_,channel_case_done_state_0_,channel_case_done_state_1_,channel_case_done_state_2_))
(If the entry file_type_table(server_t__0,file_type__1,secret_pub__str) is in a table at get {127},
the entry access_control_table(server_t__0,file_type__1,fopen__0__syscall) is in a table at get {126},
event @p_act(@occ74_1[],(secret_pub__str,file_contents_)) records how variables are instantiated at {74},
the message (secret_pub__str,file_contents_) is received on channel file_ch[] at input {74},
the entry file_type_table(server_t__0,file_type_,secret_pub__str) is in a table at get {125},
the entry access_control_table(server_t__0,file_type_,fopen__0__syscall) is in a table at get {124},
event @p_act(@occ80_2,(false__bool,loop_result_,loop_state_0_,loop_state_1_,loop_state_2_)) records how variables are instantiated at {80},
the message (false__bool,loop_result_,loop_state_0_,loop_state_1_,loop_state_2_) is received on channel loop_ch_ at input {80},
the message ignored_v_2 is received on channel attack_choice_ch_1 at input {94},
the entry channel_table(ch_type_,udp__0[]) is in a table at get {104},
the entry access_control_table(server_t__0,ch_type_,recv__0__syscall) is in a table at get {103},
the message store__chan(case_arg_0_) is received on channel udp__0[] at input {95},
event @p_act(@occ101_2,(true__bool,channel_case_done_result_,channel_case_done_state_0_,channel_case_done_state_1_,channel_case_done_state_2_,channel_case_done_state_3_)) records how variables are instantiated at {101},
the message (true__bool,channel_case_done_result_,channel_case_done_state_0_,channel_case_done_state_1_,channel_case_done_state_2_,channel_case_done_state_3_) is received on channel channel_case_ch_ at input {101},
then the message (true__bool,channel_case_done_result_,channel_case_done_state_0_,channel_case_done_state_1_,channel_case_done_state_2_) may be sent on channel call_join_ch_ at output {102}.)
Abbreviations:
call_join_ch_ = call_join_ch__191[loop_state_2__176 = loop_state_2_,loop_state_1__175 = loop_state_1_,loop_state_0__174 = loop_state_0_,loop_result__173 = loop_result_,!1 = @sid,file_type__228 = file_type_,file_contents__163 = file_contents_,file_type__229 = file_type__1]
channel_case_ch_ = channel_case_ch__185[case_arg_0__184 = case_arg_0_,ch_type__204 = ch_type_,ignored_v_1 = ignored_v_2,loop_state_2__176 = loop_state_2_,loop_state_1__175 = loop_state_1_,loop_state_0__174 = loop_state_0_,loop_result__173 = loop_result_,!1 = @sid,file_type__228 = file_type_,file_contents__163 = file_contents_,file_type__229 = file_type__1]
@occ101_2 = @occ101_1[!1 = @sid]
attack_choice_ch_1 = attack_choice_ch[loop_state_2__176 = loop_state_2_,loop_state_1__175 = loop_state_1_,loop_state_0__174 = loop_state_0_,loop_result__173 = loop_result_,!1 = @sid,file_type__228 = file_type_,file_contents__163 = file_contents_,file_type__229 = file_type__1]
loop_ch_ = loop_ch__164[file_type__228 = file_type_,file_contents__163 = file_contents_,file_type__229 = file_type__1]
@occ80_2 = @occ80_1[!1 = @sid]

Clause 155: mess(call_join_ch_,(true__bool,(sign__0(d__7,k__8),d__7),call_state_0_,call_state_1_,pk__0(k__8))) && b-event(@p_act(@occ105_2,(true__bool,(sign__0(d__7,k__8),d__7),call_state_0_,call_state_1_,pk__0(k__8)))) && mess(loop_ch_,(false__bool,loop_result_,loop_state_0_,loop_state_1_,loop_state_2_)) && b-event(@p_act(@occ80_2,(false__bool,loop_result_,loop_state_0_,loop_state_1_,loop_state_2_))) && table(access_control_table(server_t__0,file_type_,fopen__0__syscall)) && table(file_type_table(server_t__0,file_type_,secret_pub__str)) && mess(file_ch[],(secret_pub__str,file_contents_)) && b-event(@p_act(@occ74_1[],(secret_pub__str,file_contents_))) && table(access_control_table(server_t__0,file_type__1,fopen__0__syscall)) && table(file_type_table(server_t__0,file_type__1,secret_pub__str)) -> mess(case_ch_,(false__bool,(),call_state_0_,call_state_1_,pk__0(k__8),(sign__0(d__7,k__8),d__7),true__0))
(If the entry file_type_table(server_t__0,file_type__1,secret_pub__str) is in a table at get {127},
the entry access_control_table(server_t__0,file_type__1,fopen__0__syscall) is in a table at get {126},
event @p_act(@occ74_1[],(secret_pub__str,file_contents_)) records how variables are instantiated at {74},
the message (secret_pub__str,file_contents_) is received on channel file_ch[] at input {74},
the entry file_type_table(server_t__0,file_type_,secret_pub__str) is in a table at get {125},
the entry access_control_table(server_t__0,file_type_,fopen__0__syscall) is in a table at get {124},
event @p_act(@occ80_2,(false__bool,loop_result_,loop_state_0_,loop_state_1_,loop_state_2_)) records how variables are instantiated at {80},
the message (false__bool,loop_result_,loop_state_0_,loop_state_1_,loop_state_2_) is received on channel loop_ch_ at input {80},
event @p_act(@occ105_2,(true__bool,(sign__0(d__7,k__8),d__7),call_state_0_,call_state_1_,pk__0(k__8))) records how variables are instantiated at {105},
the message (true__bool,(sign__0(d__7,k__8),d__7),call_state_0_,call_state_1_,pk__0(k__8)) is received on channel call_join_ch_ at input {105},
then the message (false__bool,(),call_state_0_,call_state_1_,pk__0(k__8),(sign__0(d__7,k__8),d__7),true__0) may be sent on channel case_ch_ at output {107}.)
Abbreviations:
case_ch_ = case_ch__209[call_state_2__208 = pk__0(k__8),call_state_1__207 = call_state_1_,call_state_0__206 = call_state_0_,call_result__205 = (sign__0(d__7,k__8),d__7),loop_state_2__176 = loop_state_2_,loop_state_1__175 = loop_state_1_,loop_state_0__174 = loop_state_0_,loop_result__173 = loop_result_,!1 = @sid,file_type__228 = file_type_,file_contents__163 = file_contents_,file_type__229 = file_type__1]
call_join_ch_ = call_join_ch__191[loop_state_2__176 = loop_state_2_,loop_state_1__175 = loop_state_1_,loop_state_0__174 = loop_state_0_,loop_result__173 = loop_result_,!1 = @sid,file_type__228 = file_type_,file_contents__163 = file_contents_,file_type__229 = file_type__1]
@occ105_2 = @occ105_1[!1 = @sid]
loop_ch_ = loop_ch__164[file_type__228 = file_type_,file_contents__163 = file_contents_,file_type__229 = file_type__1]
@occ80_2 = @occ80_1[!1 = @sid]

Clause 156: mess(call_join_ch_,(true__bool,(x__3,y__4),call_state_0_,call_state_1_,call_state_2_)) && b-event(@p_act(@occ105_2,(true__bool,(x__3,y__4),call_state_0_,call_state_1_,call_state_2_))) && mess(loop_ch_,(false__bool,loop_result_,loop_state_0_,loop_state_1_,loop_state_2_)) && b-event(@p_act(@occ80_2,(false__bool,loop_result_,loop_state_0_,loop_state_1_,loop_state_2_))) && table(access_control_table(server_t__0,file_type_,fopen__0__syscall)) && table(file_type_table(server_t__0,file_type_,secret_pub__str)) && mess(file_ch[],(secret_pub__str,file_contents_)) && b-event(@p_act(@occ74_1[],(secret_pub__str,file_contents_))) && table(access_control_table(server_t__0,file_type__1,fopen__0__syscall)) && table(file_type_table(server_t__0,file_type__1,secret_pub__str)) -> mess(case_ch_,(false__bool,(),call_state_0_,call_state_1_,call_state_2_,(x__3,y__4),verify__0(x__3,y__4,call_state_2_)))
(If the entry file_type_table(server_t__0,file_type__1,secret_pub__str) is in a table at get {127},
the entry access_control_table(server_t__0,file_type__1,fopen__0__syscall) is in a table at get {126},
event @p_act(@occ74_1[],(secret_pub__str,file_contents_)) records how variables are instantiated at {74},
the message (secret_pub__str,file_contents_) is received on channel file_ch[] at input {74},
the entry file_type_table(server_t__0,file_type_,secret_pub__str) is in a table at get {125},
the entry access_control_table(server_t__0,file_type_,fopen__0__syscall) is in a table at get {124},
event @p_act(@occ80_2,(false__bool,loop_result_,loop_state_0_,loop_state_1_,loop_state_2_)) records how variables are instantiated at {80},
the message (false__bool,loop_result_,loop_state_0_,loop_state_1_,loop_state_2_) is received on channel loop_ch_ at input {80},
event @p_act(@occ105_2,(true__bool,(x__3,y__4),call_state_0_,call_state_1_,call_state_2_)) records how variables are instantiated at {105},
the message (true__bool,(x__3,y__4),call_state_0_,call_state_1_,call_state_2_) is received on channel call_join_ch_ at input {105},
then the message (false__bool,(),call_state_0_,call_state_1_,call_state_2_,(x__3,y__4),verify__0(x__3,y__4,call_state_2_)) may be sent on channel case_ch_ at output {107}.)
Abbreviations:
case_ch_ = case_ch__209[call_state_2__208 = call_state_2_,call_state_1__207 = call_state_1_,call_state_0__206 = call_state_0_,call_result__205 = (x__3,y__4),loop_state_2__176 = loop_state_2_,loop_state_1__175 = loop_state_1_,loop_state_0__174 = loop_state_0_,loop_result__173 = loop_result_,!1 = @sid,file_type__228 = file_type_,file_contents__163 = file_contents_,file_type__229 = file_type__1]
call_join_ch_ = call_join_ch__191[loop_state_2__176 = loop_state_2_,loop_state_1__175 = loop_state_1_,loop_state_0__174 = loop_state_0_,loop_result__173 = loop_result_,!1 = @sid,file_type__228 = file_type_,file_contents__163 = file_contents_,file_type__229 = file_type__1]
@occ105_2 = @occ105_1[!1 = @sid]
loop_ch_ = loop_ch__164[file_type__228 = file_type_,file_contents__163 = file_contents_,file_type__229 = file_type__1]
@occ80_2 = @occ80_1[!1 = @sid]

Clause 157: mess(call_join_ch_,(true__bool,(x__1,y__2),call_state_0_,call_state_1_,call_state_2_)) && b-event(@p_act(@occ105_2,(true__bool,(x__1,y__2),call_state_0_,call_state_1_,call_state_2_))) && mess(loop_ch_,(false__bool,loop_result_,loop_state_0_,loop_state_1_,loop_state_2_)) && b-event(@p_act(@occ80_2,(false__bool,loop_result_,loop_state_0_,loop_state_1_,loop_state_2_))) && table(access_control_table(server_t__0,file_type_,fopen__0__syscall)) && table(file_type_table(server_t__0,file_type_,secret_pub__str)) && mess(file_ch[],(secret_pub__str,file_contents_)) && b-event(@p_act(@occ74_1[],(secret_pub__str,file_contents_))) && table(access_control_table(server_t__0,file_type__1,fopen__0__syscall)) && table(file_type_table(server_t__0,file_type__1,secret_pub__str)) -> mess(case_ch_,(false__bool,(),call_state_0_,call_state_1_,call_state_2_,(x__1,y__2),verify__0(x__1,snd__0((x__1,y__2)),call_state_2_)))
(If the entry file_type_table(server_t__0,file_type__1,secret_pub__str) is in a table at get {127},
the entry access_control_table(server_t__0,file_type__1,fopen__0__syscall) is in a table at get {126},
event @p_act(@occ74_1[],(secret_pub__str,file_contents_)) records how variables are instantiated at {74},
the message (secret_pub__str,file_contents_) is received on channel file_ch[] at input {74},
the entry file_type_table(server_t__0,file_type_,secret_pub__str) is in a table at get {125},
the entry access_control_table(server_t__0,file_type_,fopen__0__syscall) is in a table at get {124},
event @p_act(@occ80_2,(false__bool,loop_result_,loop_state_0_,loop_state_1_,loop_state_2_)) records how variables are instantiated at {80},
the message (false__bool,loop_result_,loop_state_0_,loop_state_1_,loop_state_2_) is received on channel loop_ch_ at input {80},
event @p_act(@occ105_2,(true__bool,(x__1,y__2),call_state_0_,call_state_1_,call_state_2_)) records how variables are instantiated at {105},
the message (true__bool,(x__1,y__2),call_state_0_,call_state_1_,call_state_2_) is received on channel call_join_ch_ at input {105},
then the message (false__bool,(),call_state_0_,call_state_1_,call_state_2_,(x__1,y__2),verify__0(x__1,snd__0((x__1,y__2)),call_state_2_)) may be sent on channel case_ch_ at output {107}.)
Abbreviations:
case_ch_ = case_ch__209[call_state_2__208 = call_state_2_,call_state_1__207 = call_state_1_,call_state_0__206 = call_state_0_,call_result__205 = (x__1,y__2),loop_state_2__176 = loop_state_2_,loop_state_1__175 = loop_state_1_,loop_state_0__174 = loop_state_0_,loop_result__173 = loop_result_,!1 = @sid,file_type__228 = file_type_,file_contents__163 = file_contents_,file_type__229 = file_type__1]
call_join_ch_ = call_join_ch__191[loop_state_2__176 = loop_state_2_,loop_state_1__175 = loop_state_1_,loop_state_0__174 = loop_state_0_,loop_result__173 = loop_result_,!1 = @sid,file_type__228 = file_type_,file_contents__163 = file_contents_,file_type__229 = file_type__1]
@occ105_2 = @occ105_1[!1 = @sid]
loop_ch_ = loop_ch__164[file_type__228 = file_type_,file_contents__163 = file_contents_,file_type__229 = file_type__1]
@occ80_2 = @occ80_1[!1 = @sid]

Clause 158: mess(call_join_ch_,(true__bool,(x__3,y__4),call_state_0_,call_state_1_,call_state_2_)) && b-event(@p_act(@occ105_2,(true__bool,(x__3,y__4),call_state_0_,call_state_1_,call_state_2_))) && mess(loop_ch_,(false__bool,loop_result_,loop_state_0_,loop_state_1_,loop_state_2_)) && b-event(@p_act(@occ80_2,(false__bool,loop_result_,loop_state_0_,loop_state_1_,loop_state_2_))) && table(access_control_table(server_t__0,file_type_,fopen__0__syscall)) && table(file_type_table(server_t__0,file_type_,secret_pub__str)) && mess(file_ch[],(secret_pub__str,file_contents_)) && b-event(@p_act(@occ74_1[],(secret_pub__str,file_contents_))) && table(access_control_table(server_t__0,file_type__1,fopen__0__syscall)) && table(file_type_table(server_t__0,file_type__1,secret_pub__str)) -> mess(case_ch_,(false__bool,(),call_state_0_,call_state_1_,call_state_2_,(x__3,y__4),verify__0(fst__0((x__3,y__4)),y__4,call_state_2_)))
(If the entry file_type_table(server_t__0,file_type__1,secret_pub__str) is in a table at get {127},
the entry access_control_table(server_t__0,file_type__1,fopen__0__syscall) is in a table at get {126},
event @p_act(@occ74_1[],(secret_pub__str,file_contents_)) records how variables are instantiated at {74},
the message (secret_pub__str,file_contents_) is received on channel file_ch[] at input {74},
the entry file_type_table(server_t__0,file_type_,secret_pub__str) is in a table at get {125},
the entry access_control_table(server_t__0,file_type_,fopen__0__syscall) is in a table at get {124},
event @p_act(@occ80_2,(false__bool,loop_result_,loop_state_0_,loop_state_1_,loop_state_2_)) records how variables are instantiated at {80},
the message (false__bool,loop_result_,loop_state_0_,loop_state_1_,loop_state_2_) is received on channel loop_ch_ at input {80},
event @p_act(@occ105_2,(true__bool,(x__3,y__4),call_state_0_,call_state_1_,call_state_2_)) records how variables are instantiated at {105},
the message (true__bool,(x__3,y__4),call_state_0_,call_state_1_,call_state_2_) is received on channel call_join_ch_ at input {105},
then the message (false__bool,(),call_state_0_,call_state_1_,call_state_2_,(x__3,y__4),verify__0(fst__0((x__3,y__4)),y__4,call_state_2_)) may be sent on channel case_ch_ at output {107}.)
Abbreviations:
case_ch_ = case_ch__209[call_state_2__208 = call_state_2_,call_state_1__207 = call_state_1_,call_state_0__206 = call_state_0_,call_result__205 = (x__3,y__4),loop_state_2__176 = loop_state_2_,loop_state_1__175 = loop_state_1_,loop_state_0__174 = loop_state_0_,loop_result__173 = loop_result_,!1 = @sid,file_type__228 = file_type_,file_contents__163 = file_contents_,file_type__229 = file_type__1]
call_join_ch_ = call_join_ch__191[loop_state_2__176 = loop_state_2_,loop_state_1__175 = loop_state_1_,loop_state_0__174 = loop_state_0_,loop_result__173 = loop_result_,!1 = @sid,file_type__228 = file_type_,file_contents__163 = file_contents_,file_type__229 = file_type__1]
@occ105_2 = @occ105_1[!1 = @sid]
loop_ch_ = loop_ch__164[file_type__228 = file_type_,file_contents__163 = file_contents_,file_type__229 = file_type__1]
@occ80_2 = @occ80_1[!1 = @sid]

Clause 159: mess(call_join_ch_,(true__bool,call_result_,call_state_0_,call_state_1_,call_state_2_)) && b-event(@p_act(@occ105_2,(true__bool,call_result_,call_state_0_,call_state_1_,call_state_2_))) && mess(loop_ch_,(false__bool,loop_result_,loop_state_0_,loop_state_1_,loop_state_2_)) && b-event(@p_act(@occ80_2,(false__bool,loop_result_,loop_state_0_,loop_state_1_,loop_state_2_))) && table(access_control_table(server_t__0,file_type_,fopen__0__syscall)) && table(file_type_table(server_t__0,file_type_,secret_pub__str)) && mess(file_ch[],(secret_pub__str,file_contents_)) && b-event(@p_act(@occ74_1[],(secret_pub__str,file_contents_))) && table(access_control_table(server_t__0,file_type__1,fopen__0__syscall)) && table(file_type_table(server_t__0,file_type__1,secret_pub__str)) -> mess(case_ch_,(false__bool,(),call_state_0_,call_state_1_,call_state_2_,call_result_,verify__0(fst__0(call_result_),snd__0(call_result_),call_state_2_)))
(If the entry file_type_table(server_t__0,file_type__1,secret_pub__str) is in a table at get {127},
the entry access_control_table(server_t__0,file_type__1,fopen__0__syscall) is in a table at get {126},
event @p_act(@occ74_1[],(secret_pub__str,file_contents_)) records how variables are instantiated at {74},
the message (secret_pub__str,file_contents_) is received on channel file_ch[] at input {74},
the entry file_type_table(server_t__0,file_type_,secret_pub__str) is in a table at get {125},
the entry access_control_table(server_t__0,file_type_,fopen__0__syscall) is in a table at get {124},
event @p_act(@occ80_2,(false__bool,loop_result_,loop_state_0_,loop_state_1_,loop_state_2_)) records how variables are instantiated at {80},
the message (false__bool,loop_result_,loop_state_0_,loop_state_1_,loop_state_2_) is received on channel loop_ch_ at input {80},
event @p_act(@occ105_2,(true__bool,call_result_,call_state_0_,call_state_1_,call_state_2_)) records how variables are instantiated at {105},
the message (true__bool,call_result_,call_state_0_,call_state_1_,call_state_2_) is received on channel call_join_ch_ at input {105},
then the message (false__bool,(),call_state_0_,call_state_1_,call_state_2_,call_result_,verify__0(fst__0(call_result_),snd__0(call_result_),call_state_2_)) may be sent on channel case_ch_ at output {107}.)
Abbreviations:
case_ch_ = case_ch__209[call_state_2__208 = call_state_2_,call_state_1__207 = call_state_1_,call_state_0__206 = call_state_0_,call_result__205 = call_result_,loop_state_2__176 = loop_state_2_,loop_state_1__175 = loop_state_1_,loop_state_0__174 = loop_state_0_,loop_result__173 = loop_result_,!1 = @sid,file_type__228 = file_type_,file_contents__163 = file_contents_,file_type__229 = file_type__1]
call_join_ch_ = call_join_ch__191[loop_state_2__176 = loop_state_2_,loop_state_1__175 = loop_state_1_,loop_state_0__174 = loop_state_0_,loop_result__173 = loop_result_,!1 = @sid,file_type__228 = file_type_,file_contents__163 = file_contents_,file_type__229 = file_type__1]
@occ105_2 = @occ105_1[!1 = @sid]
loop_ch_ = loop_ch__164[file_type__228 = file_type_,file_contents__163 = file_contents_,file_type__229 = file_type__1]
@occ80_2 = @occ80_1[!1 = @sid]

Clause 160: case_state_4_ ≠ true__0 && mess(case_ch_,(false__bool,case_result_,case_state_0_,case_state_1_,case_state_2_,case_state_3_,case_state_4_)) && b-event(@p_act(@occ108_2,(false__bool,case_result_,case_state_0_,case_state_1_,case_state_2_,case_state_3_,case_state_4_))) && mess(call_join_ch_,(true__bool,call_result_,call_state_0_,call_state_1_,call_state_2_)) && b-event(@p_act(@occ105_2,(true__bool,call_result_,call_state_0_,call_state_1_,call_state_2_))) && mess(loop_ch_,(false__bool,loop_result_,loop_state_0_,loop_state_1_,loop_state_2_)) && b-event(@p_act(@occ80_2,(false__bool,loop_result_,loop_state_0_,loop_state_1_,loop_state_2_))) && table(access_control_table(server_t__0,file_type_,fopen__0__syscall)) && table(file_type_table(server_t__0,file_type_,secret_pub__str)) && mess(file_ch[],(secret_pub__str,file_contents_)) && b-event(@p_act(@occ74_1[],(secret_pub__str,file_contents_))) && table(access_control_table(server_t__0,file_type__1,fopen__0__syscall)) && table(file_type_table(server_t__0,file_type__1,secret_pub__str)) -> mess(case_ch_,(false__bool,case_result_,case_state_0_,case_state_1_,case_state_2_,case_state_3_,case_state_4_))
(If the entry file_type_table(server_t__0,file_type__1,secret_pub__str) is in a table at get {127},
the entry access_control_table(server_t__0,file_type__1,fopen__0__syscall) is in a table at get {126},
event @p_act(@occ74_1[],(secret_pub__str,file_contents_)) records how variables are instantiated at {74},
the message (secret_pub__str,file_contents_) is received on channel file_ch[] at input {74},
the entry file_type_table(server_t__0,file_type_,secret_pub__str) is in a table at get {125},
the entry access_control_table(server_t__0,file_type_,fopen__0__syscall) is in a table at get {124},
event @p_act(@occ80_2,(false__bool,loop_result_,loop_state_0_,loop_state_1_,loop_state_2_)) records how variables are instantiated at {80},
the message (false__bool,loop_result_,loop_state_0_,loop_state_1_,loop_state_2_) is received on channel loop_ch_ at input {80},
event @p_act(@occ105_2,(true__bool,call_result_,call_state_0_,call_state_1_,call_state_2_)) records how variables are instantiated at {105},
the message (true__bool,call_result_,call_state_0_,call_state_1_,call_state_2_) is received on channel call_join_ch_ at input {105},
event @p_act(@occ108_2,(false__bool,case_result_,case_state_0_,case_state_1_,case_state_2_,case_state_3_,case_state_4_)) records how variables are instantiated at {108},
the message (false__bool,case_result_,case_state_0_,case_state_1_,case_state_2_,case_state_3_,case_state_4_) is received on channel case_ch_ at input {108},
case_state_4_ ≠ true__0
then the message (false__bool,case_result_,case_state_0_,case_state_1_,case_state_2_,case_state_3_,case_state_4_) may be sent on channel case_ch_ at output {112}.)
Abbreviations:
case_ch_ = case_ch__209[call_state_2__208 = call_state_2_,call_state_1__207 = call_state_1_,call_state_0__206 = call_state_0_,call_result__205 = call_result_,loop_state_2__176 = loop_state_2_,loop_state_1__175 = loop_state_1_,loop_state_0__174 = loop_state_0_,loop_result__173 = loop_result_,!1 = @sid,file_type__228 = file_type_,file_contents__163 = file_contents_,file_type__229 = file_type__1]
@occ108_2 = @occ108_1[!1 = @sid]
call_join_ch_ = call_join_ch__191[loop_state_2__176 = loop_state_2_,loop_state_1__175 = loop_state_1_,loop_state_0__174 = loop_state_0_,loop_result__173 = loop_result_,!1 = @sid,file_type__228 = file_type_,file_contents__163 = file_contents_,file_type__229 = file_type__1]
@occ105_2 = @occ105_1[!1 = @sid]
loop_ch_ = loop_ch__164[file_type__228 = file_type_,file_contents__163 = file_contents_,file_type__229 = file_type__1]
@occ80_2 = @occ80_1[!1 = @sid]

Clause 161: mess(case_ch_,(false__bool,case_result_,case_state_0_,case_state_1_,case_state_2_,(x__3,y__4),true__0)) && b-event(@p_act(@occ108_2,(false__bool,case_result_,case_state_0_,case_state_1_,case_state_2_,(x__3,y__4),true__0))) && mess(call_join_ch_,(true__bool,call_result_,call_state_0_,call_state_1_,call_state_2_)) && b-event(@p_act(@occ105_2,(true__bool,call_result_,call_state_0_,call_state_1_,call_state_2_))) && mess(loop_ch_,(false__bool,loop_result_,loop_state_0_,loop_state_1_,loop_state_2_)) && b-event(@p_act(@occ80_2,(false__bool,loop_result_,loop_state_0_,loop_state_1_,loop_state_2_))) && table(access_control_table(server_t__0,file_type_,fopen__0__syscall)) && table(file_type_table(server_t__0,file_type_,secret_pub__str)) && mess(file_ch[],(secret_pub__str,file_contents_)) && b-event(@p_act(@occ74_1[],(secret_pub__str,file_contents_))) && table(access_control_table(server_t__0,file_type__1,fopen__0__syscall)) && table(file_type_table(server_t__0,file_type__1,secret_pub__str)) -> event(ImgRecvValid__event_global(y__4))
(If the entry file_type_table(server_t__0,file_type__1,secret_pub__str) is in a table at get {127},
the entry access_control_table(server_t__0,file_type__1,fopen__0__syscall) is in a table at get {126},
event @p_act(@occ74_1[],(secret_pub__str,file_contents_)) records how variables are instantiated at {74},
the message (secret_pub__str,file_contents_) is received on channel file_ch[] at input {74},
the entry file_type_table(server_t__0,file_type_,secret_pub__str) is in a table at get {125},
the entry access_control_table(server_t__0,file_type_,fopen__0__syscall) is in a table at get {124},
event @p_act(@occ80_2,(false__bool,loop_result_,loop_state_0_,loop_state_1_,loop_state_2_)) records how variables are instantiated at {80},
the message (false__bool,loop_result_,loop_state_0_,loop_state_1_,loop_state_2_) is received on channel loop_ch_ at input {80},
event @p_act(@occ105_2,(true__bool,call_result_,call_state_0_,call_state_1_,call_state_2_)) records how variables are instantiated at {105},
the message (true__bool,call_result_,call_state_0_,call_state_1_,call_state_2_) is received on channel call_join_ch_ at input {105},
event @p_act(@occ108_2,(false__bool,case_result_,case_state_0_,case_state_1_,case_state_2_,(x__3,y__4),true__0)) records how variables are instantiated at {108},
the message (false__bool,case_result_,case_state_0_,case_state_1_,case_state_2_,(x__3,y__4),true__0) is received on channel case_ch_ at input {108},
then event ImgRecvValid__event_global(y__4) may be executed at {110}.)
Abbreviations:
case_ch_ = case_ch__209[call_state_2__208 = call_state_2_,call_state_1__207 = call_state_1_,call_state_0__206 = call_state_0_,call_result__205 = call_result_,loop_state_2__176 = loop_state_2_,loop_state_1__175 = loop_state_1_,loop_state_0__174 = loop_state_0_,loop_result__173 = loop_result_,!1 = @sid,file_type__228 = file_type_,file_contents__163 = file_contents_,file_type__229 = file_type__1]
@occ108_2 = @occ108_1[!1 = @sid]
call_join_ch_ = call_join_ch__191[loop_state_2__176 = loop_state_2_,loop_state_1__175 = loop_state_1_,loop_state_0__174 = loop_state_0_,loop_result__173 = loop_result_,!1 = @sid,file_type__228 = file_type_,file_contents__163 = file_contents_,file_type__229 = file_type__1]
@occ105_2 = @occ105_1[!1 = @sid]
loop_ch_ = loop_ch__164[file_type__228 = file_type_,file_contents__163 = file_contents_,file_type__229 = file_type__1]
@occ80_2 = @occ80_1[!1 = @sid]

Clause 162: mess(case_ch_,(false__bool,case_result_,case_state_0_,case_state_1_,case_state_2_,(x__3,y__4),true__0)) && b-event(@p_act(@occ108_2,(false__bool,case_result_,case_state_0_,case_state_1_,case_state_2_,(x__3,y__4),true__0))) && mess(call_join_ch_,(true__bool,call_result_,call_state_0_,call_state_1_,call_state_2_)) && b-event(@p_act(@occ105_2,(true__bool,call_result_,call_state_0_,call_state_1_,call_state_2_))) && mess(loop_ch_,(false__bool,loop_result_,loop_state_0_,loop_state_1_,loop_state_2_)) && b-event(@p_act(@occ80_2,(false__bool,loop_result_,loop_state_0_,loop_state_1_,loop_state_2_))) && table(access_control_table(server_t__0,file_type_,fopen__0__syscall)) && table(file_type_table(server_t__0,file_type_,secret_pub__str)) && mess(file_ch[],(secret_pub__str,file_contents_)) && b-event(@p_act(@occ74_1[],(secret_pub__str,file_contents_))) && table(access_control_table(server_t__0,file_type__1,fopen__0__syscall)) && table(file_type_table(server_t__0,file_type__1,secret_pub__str)) -> mess(case_ch_,(true__bool,(),case_state_0_,case_state_1_,case_state_2_,(x__3,y__4),true__0))
(If the entry file_type_table(server_t__0,file_type__1,secret_pub__str) is in a table at get {127},
the entry access_control_table(server_t__0,file_type__1,fopen__0__syscall) is in a table at get {126},
event @p_act(@occ74_1[],(secret_pub__str,file_contents_)) records how variables are instantiated at {74},
the message (secret_pub__str,file_contents_) is received on channel file_ch[] at input {74},
the entry file_type_table(server_t__0,file_type_,secret_pub__str) is in a table at get {125},
the entry access_control_table(server_t__0,file_type_,fopen__0__syscall) is in a table at get {124},
event @p_act(@occ80_2,(false__bool,loop_result_,loop_state_0_,loop_state_1_,loop_state_2_)) records how variables are instantiated at {80},
the message (false__bool,loop_result_,loop_state_0_,loop_state_1_,loop_state_2_) is received on channel loop_ch_ at input {80},
event @p_act(@occ105_2,(true__bool,call_result_,call_state_0_,call_state_1_,call_state_2_)) records how variables are instantiated at {105},
the message (true__bool,call_result_,call_state_0_,call_state_1_,call_state_2_) is received on channel call_join_ch_ at input {105},
event @p_act(@occ108_2,(false__bool,case_result_,case_state_0_,case_state_1_,case_state_2_,(x__3,y__4),true__0)) records how variables are instantiated at {108},
the message (false__bool,case_result_,case_state_0_,case_state_1_,case_state_2_,(x__3,y__4),true__0) is received on channel case_ch_ at input {108},
then the message (true__bool,(),case_state_0_,case_state_1_,case_state_2_,(x__3,y__4),true__0) may be sent on channel case_ch_ at output {111}.)
Abbreviations:
case_ch_ = case_ch__209[call_state_2__208 = call_state_2_,call_state_1__207 = call_state_1_,call_state_0__206 = call_state_0_,call_result__205 = call_result_,loop_state_2__176 = loop_state_2_,loop_state_1__175 = loop_state_1_,loop_state_0__174 = loop_state_0_,loop_result__173 = loop_result_,!1 = @sid,file_type__228 = file_type_,file_contents__163 = file_contents_,file_type__229 = file_type__1]
@occ108_2 = @occ108_1[!1 = @sid]
call_join_ch_ = call_join_ch__191[loop_state_2__176 = loop_state_2_,loop_state_1__175 = loop_state_1_,loop_state_0__174 = loop_state_0_,loop_result__173 = loop_result_,!1 = @sid,file_type__228 = file_type_,file_contents__163 = file_contents_,file_type__229 = file_type__1]
@occ105_2 = @occ105_1[!1 = @sid]
loop_ch_ = loop_ch__164[file_type__228 = file_type_,file_contents__163 = file_contents_,file_type__229 = file_type__1]
@occ80_2 = @occ80_1[!1 = @sid]

Clause 163: mess(case_ch_,(false__bool,case_result_,case_state_0_,case_state_1_,case_state_2_,case_state_3_,true__0)) && b-event(@p_act(@occ108_2,(false__bool,case_result_,case_state_0_,case_state_1_,case_state_2_,case_state_3_,true__0))) && mess(call_join_ch_,(true__bool,call_result_,call_state_0_,call_state_1_,call_state_2_)) && b-event(@p_act(@occ105_2,(true__bool,call_result_,call_state_0_,call_state_1_,call_state_2_))) && mess(loop_ch_,(false__bool,loop_result_,loop_state_0_,loop_state_1_,loop_state_2_)) && b-event(@p_act(@occ80_2,(false__bool,loop_result_,loop_state_0_,loop_state_1_,loop_state_2_))) && table(access_control_table(server_t__0,file_type_,fopen__0__syscall)) && table(file_type_table(server_t__0,file_type_,secret_pub__str)) && mess(file_ch[],(secret_pub__str,file_contents_)) && b-event(@p_act(@occ74_1[],(secret_pub__str,file_contents_))) && table(access_control_table(server_t__0,file_type__1,fopen__0__syscall)) && table(file_type_table(server_t__0,file_type__1,secret_pub__str)) -> event(ImgRecvValid__event_global(snd__0(case_state_3_)))
(If the entry file_type_table(server_t__0,file_type__1,secret_pub__str) is in a table at get {127},
the entry access_control_table(server_t__0,file_type__1,fopen__0__syscall) is in a table at get {126},
event @p_act(@occ74_1[],(secret_pub__str,file_contents_)) records how variables are instantiated at {74},
the message (secret_pub__str,file_contents_) is received on channel file_ch[] at input {74},
the entry file_type_table(server_t__0,file_type_,secret_pub__str) is in a table at get {125},
the entry access_control_table(server_t__0,file_type_,fopen__0__syscall) is in a table at get {124},
event @p_act(@occ80_2,(false__bool,loop_result_,loop_state_0_,loop_state_1_,loop_state_2_)) records how variables are instantiated at {80},
the message (false__bool,loop_result_,loop_state_0_,loop_state_1_,loop_state_2_) is received on channel loop_ch_ at input {80},
event @p_act(@occ105_2,(true__bool,call_result_,call_state_0_,call_state_1_,call_state_2_)) records how variables are instantiated at {105},
the message (true__bool,call_result_,call_state_0_,call_state_1_,call_state_2_) is received on channel call_join_ch_ at input {105},
event @p_act(@occ108_2,(false__bool,case_result_,case_state_0_,case_state_1_,case_state_2_,case_state_3_,true__0)) records how variables are instantiated at {108},
the message (false__bool,case_result_,case_state_0_,case_state_1_,case_state_2_,case_state_3_,true__0) is received on channel case_ch_ at input {108},
then event ImgRecvValid__event_global(snd__0(case_state_3_)) may be executed at {110}.)
Abbreviations:
case_ch_ = case_ch__209[call_state_2__208 = call_state_2_,call_state_1__207 = call_state_1_,call_state_0__206 = call_state_0_,call_result__205 = call_result_,loop_state_2__176 = loop_state_2_,loop_state_1__175 = loop_state_1_,loop_state_0__174 = loop_state_0_,loop_result__173 = loop_result_,!1 = @sid,file_type__228 = file_type_,file_contents__163 = file_contents_,file_type__229 = file_type__1]
@occ108_2 = @occ108_1[!1 = @sid]
call_join_ch_ = call_join_ch__191[loop_state_2__176 = loop_state_2_,loop_state_1__175 = loop_state_1_,loop_state_0__174 = loop_state_0_,loop_result__173 = loop_result_,!1 = @sid,file_type__228 = file_type_,file_contents__163 = file_contents_,file_type__229 = file_type__1]
@occ105_2 = @occ105_1[!1 = @sid]
loop_ch_ = loop_ch__164[file_type__228 = file_type_,file_contents__163 = file_contents_,file_type__229 = file_type__1]
@occ80_2 = @occ80_1[!1 = @sid]

Clause 164: mess(case_ch_,(false__bool,case_result_,case_state_0_,case_state_1_,case_state_2_,case_state_3_,true__0)) && b-event(@p_act(@occ108_2,(false__bool,case_result_,case_state_0_,case_state_1_,case_state_2_,case_state_3_,true__0))) && mess(call_join_ch_,(true__bool,call_result_,call_state_0_,call_state_1_,call_state_2_)) && b-event(@p_act(@occ105_2,(true__bool,call_result_,call_state_0_,call_state_1_,call_state_2_))) && mess(loop_ch_,(false__bool,loop_result_,loop_state_0_,loop_state_1_,loop_state_2_)) && b-event(@p_act(@occ80_2,(false__bool,loop_result_,loop_state_0_,loop_state_1_,loop_state_2_))) && table(access_control_table(server_t__0,file_type_,fopen__0__syscall)) && table(file_type_table(server_t__0,file_type_,secret_pub__str)) && mess(file_ch[],(secret_pub__str,file_contents_)) && b-event(@p_act(@occ74_1[],(secret_pub__str,file_contents_))) && table(access_control_table(server_t__0,file_type__1,fopen__0__syscall)) && table(file_type_table(server_t__0,file_type__1,secret_pub__str)) -> mess(case_ch_,(true__bool,(),case_state_0_,case_state_1_,case_state_2_,case_state_3_,true__0))
(If the entry file_type_table(server_t__0,file_type__1,secret_pub__str) is in a table at get {127},
the entry access_control_table(server_t__0,file_type__1,fopen__0__syscall) is in a table at get {126},
event @p_act(@occ74_1[],(secret_pub__str,file_contents_)) records how variables are instantiated at {74},
the message (secret_pub__str,file_contents_) is received on channel file_ch[] at input {74},
the entry file_type_table(server_t__0,file_type_,secret_pub__str) is in a table at get {125},
the entry access_control_table(server_t__0,file_type_,fopen__0__syscall) is in a table at get {124},
event @p_act(@occ80_2,(false__bool,loop_result_,loop_state_0_,loop_state_1_,loop_state_2_)) records how variables are instantiated at {80},
the message (false__bool,loop_result_,loop_state_0_,loop_state_1_,loop_state_2_) is received on channel loop_ch_ at input {80},
event @p_act(@occ105_2,(true__bool,call_result_,call_state_0_,call_state_1_,call_state_2_)) records how variables are instantiated at {105},
the message (true__bool,call_result_,call_state_0_,call_state_1_,call_state_2_) is received on channel call_join_ch_ at input {105},
event @p_act(@occ108_2,(false__bool,case_result_,case_state_0_,case_state_1_,case_state_2_,case_state_3_,true__0)) records how variables are instantiated at {108},
the message (false__bool,case_result_,case_state_0_,case_state_1_,case_state_2_,case_state_3_,true__0) is received on channel case_ch_ at input {108},
then the message (true__bool,(),case_state_0_,case_state_1_,case_state_2_,case_state_3_,true__0) may be sent on channel case_ch_ at output {111}.)
Abbreviations:
case_ch_ = case_ch__209[call_state_2__208 = call_state_2_,call_state_1__207 = call_state_1_,call_state_0__206 = call_state_0_,call_result__205 = call_result_,loop_state_2__176 = loop_state_2_,loop_state_1__175 = loop_state_1_,loop_state_0__174 = loop_state_0_,loop_result__173 = loop_result_,!1 = @sid,file_type__228 = file_type_,file_contents__163 = file_contents_,file_type__229 = file_type__1]
@occ108_2 = @occ108_1[!1 = @sid]
call_join_ch_ = call_join_ch__191[loop_state_2__176 = loop_state_2_,loop_state_1__175 = loop_state_1_,loop_state_0__174 = loop_state_0_,loop_result__173 = loop_result_,!1 = @sid,file_type__228 = file_type_,file_contents__163 = file_contents_,file_type__229 = file_type__1]
@occ105_2 = @occ105_1[!1 = @sid]
loop_ch_ = loop_ch__164[file_type__228 = file_type_,file_contents__163 = file_contents_,file_type__229 = file_type__1]
@occ80_2 = @occ80_1[!1 = @sid]

Clause 165: case_state_4_ ≠ true__0 && mess(case_ch_,(false__bool,case_result_,case_state_0_,case_state_1_,case_state_2_,(x__3,y__4),case_state_4_)) && b-event(@p_act(@occ113_2,(false__bool,case_result_,case_state_0_,case_state_1_,case_state_2_,(x__3,y__4),case_state_4_))) && mess(call_join_ch_,(true__bool,call_result_,call_state_0_,call_state_1_,call_state_2_)) && b-event(@p_act(@occ105_2,(true__bool,call_result_,call_state_0_,call_state_1_,call_state_2_))) && mess(loop_ch_,(false__bool,loop_result_,loop_state_0_,loop_state_1_,loop_state_2_)) && b-event(@p_act(@occ80_2,(false__bool,loop_result_,loop_state_0_,loop_state_1_,loop_state_2_))) && table(access_control_table(server_t__0,file_type_,fopen__0__syscall)) && table(file_type_table(server_t__0,file_type_,secret_pub__str)) && mess(file_ch[],(secret_pub__str,file_contents_)) && b-event(@p_act(@occ74_1[],(secret_pub__str,file_contents_))) && table(access_control_table(server_t__0,file_type__1,fopen__0__syscall)) && table(file_type_table(server_t__0,file_type__1,secret_pub__str)) -> mess(case_ch_,(true__bool,(),case_state_0_,case_state_1_,case_state_2_,(x__3,y__4),case_state_4_))
(If the entry file_type_table(server_t__0,file_type__1,secret_pub__str) is in a table at get {127},
the entry access_control_table(server_t__0,file_type__1,fopen__0__syscall) is in a table at get {126},
event @p_act(@occ74_1[],(secret_pub__str,file_contents_)) records how variables are instantiated at {74},
the message (secret_pub__str,file_contents_) is received on channel file_ch[] at input {74},
the entry file_type_table(server_t__0,file_type_,secret_pub__str) is in a table at get {125},
the entry access_control_table(server_t__0,file_type_,fopen__0__syscall) is in a table at get {124},
event @p_act(@occ80_2,(false__bool,loop_result_,loop_state_0_,loop_state_1_,loop_state_2_)) records how variables are instantiated at {80},
the message (false__bool,loop_result_,loop_state_0_,loop_state_1_,loop_state_2_) is received on channel loop_ch_ at input {80},
event @p_act(@occ105_2,(true__bool,call_result_,call_state_0_,call_state_1_,call_state_2_)) records how variables are instantiated at {105},
the message (true__bool,call_result_,call_state_0_,call_state_1_,call_state_2_) is received on channel call_join_ch_ at input {105},
event @p_act(@occ113_2,(false__bool,case_result_,case_state_0_,case_state_1_,case_state_2_,(x__3,y__4),case_state_4_)) records how variables are instantiated at {113},
the message (false__bool,case_result_,case_state_0_,case_state_1_,case_state_2_,(x__3,y__4),case_state_4_) is received on channel case_ch_ at input {113},
case_state_4_ ≠ true__0
then the message (true__bool,(),case_state_0_,case_state_1_,case_state_2_,(x__3,y__4),case_state_4_) may be sent on channel case_ch_ at output {117}.)
Abbreviations:
case_ch_ = case_ch__209[call_state_2__208 = call_state_2_,call_state_1__207 = call_state_1_,call_state_0__206 = call_state_0_,call_result__205 = call_result_,loop_state_2__176 = loop_state_2_,loop_state_1__175 = loop_state_1_,loop_state_0__174 = loop_state_0_,loop_result__173 = loop_result_,!1 = @sid,file_type__228 = file_type_,file_contents__163 = file_contents_,file_type__229 = file_type__1]
@occ113_2 = @occ113_1[!1 = @sid]
call_join_ch_ = call_join_ch__191[loop_state_2__176 = loop_state_2_,loop_state_1__175 = loop_state_1_,loop_state_0__174 = loop_state_0_,loop_result__173 = loop_result_,!1 = @sid,file_type__228 = file_type_,file_contents__163 = file_contents_,file_type__229 = file_type__1]
@occ105_2 = @occ105_1[!1 = @sid]
loop_ch_ = loop_ch__164[file_type__228 = file_type_,file_contents__163 = file_contents_,file_type__229 = file_type__1]
@occ80_2 = @occ80_1[!1 = @sid]

Clause 166: case_state_4_ ≠ true__0 && mess(case_ch_,(false__bool,case_result_,case_state_0_,case_state_1_,case_state_2_,case_state_3_,case_state_4_)) && b-event(@p_act(@occ113_2,(false__bool,case_result_,case_state_0_,case_state_1_,case_state_2_,case_state_3_,case_state_4_))) && mess(call_join_ch_,(true__bool,call_result_,call_state_0_,call_state_1_,call_state_2_)) && b-event(@p_act(@occ105_2,(true__bool,call_result_,call_state_0_,call_state_1_,call_state_2_))) && mess(loop_ch_,(false__bool,loop_result_,loop_state_0_,loop_state_1_,loop_state_2_)) && b-event(@p_act(@occ80_2,(false__bool,loop_result_,loop_state_0_,loop_state_1_,loop_state_2_))) && table(access_control_table(server_t__0,file_type_,fopen__0__syscall)) && table(file_type_table(server_t__0,file_type_,secret_pub__str)) && mess(file_ch[],(secret_pub__str,file_contents_)) && b-event(@p_act(@occ74_1[],(secret_pub__str,file_contents_))) && table(access_control_table(server_t__0,file_type__1,fopen__0__syscall)) && table(file_type_table(server_t__0,file_type__1,secret_pub__str)) -> mess(case_ch_,(true__bool,(),case_state_0_,case_state_1_,case_state_2_,case_state_3_,case_state_4_))
(If the entry file_type_table(server_t__0,file_type__1,secret_pub__str) is in a table at get {127},
the entry access_control_table(server_t__0,file_type__1,fopen__0__syscall) is in a table at get {126},
event @p_act(@occ74_1[],(secret_pub__str,file_contents_)) records how variables are instantiated at {74},
the message (secret_pub__str,file_contents_) is received on channel file_ch[] at input {74},
the entry file_type_table(server_t__0,file_type_,secret_pub__str) is in a table at get {125},
the entry access_control_table(server_t__0,file_type_,fopen__0__syscall) is in a table at get {124},
event @p_act(@occ80_2,(false__bool,loop_result_,loop_state_0_,loop_state_1_,loop_state_2_)) records how variables are instantiated at {80},
the message (false__bool,loop_result_,loop_state_0_,loop_state_1_,loop_state_2_) is received on channel loop_ch_ at input {80},
event @p_act(@occ105_2,(true__bool,call_result_,call_state_0_,call_state_1_,call_state_2_)) records how variables are instantiated at {105},
the message (true__bool,call_result_,call_state_0_,call_state_1_,call_state_2_) is received on channel call_join_ch_ at input {105},
event @p_act(@occ113_2,(false__bool,case_result_,case_state_0_,case_state_1_,case_state_2_,case_state_3_,case_state_4_)) records how variables are instantiated at {113},
the message (false__bool,case_result_,case_state_0_,case_state_1_,case_state_2_,case_state_3_,case_state_4_) is received on channel case_ch_ at input {113},
case_state_4_ ≠ true__0
then the message (true__bool,(),case_state_0_,case_state_1_,case_state_2_,case_state_3_,case_state_4_) may be sent on channel case_ch_ at output {117}.)
Abbreviations:
case_ch_ = case_ch__209[call_state_2__208 = call_state_2_,call_state_1__207 = call_state_1_,call_state_0__206 = call_state_0_,call_result__205 = call_result_,loop_state_2__176 = loop_state_2_,loop_state_1__175 = loop_state_1_,loop_state_0__174 = loop_state_0_,loop_result__173 = loop_result_,!1 = @sid,file_type__228 = file_type_,file_contents__163 = file_contents_,file_type__229 = file_type__1]
@occ113_2 = @occ113_1[!1 = @sid]
call_join_ch_ = call_join_ch__191[loop_state_2__176 = loop_state_2_,loop_state_1__175 = loop_state_1_,loop_state_0__174 = loop_state_0_,loop_result__173 = loop_result_,!1 = @sid,file_type__228 = file_type_,file_contents__163 = file_contents_,file_type__229 = file_type__1]
@occ105_2 = @occ105_1[!1 = @sid]
loop_ch_ = loop_ch__164[file_type__228 = file_type_,file_contents__163 = file_contents_,file_type__229 = file_type__1]
@occ80_2 = @occ80_1[!1 = @sid]

Clause 167: mess(case_ch_,(false__bool,case_result_,case_state_0_,case_state_1_,case_state_2_,case_state_3_,true__0)) && b-event(@p_act(@occ113_2,(false__bool,case_result_,case_state_0_,case_state_1_,case_state_2_,case_state_3_,true__0))) && mess(call_join_ch_,(true__bool,call_result_,call_state_0_,call_state_1_,call_state_2_)) && b-event(@p_act(@occ105_2,(true__bool,call_result_,call_state_0_,call_state_1_,call_state_2_))) && mess(loop_ch_,(false__bool,loop_result_,loop_state_0_,loop_state_1_,loop_state_2_)) && b-event(@p_act(@occ80_2,(false__bool,loop_result_,loop_state_0_,loop_state_1_,loop_state_2_))) && table(access_control_table(server_t__0,file_type_,fopen__0__syscall)) && table(file_type_table(server_t__0,file_type_,secret_pub__str)) && mess(file_ch[],(secret_pub__str,file_contents_)) && b-event(@p_act(@occ74_1[],(secret_pub__str,file_contents_))) && table(access_control_table(server_t__0,file_type__1,fopen__0__syscall)) && table(file_type_table(server_t__0,file_type__1,secret_pub__str)) -> mess(case_ch_,(false__bool,case_result_,case_state_0_,case_state_1_,case_state_2_,case_state_3_,true__0))
(If the entry file_type_table(server_t__0,file_type__1,secret_pub__str) is in a table at get {127},
the entry access_control_table(server_t__0,file_type__1,fopen__0__syscall) is in a table at get {126},
event @p_act(@occ74_1[],(secret_pub__str,file_contents_)) records how variables are instantiated at {74},
the message (secret_pub__str,file_contents_) is received on channel file_ch[] at input {74},
the entry file_type_table(server_t__0,file_type_,secret_pub__str) is in a table at get {125},
the entry access_control_table(server_t__0,file_type_,fopen__0__syscall) is in a table at get {124},
event @p_act(@occ80_2,(false__bool,loop_result_,loop_state_0_,loop_state_1_,loop_state_2_)) records how variables are instantiated at {80},
the message (false__bool,loop_result_,loop_state_0_,loop_state_1_,loop_state_2_) is received on channel loop_ch_ at input {80},
event @p_act(@occ105_2,(true__bool,call_result_,call_state_0_,call_state_1_,call_state_2_)) records how variables are instantiated at {105},
the message (true__bool,call_result_,call_state_0_,call_state_1_,call_state_2_) is received on channel call_join_ch_ at input {105},
event @p_act(@occ113_2,(false__bool,case_result_,case_state_0_,case_state_1_,case_state_2_,case_state_3_,true__0)) records how variables are instantiated at {113},
the message (false__bool,case_result_,case_state_0_,case_state_1_,case_state_2_,case_state_3_,true__0) is received on channel case_ch_ at input {113},
then the message (false__bool,case_result_,case_state_0_,case_state_1_,case_state_2_,case_state_3_,true__0) may be sent on channel case_ch_ at output {115}.)
Abbreviations:
case_ch_ = case_ch__209[call_state_2__208 = call_state_2_,call_state_1__207 = call_state_1_,call_state_0__206 = call_state_0_,call_result__205 = call_result_,loop_state_2__176 = loop_state_2_,loop_state_1__175 = loop_state_1_,loop_state_0__174 = loop_state_0_,loop_result__173 = loop_result_,!1 = @sid,file_type__228 = file_type_,file_contents__163 = file_contents_,file_type__229 = file_type__1]
@occ113_2 = @occ113_1[!1 = @sid]
call_join_ch_ = call_join_ch__191[loop_state_2__176 = loop_state_2_,loop_state_1__175 = loop_state_1_,loop_state_0__174 = loop_state_0_,loop_result__173 = loop_result_,!1 = @sid,file_type__228 = file_type_,file_contents__163 = file_contents_,file_type__229 = file_type__1]
@occ105_2 = @occ105_1[!1 = @sid]
loop_ch_ = loop_ch__164[file_type__228 = file_type_,file_contents__163 = file_contents_,file_type__229 = file_type__1]
@occ80_2 = @occ80_1[!1 = @sid]

Clause 168: mess(case_ch_,(true__bool,case_done_result_,case_done_state_0_,case_done_state_1_,case_done_state_2_,case_done_state_3_,case_done_state_4_)) && b-event(@p_act(@occ118_2,(true__bool,case_done_result_,case_done_state_0_,case_done_state_1_,case_done_state_2_,case_done_state_3_,case_done_state_4_))) && mess(call_join_ch_,(true__bool,call_result_,call_state_0_,call_state_1_,call_state_2_)) && b-event(@p_act(@occ105_2,(true__bool,call_result_,call_state_0_,call_state_1_,call_state_2_))) && mess(loop_ch_,(false__bool,loop_result_,loop_state_0_,loop_state_1_,loop_state_2_)) && b-event(@p_act(@occ80_2,(false__bool,loop_result_,loop_state_0_,loop_state_1_,loop_state_2_))) && table(access_control_table(server_t__0,file_type_,fopen__0__syscall)) && table(file_type_table(server_t__0,file_type_,secret_pub__str)) && mess(file_ch[],(secret_pub__str,file_contents_)) && b-event(@p_act(@occ74_1[],(secret_pub__str,file_contents_))) && table(access_control_table(server_t__0,file_type__1,fopen__0__syscall)) && table(file_type_table(server_t__0,file_type__1,secret_pub__str)) -> mess(loop_ch_,(false__bool,case_done_result_,case_done_state_0_,case_done_state_1_,case_done_state_2_))
(If the entry file_type_table(server_t__0,file_type__1,secret_pub__str) is in a table at get {127},
the entry access_control_table(server_t__0,file_type__1,fopen__0__syscall) is in a table at get {126},
event @p_act(@occ74_1[],(secret_pub__str,file_contents_)) records how variables are instantiated at {74},
the message (secret_pub__str,file_contents_) is received on channel file_ch[] at input {74},
the entry file_type_table(server_t__0,file_type_,secret_pub__str) is in a table at get {125},
the entry access_control_table(server_t__0,file_type_,fopen__0__syscall) is in a table at get {124},
event @p_act(@occ80_2,(false__bool,loop_result_,loop_state_0_,loop_state_1_,loop_state_2_)) records how variables are instantiated at {80},
the message (false__bool,loop_result_,loop_state_0_,loop_state_1_,loop_state_2_) is received on channel loop_ch_ at input {80},
event @p_act(@occ105_2,(true__bool,call_result_,call_state_0_,call_state_1_,call_state_2_)) records how variables are instantiated at {105},
the message (true__bool,call_result_,call_state_0_,call_state_1_,call_state_2_) is received on channel call_join_ch_ at input {105},
event @p_act(@occ118_2,(true__bool,case_done_result_,case_done_state_0_,case_done_state_1_,case_done_state_2_,case_done_state_3_,case_done_state_4_)) records how variables are instantiated at {118},
the message (true__bool,case_done_result_,case_done_state_0_,case_done_state_1_,case_done_state_2_,case_done_state_3_,case_done_state_4_) is received on channel case_ch_ at input {118},
then the message (false__bool,case_done_result_,case_done_state_0_,case_done_state_1_,case_done_state_2_) may be sent on channel loop_ch_ at output {119}.)
Abbreviations:
loop_ch_ = loop_ch__164[file_type__228 = file_type_,file_contents__163 = file_contents_,file_type__229 = file_type__1]
case_ch_ = case_ch__209[call_state_2__208 = call_state_2_,call_state_1__207 = call_state_1_,call_state_0__206 = call_state_0_,call_result__205 = call_result_,loop_state_2__176 = loop_state_2_,loop_state_1__175 = loop_state_1_,loop_state_0__174 = loop_state_0_,loop_result__173 = loop_result_,!1 = @sid,file_type__228 = file_type_,file_contents__163 = file_contents_,file_type__229 = file_type__1]
@occ118_2 = @occ118_1[!1 = @sid]
call_join_ch_ = call_join_ch__191[loop_state_2__176 = loop_state_2_,loop_state_1__175 = loop_state_1_,loop_state_0__174 = loop_state_0_,loop_result__173 = loop_result_,!1 = @sid,file_type__228 = file_type_,file_contents__163 = file_contents_,file_type__229 = file_type__1]
@occ105_2 = @occ105_1[!1 = @sid]
@occ80_2 = @occ80_1[!1 = @sid]

Clause 169: mess(loop_ch_,(false__bool,loop_result_,loop_state_0_,loop_state_1_,loop_state_2_)) && b-event(@p_act(@occ120_2,(false__bool,loop_result_,loop_state_0_,loop_state_1_,loop_state_2_))) && table(access_control_table(server_t__0,file_type_,fopen__0__syscall)) && table(file_type_table(server_t__0,file_type_,secret_pub__str)) && mess(file_ch[],(secret_pub__str,file_contents_)) && b-event(@p_act(@occ74_1[],(secret_pub__str,file_contents_))) && table(access_control_table(server_t__0,file_type__1,fopen__0__syscall)) && table(file_type_table(server_t__0,file_type__1,secret_pub__str)) -> mess(loop_ch_,(false__bool,loop_result_,loop_state_0_,loop_state_1_,loop_state_2_))
(If the entry file_type_table(server_t__0,file_type__1,secret_pub__str) is in a table at get {127},
the entry access_control_table(server_t__0,file_type__1,fopen__0__syscall) is in a table at get {126},
event @p_act(@occ74_1[],(secret_pub__str,file_contents_)) records how variables are instantiated at {74},
the message (secret_pub__str,file_contents_) is received on channel file_ch[] at input {74},
the entry file_type_table(server_t__0,file_type_,secret_pub__str) is in a table at get {125},
the entry access_control_table(server_t__0,file_type_,fopen__0__syscall) is in a table at get {124},
event @p_act(@occ120_2,(false__bool,loop_result_,loop_state_0_,loop_state_1_,loop_state_2_)) records how variables are instantiated at {120},
the message (false__bool,loop_result_,loop_state_0_,loop_state_1_,loop_state_2_) is received on channel loop_ch_ at input {120},
then the message (false__bool,loop_result_,loop_state_0_,loop_state_1_,loop_state_2_) may be sent on channel loop_ch_ at output {121}.)
Abbreviations:
loop_ch_ = loop_ch__164[file_type__228 = file_type_,file_contents__163 = file_contents_,file_type__229 = file_type__1]
@occ120_2 = @occ120_1[!1 = @sid]

Clause 170: table(channel_table(rpc_t__0,rpc__0[]))
(The entry channel_table(rpc_t__0,rpc__0[]) may be inserted in a table at insert {130}.)

Clause 171: table(file_type_table(client_ta_t__0,readonly_t__0,secret_priv__str))
(The entry file_type_table(client_ta_t__0,readonly_t__0,secret_priv__str) may be inserted in a table at insert {131}.)

Clause 172: mess(file_ch_1[],(secret_priv__str,enc__0(priv_k__0,sym_k__0)))
(The message (secret_priv__str,enc__0(priv_k__0,sym_k__0)) may be sent on channel file_ch_1[] at output {133}.)

Clause 173: mess(rpc__0[],req__chan) && table(access_control_table(client_ta_t__0,ch_type_,accept_rpc__0__syscall)) && table(channel_table(ch_type_,rpc__0[])) -> mess(channel_case_ch_,(false__bool,(),sym_k__0,rpc__0[]))
(If the entry channel_table(ch_type_,rpc__0[]) is in a table at get {187},
the entry access_control_table(client_ta_t__0,ch_type_,accept_rpc__0__syscall) is in a table at get {186},
the message req__chan is received on channel rpc__0[] at input {134},
then the message (false__bool,(),sym_k__0,rpc__0[]) may be sent on channel channel_case_ch_ at output {136}.)
Abbreviations:
channel_case_ch_ = channel_case_ch__122[ch_type__162 = ch_type_]

Clause 174: table(access_control_table(client_ta_t__0,ch_type_,accept_rpc__0__syscall)) && table(channel_table(ch_type_,channel_case_state_1_)) && mess(channel_case_ch_,(false__bool,channel_case_result_,channel_case_state_0_,channel_case_state_1_)) && b-event(@p_act(@occ137_1[],(false__bool,channel_case_result_,channel_case_state_0_,channel_case_state_1_))) && mess(rpc__0[],req__chan) && table(access_control_table(client_ta_t__0,ch_type__1,accept_rpc__0__syscall)) && table(channel_table(ch_type__1,rpc__0[])) -> mess(channel_case_state_1_,ack__chan)
(If the entry channel_table(ch_type__1,rpc__0[]) is in a table at get {187},
the entry access_control_table(client_ta_t__0,ch_type__1,accept_rpc__0__syscall) is in a table at get {186},
the message req__chan is received on channel rpc__0[] at input {134},
event @p_act(@occ137_1[],(false__bool,channel_case_result_,channel_case_state_0_,channel_case_state_1_)) records how variables are instantiated at {137},
the message (false__bool,channel_case_result_,channel_case_state_0_,channel_case_state_1_) is received on channel channel_case_ch_ at input {137},
the entry channel_table(ch_type_,channel_case_state_1_) is in a table at get {141},
the entry access_control_table(client_ta_t__0,ch_type_,accept_rpc__0__syscall) is in a table at get {140},
then the message ack__chan may be sent on channel channel_case_state_1_ at output {138}.)
Abbreviations:
channel_case_ch_ = channel_case_ch__122[ch_type__162 = ch_type__1]

Clause 175: table(access_control_table(client_ta_t__0,ch_type_,accept_rpc__0__syscall)) && table(channel_table(ch_type_,channel_case_state_1_)) && mess(channel_case_ch_,(false__bool,channel_case_result_,channel_case_state_0_,channel_case_state_1_)) && b-event(@p_act(@occ137_1[],(false__bool,channel_case_result_,channel_case_state_0_,channel_case_state_1_))) && mess(rpc__0[],req__chan) && table(access_control_table(client_ta_t__0,ch_type__1,accept_rpc__0__syscall)) && table(channel_table(ch_type__1,rpc__0[])) -> mess(channel_case_ch_,(true__bool,(),channel_case_state_0_,channel_case_state_1_))
(If the entry channel_table(ch_type__1,rpc__0[]) is in a table at get {187},
the entry access_control_table(client_ta_t__0,ch_type__1,accept_rpc__0__syscall) is in a table at get {186},
the message req__chan is received on channel rpc__0[] at input {134},
event @p_act(@occ137_1[],(false__bool,channel_case_result_,channel_case_state_0_,channel_case_state_1_)) records how variables are instantiated at {137},
the message (false__bool,channel_case_result_,channel_case_state_0_,channel_case_state_1_) is received on channel channel_case_ch_ at input {137},
the entry channel_table(ch_type_,channel_case_state_1_) is in a table at get {141},
the entry access_control_table(client_ta_t__0,ch_type_,accept_rpc__0__syscall) is in a table at get {140},
then the message (true__bool,(),channel_case_state_0_,channel_case_state_1_) may be sent on channel channel_case_ch_ at output {139}.)
Abbreviations:
channel_case_ch_ = channel_case_ch__122[ch_type__162 = ch_type__1]

Clause 176: mess(channel_case_ch_,(true__bool,channel_case_done_result_,channel_case_done_state_0_,channel_case_done_state_1_)) && b-event(@p_act(@occ142_1[],(true__bool,channel_case_done_result_,channel_case_done_state_0_,channel_case_done_state_1_))) && mess(rpc__0[],req__chan) && table(access_control_table(client_ta_t__0,ch_type_,accept_rpc__0__syscall)) && table(channel_table(ch_type_,rpc__0[])) -> mess(loop_ch_,(false__bool,(),channel_case_done_state_0_))
(If the entry channel_table(ch_type_,rpc__0[]) is in a table at get {187},
the entry access_control_table(client_ta_t__0,ch_type_,accept_rpc__0__syscall) is in a table at get {186},
the message req__chan is received on channel rpc__0[] at input {134},
event @p_act(@occ142_1[],(true__bool,channel_case_done_result_,channel_case_done_state_0_,channel_case_done_state_1_)) records how variables are instantiated at {142},
the message (true__bool,channel_case_done_result_,channel_case_done_state_0_,channel_case_done_state_1_) is received on channel channel_case_ch_ at input {142},
then the message (false__bool,(),channel_case_done_state_0_) may be sent on channel loop_ch_ at output {144}.)
Abbreviations:
loop_ch_ = loop_ch__126[channel_case_done_state_1__125 = channel_case_done_state_1_,channel_case_done_state_0__124 = channel_case_done_state_0_,channel_case_done_result__123 = channel_case_done_result_,ch_type__162 = ch_type_]
channel_case_ch_ = channel_case_ch__122[ch_type__162 = ch_type_]

Clause 177: mess(rpc__0[],invoke__chan(case_arg_0_,case_arg_1_,case_arg_2_)) && table(access_control_table(client_ta_t__0,ch_type_,none__syscall)) && table(channel_table(ch_type_,rpc__0[])) && mess(loop_ch_,(false__bool,loop_result_,loop_state_0_)) && b-event(@p_act(@occ146_2,(false__bool,loop_result_,loop_state_0_))) && mess(channel_case_ch_,(true__bool,channel_case_done_result_,channel_case_done_state_0_,channel_case_done_state_1_)) && b-event(@p_act(@occ142_1[],(true__bool,channel_case_done_result_,channel_case_done_state_0_,channel_case_done_state_1_))) && mess(rpc__0[],req__chan) && table(access_control_table(client_ta_t__0,ch_type__1,accept_rpc__0__syscall)) && table(channel_table(ch_type__1,rpc__0[])) -> mess(case_ch_,(false__bool,(),loop_state_0_,case_arg_0_,case_arg_1_,case_arg_2_))
(If the entry channel_table(ch_type__1,rpc__0[]) is in a table at get {187},
the entry access_control_table(client_ta_t__0,ch_type__1,accept_rpc__0__syscall) is in a table at get {186},
the message req__chan is received on channel rpc__0[] at input {134},
event @p_act(@occ142_1[],(true__bool,channel_case_done_result_,channel_case_done_state_0_,channel_case_done_state_1_)) records how variables are instantiated at {142},
the message (true__bool,channel_case_done_result_,channel_case_done_state_0_,channel_case_done_state_1_) is received on channel channel_case_ch_ at input {142},
event @p_act(@occ146_2,(false__bool,loop_result_,loop_state_0_)) records how variables are instantiated at {146},
the message (false__bool,loop_result_,loop_state_0_) is received on channel loop_ch_ at input {146},
the entry channel_table(ch_type_,rpc__0[]) is in a table at get {176},
the entry access_control_table(client_ta_t__0,ch_type_,none__syscall) is in a table at get {174},
the message invoke__chan(case_arg_0_,case_arg_1_,case_arg_2_) is received on channel rpc__0[] at input {147},
then the message (false__bool,(),loop_state_0_,case_arg_0_,case_arg_1_,case_arg_2_) may be sent on channel case_ch_ at output {149}.)
Abbreviations:
case_ch_ = case_ch__137[case_arg_2__136 = case_arg_2_,case_arg_1__135 = case_arg_1_,case_arg_0__134 = case_arg_0_,ch_type__157 = ch_type_,loop_state_0__133 = loop_state_0_,loop_result__132 = loop_result_,!1 = @sid,channel_case_done_state_1__125 = channel_case_done_state_1_,channel_case_done_state_0__124 = channel_case_done_state_0_,channel_case_done_result__123 = channel_case_done_result_,ch_type__162 = ch_type__1]
loop_ch_ = loop_ch__126[channel_case_done_state_1__125 = channel_case_done_state_1_,channel_case_done_state_0__124 = channel_case_done_state_0_,channel_case_done_result__123 = channel_case_done_result_,ch_type__162 = ch_type__1]
@occ146_2 = @occ146_1[!1 = @sid]
channel_case_ch_ = channel_case_ch__122[ch_type__162 = ch_type__1]

Clause 178: case_state_1_ ≠ sign_image__str && mess(case_ch_,(false__bool,case_result_,case_state_0_,case_state_1_,case_state_2_,case_state_3_)) && b-event(@p_act(@occ150_2,(false__bool,case_result_,case_state_0_,case_state_1_,case_state_2_,case_state_3_))) && mess(rpc__0[],invoke__chan(case_arg_0_,case_arg_1_,case_arg_2_)) && table(access_control_table(client_ta_t__0,ch_type_,none__syscall)) && table(channel_table(ch_type_,rpc__0[])) && mess(loop_ch_,(false__bool,loop_result_,loop_state_0_)) && b-event(@p_act(@occ146_2,(false__bool,loop_result_,loop_state_0_))) && mess(channel_case_ch_,(true__bool,channel_case_done_result_,channel_case_done_state_0_,channel_case_done_state_1_)) && b-event(@p_act(@occ142_1[],(true__bool,channel_case_done_result_,channel_case_done_state_0_,channel_case_done_state_1_))) && mess(rpc__0[],req__chan) && table(access_control_table(client_ta_t__0,ch_type__1,accept_rpc__0__syscall)) && table(channel_table(ch_type__1,rpc__0[])) -> mess(case_ch_,(false__bool,case_result_,case_state_0_,case_state_1_,case_state_2_,case_state_3_))
(If the entry channel_table(ch_type__1,rpc__0[]) is in a table at get {187},
the entry access_control_table(client_ta_t__0,ch_type__1,accept_rpc__0__syscall) is in a table at get {186},
the message req__chan is received on channel rpc__0[] at input {134},
event @p_act(@occ142_1[],(true__bool,channel_case_done_result_,channel_case_done_state_0_,channel_case_done_state_1_)) records how variables are instantiated at {142},
the message (true__bool,channel_case_done_result_,channel_case_done_state_0_,channel_case_done_state_1_) is received on channel channel_case_ch_ at input {142},
event @p_act(@occ146_2,(false__bool,loop_result_,loop_state_0_)) records how variables are instantiated at {146},
the message (false__bool,loop_result_,loop_state_0_) is received on channel loop_ch_ at input {146},
the entry channel_table(ch_type_,rpc__0[]) is in a table at get {176},
the entry access_control_table(client_ta_t__0,ch_type_,none__syscall) is in a table at get {174},
the message invoke__chan(case_arg_0_,case_arg_1_,case_arg_2_) is received on channel rpc__0[] at input {147},
event @p_act(@occ150_2,(false__bool,case_result_,case_state_0_,case_state_1_,case_state_2_,case_state_3_)) records how variables are instantiated at {150},
the message (false__bool,case_result_,case_state_0_,case_state_1_,case_state_2_,case_state_3_) is received on channel case_ch_ at input {150},
case_state_1_ ≠ sign_image__str
then the message (false__bool,case_result_,case_state_0_,case_state_1_,case_state_2_,case_state_3_) may be sent on channel case_ch_ at output {165}.)
Abbreviations:
case_ch_ = case_ch__137[case_arg_2__136 = case_arg_2_,case_arg_1__135 = case_arg_1_,case_arg_0__134 = case_arg_0_,ch_type__157 = ch_type_,loop_state_0__133 = loop_state_0_,loop_result__132 = loop_result_,!1 = @sid,channel_case_done_state_1__125 = channel_case_done_state_1_,channel_case_done_state_0__124 = channel_case_done_state_0_,channel_case_done_result__123 = channel_case_done_result_,ch_type__162 = ch_type__1]
@occ150_2 = @occ150_1[!1 = @sid]
loop_ch_ = loop_ch__126[channel_case_done_state_1__125 = channel_case_done_state_1_,channel_case_done_state_0__124 = channel_case_done_state_0_,channel_case_done_result__123 = channel_case_done_result_,ch_type__162 = ch_type__1]
@occ146_2 = @occ146_1[!1 = @sid]
channel_case_ch_ = channel_case_ch__122[ch_type__162 = ch_type__1]

Clause 179: table(access_control_table(client_ta_t__0,file_type_,fopen__0__syscall)) && table(file_type_table(client_ta_t__0,file_type_,case_state_3_)) && mess(file_ch_1[],(case_state_3_,file_contents_)) && b-event(@p_act(@occ152_2,(case_state_3_,file_contents_))) && table(access_control_table(client_ta_t__0,file_type__1,fopen__0__syscall)) && table(file_type_table(client_ta_t__0,file_type__1,case_state_3_)) && mess(case_ch_,(false__bool,case_result_,case_state_0_,sign_image__str,case_state_2_,case_state_3_)) && b-event(@p_act(@occ150_2,(false__bool,case_result_,case_state_0_,sign_image__str,case_state_2_,case_state_3_))) && mess(rpc__0[],invoke__chan(case_arg_0_,case_arg_1_,case_arg_2_)) && table(access_control_table(client_ta_t__0,ch_type_,none__syscall)) && table(channel_table(ch_type_,rpc__0[])) && mess(loop_ch_,(false__bool,loop_result_,loop_state_0_)) && b-event(@p_act(@occ146_2,(false__bool,loop_result_,loop_state_0_))) && mess(channel_case_ch_,(true__bool,channel_case_done_result_,channel_case_done_state_0_,channel_case_done_state_1_)) && b-event(@p_act(@occ142_1[],(true__bool,channel_case_done_result_,channel_case_done_state_0_,channel_case_done_state_1_))) && mess(rpc__0[],req__chan) && table(access_control_table(client_ta_t__0,ch_type__1,accept_rpc__0__syscall)) && table(channel_table(ch_type__1,rpc__0[])) -> mess(file_ch_1[],(case_state_3_,file_contents_))
(If the entry channel_table(ch_type__1,rpc__0[]) is in a table at get {187},
the entry access_control_table(client_ta_t__0,ch_type__1,accept_rpc__0__syscall) is in a table at get {186},
the message req__chan is received on channel rpc__0[] at input {134},
event @p_act(@occ142_1[],(true__bool,channel_case_done_result_,channel_case_done_state_0_,channel_case_done_state_1_)) records how variables are instantiated at {142},
the message (true__bool,channel_case_done_result_,channel_case_done_state_0_,channel_case_done_state_1_) is received on channel channel_case_ch_ at input {142},
event @p_act(@occ146_2,(false__bool,loop_result_,loop_state_0_)) records how variables are instantiated at {146},
the message (false__bool,loop_result_,loop_state_0_) is received on channel loop_ch_ at input {146},
the entry channel_table(ch_type_,rpc__0[]) is in a table at get {176},
the entry access_control_table(client_ta_t__0,ch_type_,none__syscall) is in a table at get {174},
the message invoke__chan(case_arg_0_,case_arg_1_,case_arg_2_) is received on channel rpc__0[] at input {147},
event @p_act(@occ150_2,(false__bool,case_result_,case_state_0_,sign_image__str,case_state_2_,case_state_3_)) records how variables are instantiated at {150},
the message (false__bool,case_result_,case_state_0_,sign_image__str,case_state_2_,case_state_3_) is received on channel case_ch_ at input {150},
the entry file_type_table(client_ta_t__0,file_type__1,case_state_3_) is in a table at get {164},
the entry access_control_table(client_ta_t__0,file_type__1,fopen__0__syscall) is in a table at get {163},
event @p_act(@occ152_2,(case_state_3_,file_contents_)) records how variables are instantiated at {152},
the message (case_state_3_,file_contents_) is received on channel file_ch_1[] at input {152},
the entry file_type_table(client_ta_t__0,file_type_,case_state_3_) is in a table at get {162},
the entry access_control_table(client_ta_t__0,file_type_,fopen__0__syscall) is in a table at get {161},
then the message (case_state_3_,file_contents_) may be sent on channel file_ch_1[] at output {154}.)
Abbreviations:
@occ152_2 = @occ152_1[!1 = @sid]
case_ch_ = case_ch__137[case_arg_2__136 = case_arg_2_,case_arg_1__135 = case_arg_1_,case_arg_0__134 = case_arg_0_,ch_type__157 = ch_type_,loop_state_0__133 = loop_state_0_,loop_result__132 = loop_result_,!1 = @sid,channel_case_done_state_1__125 = channel_case_done_state_1_,channel_case_done_state_0__124 = channel_case_done_state_0_,channel_case_done_result__123 = channel_case_done_result_,ch_type__162 = ch_type__1]
@occ150_2 = @occ150_1[!1 = @sid]
loop_ch_ = loop_ch__126[channel_case_done_state_1__125 = channel_case_done_state_1_,channel_case_done_state_0__124 = channel_case_done_state_0_,channel_case_done_result__123 = channel_case_done_result_,ch_type__162 = ch_type__1]
@occ146_2 = @occ146_1[!1 = @sid]
channel_case_ch_ = channel_case_ch__122[ch_type__162 = ch_type__1]

Clause 180: table(access_control_table(client_ta_t__0,file_type_,fopen__0__syscall)) && table(file_type_table(client_ta_t__0,file_type_,case_state_3_)) && mess(file_ch_1[],(case_state_3_,x_1)) && b-event(@p_act(@occ152_2,(case_state_3_,x_1))) && table(access_control_table(client_ta_t__0,file_type__1,fopen__0__syscall)) && table(file_type_table(client_ta_t__0,file_type__1,case_state_3_)) && mess(case_ch_,(false__bool,case_result_,case_state_0_,sign_image__str,case_state_2_,case_state_3_)) && b-event(@p_act(@occ150_2,(false__bool,case_result_,case_state_0_,sign_image__str,case_state_2_,case_state_3_))) && mess(rpc__0[],invoke__chan(case_arg_0_,case_arg_1_,case_arg_2_)) && table(access_control_table(client_ta_t__0,ch_type_,none__syscall)) && table(channel_table(ch_type_,rpc__0[])) && mess(loop_ch_,(false__bool,loop_result_,loop_state_0_)) && b-event(@p_act(@occ146_2,(false__bool,loop_result_,loop_state_0_))) && mess(channel_case_ch_,(true__bool,channel_case_done_result_,channel_case_done_state_0_,channel_case_done_state_1_)) && b-event(@p_act(@occ142_1[],(true__bool,channel_case_done_result_,channel_case_done_state_0_,channel_case_done_state_1_))) && mess(rpc__0[],req__chan) && table(access_control_table(client_ta_t__0,ch_type__1,accept_rpc__0__syscall)) && table(channel_table(ch_type__1,rpc__0[])) -> table(deleted_address_table(y__1))
(If the entry channel_table(ch_type__1,rpc__0[]) is in a table at get {187},
the entry access_control_table(client_ta_t__0,ch_type__1,accept_rpc__0__syscall) is in a table at get {186},
the message req__chan is received on channel rpc__0[] at input {134},
event @p_act(@occ142_1[],(true__bool,channel_case_done_result_,channel_case_done_state_0_,channel_case_done_state_1_)) records how variables are instantiated at {142},
the message (true__bool,channel_case_done_result_,channel_case_done_state_0_,channel_case_done_state_1_) is received on channel channel_case_ch_ at input {142},
event @p_act(@occ146_2,(false__bool,loop_result_,loop_state_0_)) records how variables are instantiated at {146},
the message (false__bool,loop_result_,loop_state_0_) is received on channel loop_ch_ at input {146},
the entry channel_table(ch_type_,rpc__0[]) is in a table at get {176},
the entry access_control_table(client_ta_t__0,ch_type_,none__syscall) is in a table at get {174},
the message invoke__chan(case_arg_0_,case_arg_1_,case_arg_2_) is received on channel rpc__0[] at input {147},
event @p_act(@occ150_2,(false__bool,case_result_,case_state_0_,sign_image__str,case_state_2_,case_state_3_)) records how variables are instantiated at {150},
the message (false__bool,case_result_,case_state_0_,sign_image__str,case_state_2_,case_state_3_) is received on channel case_ch_ at input {150},
the entry file_type_table(client_ta_t__0,file_type__1,case_state_3_) is in a table at get {164},
the entry access_control_table(client_ta_t__0,file_type__1,fopen__0__syscall) is in a table at get {163},
event @p_act(@occ152_2,(case_state_3_,x_1)) records how variables are instantiated at {152},
the message (case_state_3_,x_1) is received on channel file_ch_1[] at input {152},
the entry file_type_table(client_ta_t__0,file_type_,case_state_3_) is in a table at get {162},
the entry access_control_table(client_ta_t__0,file_type_,fopen__0__syscall) is in a table at get {161},
then the entry deleted_address_table(y__1) may be inserted in a table at insert {155}.)
Abbreviations:
y__1 = y_[file_contents__148 = x_1,file_type__151 = file_type__1,case_state_3__147 = case_state_3_,case_state_2__146 = case_state_2_,case_state_1__145 = sign_image__str,case_state_0__144 = case_state_0_,case_result__143 = case_result_,case_arg_2__136 = case_arg_2_,case_arg_1__135 = case_arg_1_,case_arg_0__134 = case_arg_0_,ch_type__157 = ch_type_,loop_state_0__133 = loop_state_0_,loop_result__132 = loop_result_,!1 = @sid,channel_case_done_state_1__125 = channel_case_done_state_1_,channel_case_done_state_0__124 = channel_case_done_state_0_,channel_case_done_result__123 = channel_case_done_result_,ch_type__162 = ch_type__1]
@occ152_2 = @occ152_1[!1 = @sid]
case_ch_ = case_ch__137[case_arg_2__136 = case_arg_2_,case_arg_1__135 = case_arg_1_,case_arg_0__134 = case_arg_0_,ch_type__157 = ch_type_,loop_state_0__133 = loop_state_0_,loop_result__132 = loop_result_,!1 = @sid,channel_case_done_state_1__125 = channel_case_done_state_1_,channel_case_done_state_0__124 = channel_case_done_state_0_,channel_case_done_result__123 = channel_case_done_result_,ch_type__162 = ch_type__1]
@occ150_2 = @occ150_1[!1 = @sid]
loop_ch_ = loop_ch__126[channel_case_done_state_1__125 = channel_case_done_state_1_,channel_case_done_state_0__124 = channel_case_done_state_0_,channel_case_done_result__123 = channel_case_done_result_,ch_type__162 = ch_type__1]
@occ146_2 = @occ146_1[!1 = @sid]
channel_case_ch_ = channel_case_ch__122[ch_type__162 = ch_type__1]

Clause 181: table(access_control_table(client_ta_t__0,ch_type_,none__syscall)) && table(channel_table(ch_type_,rpc__0[])) && table(access_control_table(client_ta_t__0,file_type_,fopen__0__syscall)) && table(file_type_table(client_ta_t__0,file_type_,case_state_3_)) && mess(file_ch_1[],(case_state_3_,enc__0(x__5,y__6))) && b-event(@p_act(@occ152_2,(case_state_3_,enc__0(x__5,y__6)))) && table(access_control_table(client_ta_t__0,file_type__1,fopen__0__syscall)) && table(file_type_table(client_ta_t__0,file_type__1,case_state_3_)) && mess(case_ch_,(false__bool,case_result_,y__6,sign_image__str,case_state_2_,case_state_3_)) && b-event(@p_act(@occ150_2,(false__bool,case_result_,y__6,sign_image__str,case_state_2_,case_state_3_))) && mess(rpc__0[],invoke__chan(case_arg_0_,case_arg_1_,case_arg_2_)) && table(access_control_table(client_ta_t__0,ch_type__1,none__syscall)) && table(channel_table(ch_type__1,rpc__0[])) && mess(loop_ch_,(false__bool,loop_result_,loop_state_0_)) && b-event(@p_act(@occ146_2,(false__bool,loop_result_,loop_state_0_))) && mess(channel_case_ch_,(true__bool,channel_case_done_result_,channel_case_done_state_0_,channel_case_done_state_1_)) && b-event(@p_act(@occ142_1[],(true__bool,channel_case_done_result_,channel_case_done_state_0_,channel_case_done_state_1_))) && mess(rpc__0[],req__chan) && table(access_control_table(client_ta_t__0,ch_type__2,accept_rpc__0__syscall)) && table(channel_table(ch_type__2,rpc__0[])) -> mess(rpc__0[],Returned__chan(sign__0(case_state_2_,x__5)))
(If the entry channel_table(ch_type__2,rpc__0[]) is in a table at get {187},
the entry access_control_table(client_ta_t__0,ch_type__2,accept_rpc__0__syscall) is in a table at get {186},
the message req__chan is received on channel rpc__0[] at input {134},
event @p_act(@occ142_1[],(true__bool,channel_case_done_result_,channel_case_done_state_0_,channel_case_done_state_1_)) records how variables are instantiated at {142},
the message (true__bool,channel_case_done_result_,channel_case_done_state_0_,channel_case_done_state_1_) is received on channel channel_case_ch_ at input {142},
event @p_act(@occ146_2,(false__bool,loop_result_,loop_state_0_)) records how variables are instantiated at {146},
the message (false__bool,loop_result_,loop_state_0_) is received on channel loop_ch_ at input {146},
the entry channel_table(ch_type__1,rpc__0[]) is in a table at get {176},
the entry access_control_table(client_ta_t__0,ch_type__1,none__syscall) is in a table at get {174},
the message invoke__chan(case_arg_0_,case_arg_1_,case_arg_2_) is received on channel rpc__0[] at input {147},
event @p_act(@occ150_2,(false__bool,case_result_,y__6,sign_image__str,case_state_2_,case_state_3_)) records how variables are instantiated at {150},
the message (false__bool,case_result_,y__6,sign_image__str,case_state_2_,case_state_3_) is received on channel case_ch_ at input {150},
the entry file_type_table(client_ta_t__0,file_type__1,case_state_3_) is in a table at get {164},
the entry access_control_table(client_ta_t__0,file_type__1,fopen__0__syscall) is in a table at get {163},
event @p_act(@occ152_2,(case_state_3_,enc__0(x__5,y__6))) records how variables are instantiated at {152},
the message (case_state_3_,enc__0(x__5,y__6)) is received on channel file_ch_1[] at input {152},
the entry file_type_table(client_ta_t__0,file_type_,case_state_3_) is in a table at get {162},
the entry access_control_table(client_ta_t__0,file_type_,fopen__0__syscall) is in a table at get {161},
the entry channel_table(ch_type_,rpc__0[]) is in a table at get {159},
the entry access_control_table(client_ta_t__0,ch_type_,none__syscall) is in a table at get {158},
then the message Returned__chan(sign__0(case_state_2_,x__5)) may be sent on channel rpc__0[] at output {156}.)
Abbreviations:
@occ152_2 = @occ152_1[!1 = @sid]
case_ch_ = case_ch__137[case_arg_2__136 = case_arg_2_,case_arg_1__135 = case_arg_1_,case_arg_0__134 = case_arg_0_,ch_type__157 = ch_type__1,loop_state_0__133 = loop_state_0_,loop_result__132 = loop_result_,!1 = @sid,channel_case_done_state_1__125 = channel_case_done_state_1_,channel_case_done_state_0__124 = channel_case_done_state_0_,channel_case_done_result__123 = channel_case_done_result_,ch_type__162 = ch_type__2]
@occ150_2 = @occ150_1[!1 = @sid]
loop_ch_ = loop_ch__126[channel_case_done_state_1__125 = channel_case_done_state_1_,channel_case_done_state_0__124 = channel_case_done_state_0_,channel_case_done_result__123 = channel_case_done_result_,ch_type__162 = ch_type__2]
@occ146_2 = @occ146_1[!1 = @sid]
channel_case_ch_ = channel_case_ch__122[ch_type__162 = ch_type__2]

Clause 182: table(access_control_table(client_ta_t__0,ch_type_,none__syscall)) && table(channel_table(ch_type_,rpc__0[])) && table(access_control_table(client_ta_t__0,file_type_,fopen__0__syscall)) && table(file_type_table(client_ta_t__0,file_type_,case_state_3_)) && mess(file_ch_1[],(case_state_3_,x_1)) && b-event(@p_act(@occ152_2,(case_state_3_,x_1))) && table(access_control_table(client_ta_t__0,file_type__1,fopen__0__syscall)) && table(file_type_table(client_ta_t__0,file_type__1,case_state_3_)) && mess(case_ch_,(false__bool,case_result_,case_state_0_,sign_image__str,case_state_2_,case_state_3_)) && b-event(@p_act(@occ150_2,(false__bool,case_result_,case_state_0_,sign_image__str,case_state_2_,case_state_3_))) && mess(rpc__0[],invoke__chan(case_arg_0_,case_arg_1_,case_arg_2_)) && table(access_control_table(client_ta_t__0,ch_type__1,none__syscall)) && table(channel_table(ch_type__1,rpc__0[])) && mess(loop_ch_,(false__bool,loop_result_,loop_state_0_)) && b-event(@p_act(@occ146_2,(false__bool,loop_result_,loop_state_0_))) && mess(channel_case_ch_,(true__bool,channel_case_done_result_,channel_case_done_state_0_,channel_case_done_state_1_)) && b-event(@p_act(@occ142_1[],(true__bool,channel_case_done_result_,channel_case_done_state_0_,channel_case_done_state_1_))) && mess(rpc__0[],req__chan) && table(access_control_table(client_ta_t__0,ch_type__2,accept_rpc__0__syscall)) && table(channel_table(ch_type__2,rpc__0[])) -> mess(rpc__0[],Returned__chan(sign__0(case_state_2_,dec__0(x_1,case_state_0_))))
(If the entry channel_table(ch_type__2,rpc__0[]) is in a table at get {187},
the entry access_control_table(client_ta_t__0,ch_type__2,accept_rpc__0__syscall) is in a table at get {186},
the message req__chan is received on channel rpc__0[] at input {134},
event @p_act(@occ142_1[],(true__bool,channel_case_done_result_,channel_case_done_state_0_,channel_case_done_state_1_)) records how variables are instantiated at {142},
the message (true__bool,channel_case_done_result_,channel_case_done_state_0_,channel_case_done_state_1_) is received on channel channel_case_ch_ at input {142},
event @p_act(@occ146_2,(false__bool,loop_result_,loop_state_0_)) records how variables are instantiated at {146},
the message (false__bool,loop_result_,loop_state_0_) is received on channel loop_ch_ at input {146},
the entry channel_table(ch_type__1,rpc__0[]) is in a table at get {176},
the entry access_control_table(client_ta_t__0,ch_type__1,none__syscall) is in a table at get {174},
the message invoke__chan(case_arg_0_,case_arg_1_,case_arg_2_) is received on channel rpc__0[] at input {147},
event @p_act(@occ150_2,(false__bool,case_result_,case_state_0_,sign_image__str,case_state_2_,case_state_3_)) records how variables are instantiated at {150},
the message (false__bool,case_result_,case_state_0_,sign_image__str,case_state_2_,case_state_3_) is received on channel case_ch_ at input {150},
the entry file_type_table(client_ta_t__0,file_type__1,case_state_3_) is in a table at get {164},
the entry access_control_table(client_ta_t__0,file_type__1,fopen__0__syscall) is in a table at get {163},
event @p_act(@occ152_2,(case_state_3_,x_1)) records how variables are instantiated at {152},
the message (case_state_3_,x_1) is received on channel file_ch_1[] at input {152},
the entry file_type_table(client_ta_t__0,file_type_,case_state_3_) is in a table at get {162},
the entry access_control_table(client_ta_t__0,file_type_,fopen__0__syscall) is in a table at get {161},
the entry channel_table(ch_type_,rpc__0[]) is in a table at get {159},
the entry access_control_table(client_ta_t__0,ch_type_,none__syscall) is in a table at get {158},
then the message Returned__chan(sign__0(case_state_2_,dec__0(x_1,case_state_0_))) may be sent on channel rpc__0[] at output {156}.)
Abbreviations:
@occ152_2 = @occ152_1[!1 = @sid]
case_ch_ = case_ch__137[case_arg_2__136 = case_arg_2_,case_arg_1__135 = case_arg_1_,case_arg_0__134 = case_arg_0_,ch_type__157 = ch_type__1,loop_state_0__133 = loop_state_0_,loop_result__132 = loop_result_,!1 = @sid,channel_case_done_state_1__125 = channel_case_done_state_1_,channel_case_done_state_0__124 = channel_case_done_state_0_,channel_case_done_result__123 = channel_case_done_result_,ch_type__162 = ch_type__2]
@occ150_2 = @occ150_1[!1 = @sid]
loop_ch_ = loop_ch__126[channel_case_done_state_1__125 = channel_case_done_state_1_,channel_case_done_state_0__124 = channel_case_done_state_0_,channel_case_done_result__123 = channel_case_done_result_,ch_type__162 = ch_type__2]
@occ146_2 = @occ146_1[!1 = @sid]
channel_case_ch_ = channel_case_ch__122[ch_type__162 = ch_type__2]

Clause 183: table(access_control_table(client_ta_t__0,ch_type_,none__syscall)) && table(channel_table(ch_type_,rpc__0[])) && table(access_control_table(client_ta_t__0,file_type_,fopen__0__syscall)) && table(file_type_table(client_ta_t__0,file_type_,case_state_3_)) && mess(file_ch_1[],(case_state_3_,x_1)) && b-event(@p_act(@occ152_2,(case_state_3_,x_1))) && table(access_control_table(client_ta_t__0,file_type__1,fopen__0__syscall)) && table(file_type_table(client_ta_t__0,file_type__1,case_state_3_)) && mess(case_ch_,(false__bool,case_result_,case_state_0_,sign_image__str,case_state_2_,case_state_3_)) && b-event(@p_act(@occ150_2,(false__bool,case_result_,case_state_0_,sign_image__str,case_state_2_,case_state_3_))) && mess(rpc__0[],invoke__chan(case_arg_0_,case_arg_1_,case_arg_2_)) && table(access_control_table(client_ta_t__0,ch_type__1,none__syscall)) && table(channel_table(ch_type__1,rpc__0[])) && mess(loop_ch_,(false__bool,loop_result_,loop_state_0_)) && b-event(@p_act(@occ146_2,(false__bool,loop_result_,loop_state_0_))) && mess(channel_case_ch_,(true__bool,channel_case_done_result_,channel_case_done_state_0_,channel_case_done_state_1_)) && b-event(@p_act(@occ142_1[],(true__bool,channel_case_done_result_,channel_case_done_state_0_,channel_case_done_state_1_))) && mess(rpc__0[],req__chan) && table(access_control_table(client_ta_t__0,ch_type__2,accept_rpc__0__syscall)) && table(channel_table(ch_type__2,rpc__0[])) -> mess(case_ch_,(true__bool,(),case_state_0_,sign_image__str,case_state_2_,case_state_3_))
(If the entry channel_table(ch_type__2,rpc__0[]) is in a table at get {187},
the entry access_control_table(client_ta_t__0,ch_type__2,accept_rpc__0__syscall) is in a table at get {186},
the message req__chan is received on channel rpc__0[] at input {134},
event @p_act(@occ142_1[],(true__bool,channel_case_done_result_,channel_case_done_state_0_,channel_case_done_state_1_)) records how variables are instantiated at {142},
the message (true__bool,channel_case_done_result_,channel_case_done_state_0_,channel_case_done_state_1_) is received on channel channel_case_ch_ at input {142},
event @p_act(@occ146_2,(false__bool,loop_result_,loop_state_0_)) records how variables are instantiated at {146},
the message (false__bool,loop_result_,loop_state_0_) is received on channel loop_ch_ at input {146},
the entry channel_table(ch_type__1,rpc__0[]) is in a table at get {176},
the entry access_control_table(client_ta_t__0,ch_type__1,none__syscall) is in a table at get {174},
the message invoke__chan(case_arg_0_,case_arg_1_,case_arg_2_) is received on channel rpc__0[] at input {147},
event @p_act(@occ150_2,(false__bool,case_result_,case_state_0_,sign_image__str,case_state_2_,case_state_3_)) records how variables are instantiated at {150},
the message (false__bool,case_result_,case_state_0_,sign_image__str,case_state_2_,case_state_3_) is received on channel case_ch_ at input {150},
the entry file_type_table(client_ta_t__0,file_type__1,case_state_3_) is in a table at get {164},
the entry access_control_table(client_ta_t__0,file_type__1,fopen__0__syscall) is in a table at get {163},
event @p_act(@occ152_2,(case_state_3_,x_1)) records how variables are instantiated at {152},
the message (case_state_3_,x_1) is received on channel file_ch_1[] at input {152},
the entry file_type_table(client_ta_t__0,file_type_,case_state_3_) is in a table at get {162},
the entry access_control_table(client_ta_t__0,file_type_,fopen__0__syscall) is in a table at get {161},
the entry channel_table(ch_type_,rpc__0[]) is in a table at get {159},
the entry access_control_table(client_ta_t__0,ch_type_,none__syscall) is in a table at get {158},
then the message (true__bool,(),case_state_0_,sign_image__str,case_state_2_,case_state_3_) may be sent on channel case_ch_ at output {157}.)
Abbreviations:
case_ch_ = case_ch__137[case_arg_2__136 = case_arg_2_,case_arg_1__135 = case_arg_1_,case_arg_0__134 = case_arg_0_,ch_type__157 = ch_type__1,loop_state_0__133 = loop_state_0_,loop_result__132 = loop_result_,!1 = @sid,channel_case_done_state_1__125 = channel_case_done_state_1_,channel_case_done_state_0__124 = channel_case_done_state_0_,channel_case_done_result__123 = channel_case_done_result_,ch_type__162 = ch_type__2]
@occ152_2 = @occ152_1[!1 = @sid]
@occ150_2 = @occ150_1[!1 = @sid]
loop_ch_ = loop_ch__126[channel_case_done_state_1__125 = channel_case_done_state_1_,channel_case_done_state_0__124 = channel_case_done_state_0_,channel_case_done_result__123 = channel_case_done_result_,ch_type__162 = ch_type__2]
@occ146_2 = @occ146_1[!1 = @sid]
channel_case_ch_ = channel_case_ch__122[ch_type__162 = ch_type__2]

Clause 184: case_state_1_ ≠ sign_image__str && mess(case_ch_,(false__bool,case_result_,case_state_0_,case_state_1_,case_state_2_,case_state_3_)) && b-event(@p_act(@occ166_2,(false__bool,case_result_,case_state_0_,case_state_1_,case_state_2_,case_state_3_))) && mess(rpc__0[],invoke__chan(case_arg_0_,case_arg_1_,case_arg_2_)) && table(access_control_table(client_ta_t__0,ch_type_,none__syscall)) && table(channel_table(ch_type_,rpc__0[])) && mess(loop_ch_,(false__bool,loop_result_,loop_state_0_)) && b-event(@p_act(@occ146_2,(false__bool,loop_result_,loop_state_0_))) && mess(channel_case_ch_,(true__bool,channel_case_done_result_,channel_case_done_state_0_,channel_case_done_state_1_)) && b-event(@p_act(@occ142_1[],(true__bool,channel_case_done_result_,channel_case_done_state_0_,channel_case_done_state_1_))) && mess(rpc__0[],req__chan) && table(access_control_table(client_ta_t__0,ch_type__1,accept_rpc__0__syscall)) && table(channel_table(ch_type__1,rpc__0[])) -> mess(case_ch_,(true__bool,(),case_state_0_,case_state_1_,case_state_2_,case_state_3_))
(If the entry channel_table(ch_type__1,rpc__0[]) is in a table at get {187},
the entry access_control_table(client_ta_t__0,ch_type__1,accept_rpc__0__syscall) is in a table at get {186},
the message req__chan is received on channel rpc__0[] at input {134},
event @p_act(@occ142_1[],(true__bool,channel_case_done_result_,channel_case_done_state_0_,channel_case_done_state_1_)) records how variables are instantiated at {142},
the message (true__bool,channel_case_done_result_,channel_case_done_state_0_,channel_case_done_state_1_) is received on channel channel_case_ch_ at input {142},
event @p_act(@occ146_2,(false__bool,loop_result_,loop_state_0_)) records how variables are instantiated at {146},
the message (false__bool,loop_result_,loop_state_0_) is received on channel loop_ch_ at input {146},
the entry channel_table(ch_type_,rpc__0[]) is in a table at get {176},
the entry access_control_table(client_ta_t__0,ch_type_,none__syscall) is in a table at get {174},
the message invoke__chan(case_arg_0_,case_arg_1_,case_arg_2_) is received on channel rpc__0[] at input {147},
event @p_act(@occ166_2,(false__bool,case_result_,case_state_0_,case_state_1_,case_state_2_,case_state_3_)) records how variables are instantiated at {166},
the message (false__bool,case_result_,case_state_0_,case_state_1_,case_state_2_,case_state_3_) is received on channel case_ch_ at input {166},
case_state_1_ ≠ sign_image__str
then the message (true__bool,(),case_state_0_,case_state_1_,case_state_2_,case_state_3_) may be sent on channel case_ch_ at output {170}.)
Abbreviations:
case_ch_ = case_ch__137[case_arg_2__136 = case_arg_2_,case_arg_1__135 = case_arg_1_,case_arg_0__134 = case_arg_0_,ch_type__157 = ch_type_,loop_state_0__133 = loop_state_0_,loop_result__132 = loop_result_,!1 = @sid,channel_case_done_state_1__125 = channel_case_done_state_1_,channel_case_done_state_0__124 = channel_case_done_state_0_,channel_case_done_result__123 = channel_case_done_result_,ch_type__162 = ch_type__1]
@occ166_2 = @occ166_1[!1 = @sid]
loop_ch_ = loop_ch__126[channel_case_done_state_1__125 = channel_case_done_state_1_,channel_case_done_state_0__124 = channel_case_done_state_0_,channel_case_done_result__123 = channel_case_done_result_,ch_type__162 = ch_type__1]
@occ146_2 = @occ146_1[!1 = @sid]
channel_case_ch_ = channel_case_ch__122[ch_type__162 = ch_type__1]

Clause 185: mess(case_ch_,(false__bool,case_result_,case_state_0_,sign_image__str,case_state_2_,case_state_3_)) && b-event(@p_act(@occ166_2,(false__bool,case_result_,case_state_0_,sign_image__str,case_state_2_,case_state_3_))) && mess(rpc__0[],invoke__chan(case_arg_0_,case_arg_1_,case_arg_2_)) && table(access_control_table(client_ta_t__0,ch_type_,none__syscall)) && table(channel_table(ch_type_,rpc__0[])) && mess(loop_ch_,(false__bool,loop_result_,loop_state_0_)) && b-event(@p_act(@occ146_2,(false__bool,loop_result_,loop_state_0_))) && mess(channel_case_ch_,(true__bool,channel_case_done_result_,channel_case_done_state_0_,channel_case_done_state_1_)) && b-event(@p_act(@occ142_1[],(true__bool,channel_case_done_result_,channel_case_done_state_0_,channel_case_done_state_1_))) && mess(rpc__0[],req__chan) && table(access_control_table(client_ta_t__0,ch_type__1,accept_rpc__0__syscall)) && table(channel_table(ch_type__1,rpc__0[])) -> mess(case_ch_,(false__bool,case_result_,case_state_0_,sign_image__str,case_state_2_,case_state_3_))
(If the entry channel_table(ch_type__1,rpc__0[]) is in a table at get {187},
the entry access_control_table(client_ta_t__0,ch_type__1,accept_rpc__0__syscall) is in a table at get {186},
the message req__chan is received on channel rpc__0[] at input {134},
event @p_act(@occ142_1[],(true__bool,channel_case_done_result_,channel_case_done_state_0_,channel_case_done_state_1_)) records how variables are instantiated at {142},
the message (true__bool,channel_case_done_result_,channel_case_done_state_0_,channel_case_done_state_1_) is received on channel channel_case_ch_ at input {142},
event @p_act(@occ146_2,(false__bool,loop_result_,loop_state_0_)) records how variables are instantiated at {146},
the message (false__bool,loop_result_,loop_state_0_) is received on channel loop_ch_ at input {146},
the entry channel_table(ch_type_,rpc__0[]) is in a table at get {176},
the entry access_control_table(client_ta_t__0,ch_type_,none__syscall) is in a table at get {174},
the message invoke__chan(case_arg_0_,case_arg_1_,case_arg_2_) is received on channel rpc__0[] at input {147},
event @p_act(@occ166_2,(false__bool,case_result_,case_state_0_,sign_image__str,case_state_2_,case_state_3_)) records how variables are instantiated at {166},
the message (false__bool,case_result_,case_state_0_,sign_image__str,case_state_2_,case_state_3_) is received on channel case_ch_ at input {166},
then the message (false__bool,case_result_,case_state_0_,sign_image__str,case_state_2_,case_state_3_) may be sent on channel case_ch_ at output {168}.)
Abbreviations:
case_ch_ = case_ch__137[case_arg_2__136 = case_arg_2_,case_arg_1__135 = case_arg_1_,case_arg_0__134 = case_arg_0_,ch_type__157 = ch_type_,loop_state_0__133 = loop_state_0_,loop_result__132 = loop_result_,!1 = @sid,channel_case_done_state_1__125 = channel_case_done_state_1_,channel_case_done_state_0__124 = channel_case_done_state_0_,channel_case_done_result__123 = channel_case_done_result_,ch_type__162 = ch_type__1]
@occ166_2 = @occ166_1[!1 = @sid]
loop_ch_ = loop_ch__126[channel_case_done_state_1__125 = channel_case_done_state_1_,channel_case_done_state_0__124 = channel_case_done_state_0_,channel_case_done_result__123 = channel_case_done_result_,ch_type__162 = ch_type__1]
@occ146_2 = @occ146_1[!1 = @sid]
channel_case_ch_ = channel_case_ch__122[ch_type__162 = ch_type__1]

Clause 186: mess(case_ch_,(true__bool,case_done_result_,case_done_state_0_,case_done_state_1_,case_done_state_2_,case_done_state_3_)) && b-event(@p_act(@occ171_2,(true__bool,case_done_result_,case_done_state_0_,case_done_state_1_,case_done_state_2_,case_done_state_3_))) && mess(rpc__0[],invoke__chan(case_arg_0_,case_arg_1_,case_arg_2_)) && table(access_control_table(client_ta_t__0,ch_type_,none__syscall)) && table(channel_table(ch_type_,rpc__0[])) && mess(loop_ch_,(false__bool,loop_result_,loop_state_0_)) && b-event(@p_act(@occ146_2,(false__bool,loop_result_,loop_state_0_))) && mess(channel_case_ch_,(true__bool,channel_case_done_result_,channel_case_done_state_0_,channel_case_done_state_1_)) && b-event(@p_act(@occ142_1[],(true__bool,channel_case_done_result_,channel_case_done_state_0_,channel_case_done_state_1_))) && mess(rpc__0[],req__chan) && table(access_control_table(client_ta_t__0,ch_type__1,accept_rpc__0__syscall)) && table(channel_table(ch_type__1,rpc__0[])) -> mess(loop_ch_,(false__bool,case_done_result_,case_done_state_0_))
(If the entry channel_table(ch_type__1,rpc__0[]) is in a table at get {187},
the entry access_control_table(client_ta_t__0,ch_type__1,accept_rpc__0__syscall) is in a table at get {186},
the message req__chan is received on channel rpc__0[] at input {134},
event @p_act(@occ142_1[],(true__bool,channel_case_done_result_,channel_case_done_state_0_,channel_case_done_state_1_)) records how variables are instantiated at {142},
the message (true__bool,channel_case_done_result_,channel_case_done_state_0_,channel_case_done_state_1_) is received on channel channel_case_ch_ at input {142},
event @p_act(@occ146_2,(false__bool,loop_result_,loop_state_0_)) records how variables are instantiated at {146},
the message (false__bool,loop_result_,loop_state_0_) is received on channel loop_ch_ at input {146},
the entry channel_table(ch_type_,rpc__0[]) is in a table at get {176},
the entry access_control_table(client_ta_t__0,ch_type_,none__syscall) is in a table at get {174},
the message invoke__chan(case_arg_0_,case_arg_1_,case_arg_2_) is received on channel rpc__0[] at input {147},
event @p_act(@occ171_2,(true__bool,case_done_result_,case_done_state_0_,case_done_state_1_,case_done_state_2_,case_done_state_3_)) records how variables are instantiated at {171},
the message (true__bool,case_done_result_,case_done_state_0_,case_done_state_1_,case_done_state_2_,case_done_state_3_) is received on channel case_ch_ at input {171},
then the message (false__bool,case_done_result_,case_done_state_0_) may be sent on channel loop_ch_ at output {172}.)
Abbreviations:
loop_ch_ = loop_ch__126[channel_case_done_state_1__125 = channel_case_done_state_1_,channel_case_done_state_0__124 = channel_case_done_state_0_,channel_case_done_result__123 = channel_case_done_result_,ch_type__162 = ch_type__1]
case_ch_ = case_ch__137[case_arg_2__136 = case_arg_2_,case_arg_1__135 = case_arg_1_,case_arg_0__134 = case_arg_0_,ch_type__157 = ch_type_,loop_state_0__133 = loop_state_0_,loop_result__132 = loop_result_,!1 = @sid,channel_case_done_state_1__125 = channel_case_done_state_1_,channel_case_done_state_0__124 = channel_case_done_state_0_,channel_case_done_result__123 = channel_case_done_result_,ch_type__162 = ch_type__1]
@occ171_2 = @occ171_1[!1 = @sid]
@occ146_2 = @occ146_1[!1 = @sid]
channel_case_ch_ = channel_case_ch__122[ch_type__162 = ch_type__1]

Clause 187: table(channel_table(ch_type_,rpc__0[])) && mess(loop_ch_,(false__bool,loop_result_,loop_state_0_)) && b-event(@p_act(@occ146_2,(false__bool,loop_result_,loop_state_0_))) && mess(channel_case_ch_,(true__bool,channel_case_done_result_,channel_case_done_state_0_,channel_case_done_state_1_)) && b-event(@p_act(@occ142_1[],(true__bool,channel_case_done_result_,channel_case_done_state_0_,channel_case_done_state_1_))) && mess(rpc__0[],req__chan) && table(access_control_table(client_ta_t__0,ch_type__1,accept_rpc__0__syscall)) && table(channel_table(ch_type__1,rpc__0[])) -> mess(loop_ch_,(false__bool,loop_result_,loop_state_0_))
(If the entry channel_table(ch_type__1,rpc__0[]) is in a table at get {187},
the entry access_control_table(client_ta_t__0,ch_type__1,accept_rpc__0__syscall) is in a table at get {186},
the message req__chan is received on channel rpc__0[] at input {134},
event @p_act(@occ142_1[],(true__bool,channel_case_done_result_,channel_case_done_state_0_,channel_case_done_state_1_)) records how variables are instantiated at {142},
the message (true__bool,channel_case_done_result_,channel_case_done_state_0_,channel_case_done_state_1_) is received on channel channel_case_ch_ at input {142},
event @p_act(@occ146_2,(false__bool,loop_result_,loop_state_0_)) records how variables are instantiated at {146},
the message (false__bool,loop_result_,loop_state_0_) is received on channel loop_ch_ at input {146},
the entry channel_table(ch_type_,rpc__0[]) is in a table at get {176},
then the message (false__bool,loop_result_,loop_state_0_) may be sent on channel loop_ch_ at output {173}.)
Abbreviations:
loop_ch_ = loop_ch__126[channel_case_done_state_1__125 = channel_case_done_state_1_,channel_case_done_state_0__124 = channel_case_done_state_0_,channel_case_done_result__123 = channel_case_done_result_,ch_type__162 = ch_type__1]
@occ146_2 = @occ146_1[!1 = @sid]
channel_case_ch_ = channel_case_ch__122[ch_type__162 = ch_type__1]

Clause 188: mess(loop_ch_,(false__bool,loop_result_,loop_state_0_)) && b-event(@p_act(@occ146_2,(false__bool,loop_result_,loop_state_0_))) && mess(channel_case_ch_,(true__bool,channel_case_done_result_,channel_case_done_state_0_,channel_case_done_state_1_)) && b-event(@p_act(@occ142_1[],(true__bool,channel_case_done_result_,channel_case_done_state_0_,channel_case_done_state_1_))) && mess(rpc__0[],req__chan) && table(access_control_table(client_ta_t__0,ch_type_,accept_rpc__0__syscall)) && table(channel_table(ch_type_,rpc__0[])) -> mess(loop_ch_,(false__bool,loop_result_,loop_state_0_))
(If the entry channel_table(ch_type_,rpc__0[]) is in a table at get {187},
the entry access_control_table(client_ta_t__0,ch_type_,accept_rpc__0__syscall) is in a table at get {186},
the message req__chan is received on channel rpc__0[] at input {134},
event @p_act(@occ142_1[],(true__bool,channel_case_done_result_,channel_case_done_state_0_,channel_case_done_state_1_)) records how variables are instantiated at {142},
the message (true__bool,channel_case_done_result_,channel_case_done_state_0_,channel_case_done_state_1_) is received on channel channel_case_ch_ at input {142},
event @p_act(@occ146_2,(false__bool,loop_result_,loop_state_0_)) records how variables are instantiated at {146},
the message (false__bool,loop_result_,loop_state_0_) is received on channel loop_ch_ at input {146},
then the message (false__bool,loop_result_,loop_state_0_) may be sent on channel loop_ch_ at output {175}.)
Abbreviations:
loop_ch_ = loop_ch__126[channel_case_done_state_1__125 = channel_case_done_state_1_,channel_case_done_state_0__124 = channel_case_done_state_0_,channel_case_done_result__123 = channel_case_done_result_,ch_type__162 = ch_type_]
@occ146_2 = @occ146_1[!1 = @sid]
channel_case_ch_ = channel_case_ch__122[ch_type__162 = ch_type_]

Clause 189: mess(rpc__0[],exit__chan) && table(access_control_table(client_ta_t__0,ch_type_,none__syscall)) && table(channel_table(ch_type_,rpc__0[])) && mess(loop_ch_,(false__bool,loop_result_,loop_state_0_)) && b-event(@p_act(@occ177_2,(false__bool,loop_result_,loop_state_0_))) && mess(channel_case_ch_,(true__bool,channel_case_done_result_,channel_case_done_state_0_,channel_case_done_state_1_)) && b-event(@p_act(@occ142_1[],(true__bool,channel_case_done_result_,channel_case_done_state_0_,channel_case_done_state_1_))) && mess(rpc__0[],req__chan) && table(access_control_table(client_ta_t__0,ch_type__1,accept_rpc__0__syscall)) && table(channel_table(ch_type__1,rpc__0[])) -> mess(loop_ch_,(true__bool,(),loop_state_0_))
(If the entry channel_table(ch_type__1,rpc__0[]) is in a table at get {187},
the entry access_control_table(client_ta_t__0,ch_type__1,accept_rpc__0__syscall) is in a table at get {186},
the message req__chan is received on channel rpc__0[] at input {134},
event @p_act(@occ142_1[],(true__bool,channel_case_done_result_,channel_case_done_state_0_,channel_case_done_state_1_)) records how variables are instantiated at {142},
the message (true__bool,channel_case_done_result_,channel_case_done_state_0_,channel_case_done_state_1_) is received on channel channel_case_ch_ at input {142},
event @p_act(@occ177_2,(false__bool,loop_result_,loop_state_0_)) records how variables are instantiated at {177},
the message (false__bool,loop_result_,loop_state_0_) is received on channel loop_ch_ at input {177},
the entry channel_table(ch_type_,rpc__0[]) is in a table at get {183},
the entry access_control_table(client_ta_t__0,ch_type_,none__syscall) is in a table at get {181},
the message exit__chan is received on channel rpc__0[] at input {178},
then the message (true__bool,(),loop_state_0_) may be sent on channel loop_ch_ at output {179}.)
Abbreviations:
loop_ch_ = loop_ch__126[channel_case_done_state_1__125 = channel_case_done_state_1_,channel_case_done_state_0__124 = channel_case_done_state_0_,channel_case_done_result__123 = channel_case_done_result_,ch_type__162 = ch_type__1]
@occ177_2 = @occ177_1[!1 = @sid]
channel_case_ch_ = channel_case_ch__122[ch_type__162 = ch_type__1]

Clause 190: table(channel_table(ch_type_,rpc__0[])) && mess(loop_ch_,(false__bool,loop_result_,loop_state_0_)) && b-event(@p_act(@occ177_2,(false__bool,loop_result_,loop_state_0_))) && mess(channel_case_ch_,(true__bool,channel_case_done_result_,channel_case_done_state_0_,channel_case_done_state_1_)) && b-event(@p_act(@occ142_1[],(true__bool,channel_case_done_result_,channel_case_done_state_0_,channel_case_done_state_1_))) && mess(rpc__0[],req__chan) && table(access_control_table(client_ta_t__0,ch_type__1,accept_rpc__0__syscall)) && table(channel_table(ch_type__1,rpc__0[])) -> mess(loop_ch_,(false__bool,loop_result_,loop_state_0_))
(If the entry channel_table(ch_type__1,rpc__0[]) is in a table at get {187},
the entry access_control_table(client_ta_t__0,ch_type__1,accept_rpc__0__syscall) is in a table at get {186},
the message req__chan is received on channel rpc__0[] at input {134},
event @p_act(@occ142_1[],(true__bool,channel_case_done_result_,channel_case_done_state_0_,channel_case_done_state_1_)) records how variables are instantiated at {142},
the message (true__bool,channel_case_done_result_,channel_case_done_state_0_,channel_case_done_state_1_) is received on channel channel_case_ch_ at input {142},
event @p_act(@occ177_2,(false__bool,loop_result_,loop_state_0_)) records how variables are instantiated at {177},
the message (false__bool,loop_result_,loop_state_0_) is received on channel loop_ch_ at input {177},
the entry channel_table(ch_type_,rpc__0[]) is in a table at get {183},
then the message (false__bool,loop_result_,loop_state_0_) may be sent on channel loop_ch_ at output {180}.)
Abbreviations:
loop_ch_ = loop_ch__126[channel_case_done_state_1__125 = channel_case_done_state_1_,channel_case_done_state_0__124 = channel_case_done_state_0_,channel_case_done_result__123 = channel_case_done_result_,ch_type__162 = ch_type__1]
@occ177_2 = @occ177_1[!1 = @sid]
channel_case_ch_ = channel_case_ch__122[ch_type__162 = ch_type__1]

Clause 191: mess(loop_ch_,(false__bool,loop_result_,loop_state_0_)) && b-event(@p_act(@occ177_2,(false__bool,loop_result_,loop_state_0_))) && mess(channel_case_ch_,(true__bool,channel_case_done_result_,channel_case_done_state_0_,channel_case_done_state_1_)) && b-event(@p_act(@occ142_1[],(true__bool,channel_case_done_result_,channel_case_done_state_0_,channel_case_done_state_1_))) && mess(rpc__0[],req__chan) && table(access_control_table(client_ta_t__0,ch_type_,accept_rpc__0__syscall)) && table(channel_table(ch_type_,rpc__0[])) -> mess(loop_ch_,(false__bool,loop_result_,loop_state_0_))
(If the entry channel_table(ch_type_,rpc__0[]) is in a table at get {187},
the entry access_control_table(client_ta_t__0,ch_type_,accept_rpc__0__syscall) is in a table at get {186},
the message req__chan is received on channel rpc__0[] at input {134},
event @p_act(@occ142_1[],(true__bool,channel_case_done_result_,channel_case_done_state_0_,channel_case_done_state_1_)) records how variables are instantiated at {142},
the message (true__bool,channel_case_done_result_,channel_case_done_state_0_,channel_case_done_state_1_) is received on channel channel_case_ch_ at input {142},
event @p_act(@occ177_2,(false__bool,loop_result_,loop_state_0_)) records how variables are instantiated at {177},
the message (false__bool,loop_result_,loop_state_0_) is received on channel loop_ch_ at input {177},
then the message (false__bool,loop_result_,loop_state_0_) may be sent on channel loop_ch_ at output {182}.)
Abbreviations:
loop_ch_ = loop_ch__126[channel_case_done_state_1__125 = channel_case_done_state_1_,channel_case_done_state_0__124 = channel_case_done_state_0_,channel_case_done_result__123 = channel_case_done_result_,ch_type__162 = ch_type_]
@occ177_2 = @occ177_1[!1 = @sid]
channel_case_ch_ = channel_case_ch__122[ch_type__162 = ch_type_]

Completing...
200 rules inserted. Base: 194 rules (80 with conclusion selected). Queue: 45 rules.
400 rules inserted. Base: 341 rules (83 with conclusion selected). Queue: 60 rules.
600 rules inserted. Base: 485 rules (91 with conclusion selected). Queue: 8 rules.
800 rules inserted. Base: 550 rules (114 with conclusion selected). Queue: 4 rules.
1000 rules inserted. Base: 613 rules (139 with conclusion selected). Queue: 48 rules.
1200 rules inserted. Base: 666 rules (163 with conclusion selected). Queue: 5 rules.
Starting query event(ImgRecvValid__event_global(x__63)) ==> event(ImgSend__event_global(x__63))
goal reachable: b-event(@p_act(@occ108_2,(false__bool,(),secret_pub__str,Fd__struct(y__1,pk__0(priv_k__0)),pk__0(priv_k__0),(sign__0(v_,priv_k__0),v_),true__0))) && b-event(@p_act(@occ41_2,(false__bool,(),dev_camera__str,secret_priv__str,sign_image__str,chid__struct(x_,rpc__0[]),v__1,chid__struct(x_,rpc__0[]),sign_image__str,v__1,secret_priv__str,rpc__0[]))) && b-event(@p_act(@occ43_2,(true__bool,sign__0(v_,priv_k__0),dev_camera__str,secret_priv__str,sign_image__str,chid__struct(x_,rpc__0[]),v__1,chid__struct(x_,rpc__0[]),sign_image__str,v__1,secret_priv__str,rpc__0[]))) && b-event(@p_act(@occ152_2,(secret_priv__str,enc__0(priv_k__0,sym_k__0)))) && b-event(@p_act(@occ150_2,(false__bool,(),sym_k__0,sign_image__str,v_,secret_priv__str))) && b-event(@p_act(@occ146_2,(false__bool,(),sym_k__0))) && b-event(@p_act(@occ34_2,(false__bool,(),dev_camera__str,secret_priv__str,sign_image__str,chid__struct(x_,rpc__0[])))) && b-event(@p_act(@occ34_3,(false__bool,(),dev_camera__str,secret_priv__str,sign_image__str,chid__struct(x_,rpc__0[])))) && b-event(@p_act(@occ98_2,(false__bool,(),secret_pub__str,Fd__struct(y__1,pk__0(priv_k__0)),pk__0(priv_k__0),udp__0[]))) && b-event(@p_act(@occ101_2,(true__bool,(sign__0(v_,priv_k__0),v_),secret_pub__str,Fd__struct(y__1,pk__0(priv_k__0)),pk__0(priv_k__0),udp__0[]))) && b-event(ImgSend__event_global(v__2)) && b-event(@p_act(@occ41_3,(false__bool,(),dev_camera__str,secret_priv__str,sign_image__str,chid__struct(x_,rpc__0[]),v__2,chid__struct(x_,rpc__0[]),sign_image__str,v__2,secret_priv__str,rpc__0[]))) && b-event(@p_act(@occ43_3,(true__bool,sign__0(v__3,priv_k__0),dev_camera__str,secret_priv__str,sign_image__str,chid__struct(x_,rpc__0[]),v__2,chid__struct(x_,rpc__0[]),sign_image__str,v__2,secret_priv__str,rpc__0[]))) && b-event(@p_act(@occ152_3,(secret_priv__str,enc__0(priv_k__0,sym_k__0)))) && b-event(@p_act(@occ150_3,(false__bool,(),sym_k__0,sign_image__str,v__3,secret_priv__str))) && b-event(@p_act(@occ34_4,(false__bool,(),dev_camera__str,secret_priv__str,sign_image__str,chid__struct(x_,rpc__0[])))) && b-event(@p_act(@occ146_3,(false__bool,(),sym_k__0))) && b-event(@p_act(@occ142_1[],(true__bool,(),sym_k__0,rpc__0[]))) && b-event(@p_act(@occ34_5,(false__bool,(),dev_camera__str,secret_priv__str,sign_image__str,chid__struct(x_,rpc__0[])))) && b-event(@p_act(@occ24_1[],(false__bool,(),dev_camera__str,secret_priv__str,sign_image__str,rpc__0[]))) && b-event(@p_act(@occ30_1[],(true__bool,chid__struct(x_,rpc__0[]),dev_camera__str,secret_priv__str,sign_image__str,rpc__0[]))) && b-event(@p_act(@occ137_1[],(false__bool,(),sym_k__0,rpc__0[]))) && b-event(@p_act(@occ105_2,(true__bool,(sign__0(v_,priv_k__0),v_),secret_pub__str,Fd__struct(y__1,pk__0(priv_k__0)),pk__0(priv_k__0)))) && b-event(@p_act(@occ80_2,(false__bool,(),secret_pub__str,Fd__struct(y__1,pk__0(priv_k__0)),pk__0(priv_k__0)))) && b-event(@p_act(@occ74_1[],(secret_pub__str,pk__0(priv_k__0)))) -> event(ImgRecvValid__event_global(snd__0((sign__0(v_,priv_k__0),v_))))
Abbreviations:
x_ = x__14[channel_case_state_3__118 = rpc__0[],channel_case_state_2__117 = sign_image__str,channel_case_state_1__116 = secret_priv__str,channel_case_state_0__115 = dev_camera__str,channel_case_result__114 = (),ch_type__120 = rpc_t__0,ch_type__121 = rpc_t__0]
v_ = v__24[loop_state_3__85 = chid__struct(x_,rpc__0[]),loop_state_2__84 = sign_image__str,loop_state_1__83 = secret_priv__str,loop_state_0__82 = dev_camera__str,loop_result__81 = (),!1 = @sid,channel_case_done_state_3__69 = rpc__0[],channel_case_done_state_2__68 = sign_image__str,channel_case_done_state_1__67 = secret_priv__str,channel_case_done_state_0__66 = dev_camera__str,channel_case_done_result__65 = chid__struct(x_,rpc__0[]),ch_type__120 = rpc_t__0,ch_type__121 = rpc_t__0]
@occ108_2 = @occ108_1[!1 = @sid_1]
y__1 = y__27[file_contents__163 = pk__0(priv_k__0),file_type__229 = readonly_t__0]
@occ41_2 = @occ41_1[!1 = @sid_2]
v__1 = v__24[loop_state_3__85 = chid__struct(x_,rpc__0[]),loop_state_2__84 = sign_image__str,loop_state_1__83 = secret_priv__str,loop_state_0__82 = dev_camera__str,loop_result__81 = (),!1 = @sid_2,channel_case_done_state_3__69 = rpc__0[],channel_case_done_state_2__68 = sign_image__str,channel_case_done_state_1__67 = secret_priv__str,channel_case_done_state_0__66 = dev_camera__str,channel_case_done_result__65 = chid__struct(x_,rpc__0[]),ch_type__120 = rpc_t__0,ch_type__121 = rpc_t__0]
@occ43_2 = @occ43_1[!1 = @sid_2]
@occ152_2 = @occ152_1[!1 = @sid_3]
@occ150_2 = @occ150_1[!1 = @sid_3]
@occ146_2 = @occ146_1[!1 = @sid_3]
@occ34_2 = @occ34_1[!1 = @sid_2]
@occ34_3 = @occ34_1[!1 = @sid]
@occ98_2 = @occ98_1[!1 = @sid_1]
@occ101_2 = @occ101_1[!1 = @sid_1]
v__2 = v__24[loop_state_3__85 = chid__struct(x_,rpc__0[]),loop_state_2__84 = sign_image__str,loop_state_1__83 = secret_priv__str,loop_state_0__82 = dev_camera__str,loop_result__81 = (),!1 = @sid_4,channel_case_done_state_3__69 = rpc__0[],channel_case_done_state_2__68 = sign_image__str,channel_case_done_state_1__67 = secret_priv__str,channel_case_done_state_0__66 = dev_camera__str,channel_case_done_result__65 = chid__struct(x_,rpc__0[]),ch_type__120 = rpc_t__0,ch_type__121 = rpc_t__0]
@occ41_3 = @occ41_1[!1 = @sid_4]
@occ43_3 = @occ43_1[!1 = @sid_4]
v__3 = v__24[loop_state_3__85 = chid__struct(x_,rpc__0[]),loop_state_2__84 = sign_image__str,loop_state_1__83 = secret_priv__str,loop_state_0__82 = dev_camera__str,loop_result__81 = (),!1 = @sid_5,channel_case_done_state_3__69 = rpc__0[],channel_case_done_state_2__68 = sign_image__str,channel_case_done_state_1__67 = secret_priv__str,channel_case_done_state_0__66 = dev_camera__str,channel_case_done_result__65 = chid__struct(x_,rpc__0[]),ch_type__120 = rpc_t__0,ch_type__121 = rpc_t__0]
@occ152_3 = @occ152_1[!1 = @sid_6]
@occ150_3 = @occ150_1[!1 = @sid_6]
@occ34_4 = @occ34_1[!1 = @sid_5]
@occ146_3 = @occ146_1[!1 = @sid_6]
@occ34_5 = @occ34_1[!1 = @sid_4]
@occ105_2 = @occ105_1[!1 = @sid_1]
@occ80_2 = @occ80_1[!1 = @sid_1]

Derivation:
Abbreviations:
x_ = x__14[channel_case_state_3__118 = rpc__0[],channel_case_state_2__117 = sign_image__str,channel_case_state_1__116 = secret_priv__str,channel_case_state_0__115 = dev_camera__str,channel_case_result__114 = (),ch_type__120 = rpc_t__0,ch_type__121 = rpc_t__0]
v_ = v__24[loop_state_3__85 = chid__struct(x_,rpc__0[]),loop_state_2__84 = sign_image__str,loop_state_1__83 = secret_priv__str,loop_state_0__82 = dev_camera__str,loop_result__81 = (),!1 = @sid,channel_case_done_state_3__69 = rpc__0[],channel_case_done_state_2__68 = sign_image__str,channel_case_done_state_1__67 = secret_priv__str,channel_case_done_state_0__66 = dev_camera__str,channel_case_done_result__65 = chid__struct(x_,rpc__0[]),ch_type__120 = rpc_t__0,ch_type__121 = rpc_t__0]
y__1 = y__27[file_contents__163 = pk__0(priv_k__0),file_type__229 = readonly_t__0]
case_ch_ = case_ch__209[call_state_2__208 = pk__0(priv_k__0),call_state_1__207 = Fd__struct(y__1,pk__0(priv_k__0)),call_state_0__206 = secret_pub__str,call_result__205 = (sign__0(v_,priv_k__0),v_),loop_state_2__176 = pk__0(priv_k__0),loop_state_1__175 = Fd__struct(y__1,pk__0(priv_k__0)),loop_state_0__174 = secret_pub__str,loop_result__173 = (),!1 = @sid_1,file_type__228 = readonly_t__0,file_contents__163 = pk__0(priv_k__0),file_type__229 = readonly_t__0]
call_join_ch_ = call_join_ch__191[loop_state_2__176 = pk__0(priv_k__0),loop_state_1__175 = Fd__struct(y__1,pk__0(priv_k__0)),loop_state_0__174 = secret_pub__str,loop_result__173 = (),!1 = @sid_1,file_type__228 = readonly_t__0,file_contents__163 = pk__0(priv_k__0),file_type__229 = readonly_t__0]
@occ105_2 = @occ105_1[!1 = @sid_1]
loop_ch_ = loop_ch__164[file_type__228 = readonly_t__0,file_contents__163 = pk__0(priv_k__0),file_type__229 = readonly_t__0]
@occ80_2 = @occ80_1[!1 = @sid_1]
@occ108_2 = @occ108_1[!1 = @sid_1]
v__1 = v__24[loop_state_3__85 = chid__struct(x_,rpc__0[]),loop_state_2__84 = sign_image__str,loop_state_1__83 = secret_priv__str,loop_state_0__82 = dev_camera__str,loop_result__81 = (),!1 = @sid_2,channel_case_done_state_3__69 = rpc__0[],channel_case_done_state_2__68 = sign_image__str,channel_case_done_state_1__67 = secret_priv__str,channel_case_done_state_0__66 = dev_camera__str,channel_case_done_result__65 = chid__struct(x_,rpc__0[]),ch_type__120 = rpc_t__0,ch_type__121 = rpc_t__0]
v__2 = v__24[loop_state_3__85 = chid__struct(x_,rpc__0[]),loop_state_2__84 = sign_image__str,loop_state_1__83 = secret_priv__str,loop_state_0__82 = dev_camera__str,loop_result__81 = (),!1 = @sid_3,channel_case_done_state_3__69 = rpc__0[],channel_case_done_state_2__68 = sign_image__str,channel_case_done_state_1__67 = secret_priv__str,channel_case_done_state_0__66 = dev_camera__str,channel_case_done_result__65 = chid__struct(x_,rpc__0[]),ch_type__120 = rpc_t__0,ch_type__121 = rpc_t__0]
channel_case_ch_ = channel_case_ch__185[case_arg_0__184 = (sign__0(v__1,priv_k__0),v__2),ch_type__204 = udp_t__0,ignored_v_1 = true__bool,loop_state_2__176 = pk__0(priv_k__0),loop_state_1__175 = Fd__struct(y__1,pk__0(priv_k__0)),loop_state_0__174 = secret_pub__str,loop_result__173 = (),!1 = @sid_1,file_type__228 = readonly_t__0,file_contents__163 = pk__0(priv_k__0),file_type__229 = readonly_t__0]
channel_case_ch__1 = channel_case_ch__87[case_arg_0__86 = sign__0(v_,priv_k__0),ch_type__111 = rpc_t__0,ch_type__112 = rpc_t__0,loop_state_3__85 = chid__struct(x_,rpc__0[]),loop_state_2__84 = sign_image__str,loop_state_1__83 = secret_priv__str,loop_state_0__82 = dev_camera__str,loop_result__81 = (),!1 = @sid_4,channel_case_done_state_3__69 = rpc__0[],channel_case_done_state_2__68 = sign_image__str,channel_case_done_state_1__67 = secret_priv__str,channel_case_done_state_0__66 = dev_camera__str,channel_case_done_result__65 = chid__struct(x_,rpc__0[]),ch_type__120 = rpc_t__0,ch_type__121 = rpc_t__0]
v__3 = v__24[loop_state_3__85 = chid__struct(x_,rpc__0[]),loop_state_2__84 = sign_image__str,loop_state_1__83 = secret_priv__str,loop_state_0__82 = dev_camera__str,loop_result__81 = (),!1 = @sid_4,channel_case_done_state_3__69 = rpc__0[],channel_case_done_state_2__68 = sign_image__str,channel_case_done_state_1__67 = secret_priv__str,channel_case_done_state_0__66 = dev_camera__str,channel_case_done_result__65 = chid__struct(x_,rpc__0[]),ch_type__120 = rpc_t__0,ch_type__121 = rpc_t__0]
loop_ch__1 = loop_ch__70[channel_case_done_state_3__69 = rpc__0[],channel_case_done_state_2__68 = sign_image__str,channel_case_done_state_1__67 = secret_priv__str,channel_case_done_state_0__66 = dev_camera__str,channel_case_done_result__65 = chid__struct(x_,rpc__0[]),ch_type__120 = rpc_t__0,ch_type__121 = rpc_t__0]
@occ34_2 = @occ34_1[!1 = @sid_4]
channel_case_ch__2 = channel_case_ch__64[ch_type__120 = rpc_t__0,ch_type__121 = rpc_t__0]
@occ41_2 = @occ41_1[!1 = @sid_4]
@occ43_2 = @occ43_1[!1 = @sid_4]
@occ152_2 = @occ152_1[!1 = @sid_5]
case_ch__1 = case_ch__137[case_arg_2__136 = secret_priv__str,case_arg_1__135 = v_,case_arg_0__134 = sign_image__str,ch_type__157 = rpc_t__0,loop_state_0__133 = sym_k__0,loop_result__132 = (),!1 = @sid_5,channel_case_done_state_1__125 = rpc__0[],channel_case_done_state_0__124 = sym_k__0,channel_case_done_result__123 = (),ch_type__162 = rpc_t__0]
loop_ch__2 = loop_ch__126[channel_case_done_state_1__125 = rpc__0[],channel_case_done_state_0__124 = sym_k__0,channel_case_done_result__123 = (),ch_type__162 = rpc_t__0]
@occ146_2 = @occ146_1[!1 = @sid_5]
channel_case_ch__3 = channel_case_ch__122[ch_type__162 = rpc_t__0]
@occ150_2 = @occ150_1[!1 = @sid_5]
@occ34_3 = @occ34_1[!1 = @sid]
attack_choice_ch_1 = attack_choice_ch[loop_state_2__176 = pk__0(priv_k__0),loop_state_1__175 = Fd__struct(y__1,pk__0(priv_k__0)),loop_state_0__174 = secret_pub__str,loop_result__173 = (),!1 = @sid_1,file_type__228 = readonly_t__0,file_contents__163 = pk__0(priv_k__0),file_type__229 = readonly_t__0]
@occ98_2 = @occ98_1[!1 = @sid_1]
@occ101_2 = @occ101_1[!1 = @sid_1]
channel_case_ch__4 = channel_case_ch__87[case_arg_0__86 = sign__0(v__1,priv_k__0),ch_type__111 = rpc_t__0,ch_type__112 = rpc_t__0,loop_state_3__85 = chid__struct(x_,rpc__0[]),loop_state_2__84 = sign_image__str,loop_state_1__83 = secret_priv__str,loop_state_0__82 = dev_camera__str,loop_result__81 = (),!1 = @sid_3,channel_case_done_state_3__69 = rpc__0[],channel_case_done_state_2__68 = sign_image__str,channel_case_done_state_1__67 = secret_priv__str,channel_case_done_state_0__66 = dev_camera__str,channel_case_done_result__65 = chid__struct(x_,rpc__0[]),ch_type__120 = rpc_t__0,ch_type__121 = rpc_t__0]
@occ34_4 = @occ34_1[!1 = @sid_3]
@occ41_3 = @occ41_1[!1 = @sid_3]
@occ43_3 = @occ43_1[!1 = @sid_3]
@occ152_3 = @occ152_1[!1 = @sid_6]
case_ch__2 = case_ch__137[case_arg_2__136 = secret_priv__str,case_arg_1__135 = v__1,case_arg_0__134 = sign_image__str,ch_type__157 = rpc_t__0,loop_state_0__133 = sym_k__0,loop_result__132 = (),!1 = @sid_6,channel_case_done_state_1__125 = rpc__0[],channel_case_done_state_0__124 = sym_k__0,channel_case_done_result__123 = (),ch_type__162 = rpc_t__0]
@occ146_3 = @occ146_1[!1 = @sid_6]
@occ150_3 = @occ150_1[!1 = @sid_6]
@occ34_5 = @occ34_1[!1 = @sid_2]

1. The entry file_type_table(server_t__0,readonly_t__0,secret_pub__str) may be inserted in a table at insert {71}.
table(file_type_table(server_t__0,readonly_t__0,secret_pub__str)).

2. The entry access_control_table(server_t__0,readonly_t__0,fopen__0__syscall) may be inserted in a table at insert {12}.
table(access_control_table(server_t__0,readonly_t__0,fopen__0__syscall)).

3. The message (secret_pub__str,pk__0(priv_k__0)) may be sent on channel file_ch[] at output {73}.
mess(file_ch[],(secret_pub__str,pk__0(priv_k__0))).

4. The entry file_type_table(server_t__0,readonly_t__0,secret_pub__str) that may be in a table by 1 may be read at get {127}.
The entry access_control_table(server_t__0,readonly_t__0,fopen__0__syscall) that may be in a table by 2 may be read at get {126}.
The event @p_act(@occ74_1[],(secret_pub__str,pk__0(priv_k__0))) records how variables are instantiated at {74}.
The message (secret_pub__str,pk__0(priv_k__0)) that may be sent on channel file_ch[] by 3 may be received at input {74}.
The entry file_type_table(server_t__0,readonly_t__0,secret_pub__str) that may be in a table by 1 may be read at get {125}.
The entry access_control_table(server_t__0,readonly_t__0,fopen__0__syscall) that may be in a table by 2 may be read at get {124}.
So the message (false__bool,(),secret_pub__str,Fd__struct(y__1,pk__0(priv_k__0)),pk__0(priv_k__0)) may be sent on channel loop_ch_ at output {78}.
mess(loop_ch_,(false__bool,(),secret_pub__str,Fd__struct(y__1,pk__0(priv_k__0)),pk__0(priv_k__0))).

5. The entry file_type_table(server_t__0,readonly_t__0,secret_pub__str) that may be in a table by 1 may be read at get {127}.
The entry access_control_table(server_t__0,readonly_t__0,fopen__0__syscall) that may be in a table by 2 may be read at get {126}.
The event @p_act(@occ74_1[],(secret_pub__str,pk__0(priv_k__0))) records how variables are instantiated at {74}.
The message (secret_pub__str,pk__0(priv_k__0)) that may be sent on channel file_ch[] by 3 may be received at input {74}.
The entry file_type_table(server_t__0,readonly_t__0,secret_pub__str) that may be in a table by 1 may be read at get {125}.
The entry access_control_table(server_t__0,readonly_t__0,fopen__0__syscall) that may be in a table by 2 may be read at get {124}.
The event @p_act(@occ80_2,(false__bool,(),secret_pub__str,Fd__struct(y__1,pk__0(priv_k__0)),pk__0(priv_k__0))) records how variables are instantiated at {80}.
The message (false__bool,(),secret_pub__str,Fd__struct(y__1,pk__0(priv_k__0)),pk__0(priv_k__0)) that may be sent on channel loop_ch_ by 4 may be received at input {80}.
So the message true__bool may be sent on channel attack_choice_ch_1 at output {83}.
mess(attack_choice_ch_1,true__bool).

6. The entry channel_table(udp_t__0,udp__0[]) may be inserted in a table at insert {18}.
table(channel_table(udp_t__0,udp__0[])).

7. The entry access_control_table(server_t__0,udp_t__0,recv__0__syscall) may be inserted in a table at insert {2}.
table(access_control_table(server_t__0,udp_t__0,recv__0__syscall)).

8. The entry channel_table(rpc_t__0,rpc__0[]) may be inserted in a table at insert {19}.
table(channel_table(rpc_t__0,rpc__0[])).

9. The entry access_control_table(client_t__0,rpc_t__0,connect_rpc__0__syscall) may be inserted in a table at insert {3}.
table(access_control_table(client_t__0,rpc_t__0,connect_rpc__0__syscall)).

10. The entry access_control_table(client_ta_t__0,rpc_t__0,accept_rpc__0__syscall) may be inserted in a table at insert {6}.
table(access_control_table(client_ta_t__0,rpc_t__0,accept_rpc__0__syscall)).

11. The entry channel_table(rpc_t__0,rpc__0[]) that may be in a table by 8 may be read at get {67}.
The entry access_control_table(client_t__0,rpc_t__0,connect_rpc__0__syscall) that may be in a table by 9 may be read at get {66}.
So the message req__chan may be sent on channel rpc__0[] at output {20}.
mess(rpc__0[],req__chan).

12. The entry channel_table(rpc_t__0,rpc__0[]) that may be in a table by 8 may be read at get {187}.
The entry access_control_table(client_ta_t__0,rpc_t__0,accept_rpc__0__syscall) that may be in a table by 10 may be read at get {186}.
The message req__chan that may be sent on channel rpc__0[] by 11 may be received at input {134}.
So the message (false__bool,(),sym_k__0,rpc__0[]) may be sent on channel channel_case_ch__3 at output {136}.
mess(channel_case_ch__3,(false__bool,(),sym_k__0,rpc__0[])).

13. The entry channel_table(rpc_t__0,rpc__0[]) that may be in a table by 8 may be read at get {187}.
The entry access_control_table(client_ta_t__0,rpc_t__0,accept_rpc__0__syscall) that may be in a table by 10 may be read at get {186}.
The message req__chan that may be sent on channel rpc__0[] by 11 may be received at input {134}.
The event @p_act(@occ137_1[],(false__bool,(),sym_k__0,rpc__0[])) records how variables are instantiated at {137}.
The message (false__bool,(),sym_k__0,rpc__0[]) that may be sent on channel channel_case_ch__3 by 12 may be received at input {137}.
The entry channel_table(rpc_t__0,rpc__0[]) that may be in a table by 8 may be read at get {141}.
The entry access_control_table(client_ta_t__0,rpc_t__0,accept_rpc__0__syscall) that may be in a table by 10 may be read at get {140}.
So the message ack__chan may be sent on channel rpc__0[] at output {138}.
mess(rpc__0[],ack__chan).

14. The entry channel_table(rpc_t__0,rpc__0[]) that may be in a table by 8 may be read at get {67}.
The entry access_control_table(client_t__0,rpc_t__0,connect_rpc__0__syscall) that may be in a table by 9 may be read at get {66}.
The entry channel_table(rpc_t__0,rpc__0[]) that may be in a table by 8 may be read at get {65}.
The entry access_control_table(client_t__0,rpc_t__0,connect_rpc__0__syscall) that may be in a table by 9 may be read at get {64}.
The message ack__chan that may be sent on channel rpc__0[] by 13 may be received at input {21}.
So the message (false__bool,(),dev_camera__str,secret_priv__str,sign_image__str,rpc__0[]) may be sent on channel channel_case_ch__2 at output {23}.
mess(channel_case_ch__2,(false__bool,(),dev_camera__str,secret_priv__str,sign_image__str,rpc__0[])).

15. The entry channel_table(rpc_t__0,rpc__0[]) that may be in a table by 8 may be read at get {67}.
The entry access_control_table(client_t__0,rpc_t__0,connect_rpc__0__syscall) that may be in a table by 9 may be read at get {66}.
The entry channel_table(rpc_t__0,rpc__0[]) that may be in a table by 8 may be read at get {65}.
The entry access_control_table(client_t__0,rpc_t__0,connect_rpc__0__syscall) that may be in a table by 9 may be read at get {64}.
The message ack__chan that may be sent on channel rpc__0[] by 13 may be received at input {21}.
The event @p_act(@occ24_1[],(false__bool,(),dev_camera__str,secret_priv__str,sign_image__str,rpc__0[])) records how variables are instantiated at {24}.
The message (false__bool,(),dev_camera__str,secret_priv__str,sign_image__str,rpc__0[]) that may be sent on channel channel_case_ch__2 by 14 may be received at input {24}.
The entry channel_table(rpc_t__0,rpc__0[]) that may be in a table by 8 may be read at get {29}.
The entry access_control_table(client_t__0,rpc_t__0,connect_rpc__0__syscall) that may be in a table by 9 may be read at get {28}.
So the message (true__bool,chid__struct(x_,rpc__0[]),dev_camera__str,secret_priv__str,sign_image__str,rpc__0[]) may be sent on channel channel_case_ch__2 at output {27}.
mess(channel_case_ch__2,(true__bool,chid__struct(x_,rpc__0[]),dev_camera__str,secret_priv__str,sign_image__str,rpc__0[])).

16. The entry channel_table(rpc_t__0,rpc__0[]) that may be in a table by 8 may be read at get {67}.
The entry access_control_table(client_t__0,rpc_t__0,connect_rpc__0__syscall) that may be in a table by 9 may be read at get {66}.
The entry channel_table(rpc_t__0,rpc__0[]) that may be in a table by 8 may be read at get {65}.
The entry access_control_table(client_t__0,rpc_t__0,connect_rpc__0__syscall) that may be in a table by 9 may be read at get {64}.
The message ack__chan that may be sent on channel rpc__0[] by 13 may be received at input {21}.
The event @p_act(@occ30_1[],(true__bool,chid__struct(x_,rpc__0[]),dev_camera__str,secret_priv__str,sign_image__str,rpc__0[])) records how variables are instantiated at {30}.
The message (true__bool,chid__struct(x_,rpc__0[]),dev_camera__str,secret_priv__str,sign_image__str,rpc__0[]) that may be sent on channel channel_case_ch__2 by 15 may be received at input {30}.
So the message (false__bool,(),dev_camera__str,secret_priv__str,sign_image__str,chid__struct(x_,rpc__0[])) may be sent on channel loop_ch__1 at output {32}.
mess(loop_ch__1,(false__bool,(),dev_camera__str,secret_priv__str,sign_image__str,chid__struct(x_,rpc__0[]))).

17. The entry access_control_table(client_t__0,rpc_t__0,invoke_rpc__0__syscall) may be inserted in a table at insert {4}.
table(access_control_table(client_t__0,rpc_t__0,invoke_rpc__0__syscall)).

18. The entry channel_table(rpc_t__0,rpc__0[]) that may be in a table by 8 may be read at get {187}.
The entry access_control_table(client_ta_t__0,rpc_t__0,accept_rpc__0__syscall) that may be in a table by 10 may be read at get {186}.
The message req__chan that may be sent on channel rpc__0[] by 11 may be received at input {134}.
The event @p_act(@occ137_1[],(false__bool,(),sym_k__0,rpc__0[])) records how variables are instantiated at {137}.
The message (false__bool,(),sym_k__0,rpc__0[]) that may be sent on channel channel_case_ch__3 by 12 may be received at input {137}.
The entry channel_table(rpc_t__0,rpc__0[]) that may be in a table by 8 may be read at get {141}.
The entry access_control_table(client_ta_t__0,rpc_t__0,accept_rpc__0__syscall) that may be in a table by 10 may be read at get {140}.
So the message (true__bool,(),sym_k__0,rpc__0[]) may be sent on channel channel_case_ch__3 at output {139}.
mess(channel_case_ch__3,(true__bool,(),sym_k__0,rpc__0[])).

19. The entry channel_table(rpc_t__0,rpc__0[]) that may be in a table by 8 may be read at get {187}.
The entry access_control_table(client_ta_t__0,rpc_t__0,accept_rpc__0__syscall) that may be in a table by 10 may be read at get {186}.
The message req__chan that may be sent on channel rpc__0[] by 11 may be received at input {134}.
The event @p_act(@occ142_1[],(true__bool,(),sym_k__0,rpc__0[])) records how variables are instantiated at {142}.
The message (true__bool,(),sym_k__0,rpc__0[]) that may be sent on channel channel_case_ch__3 by 18 may be received at input {142}.
So the message (false__bool,(),sym_k__0) may be sent on channel loop_ch__2 at output {144}.
mess(loop_ch__2,(false__bool,(),sym_k__0)).

20. The entry access_control_table(client_ta_t__0,rpc_t__0,none__syscall) may be inserted in a table at insert {7}.
table(access_control_table(client_ta_t__0,rpc_t__0,none__syscall)).

21. The entry channel_table(rpc_t__0,rpc__0[]) that may be in a table by 8 may be read at get {67}.
The entry access_control_table(client_t__0,rpc_t__0,connect_rpc__0__syscall) that may be in a table by 9 may be read at get {66}.
The entry channel_table(rpc_t__0,rpc__0[]) that may be in a table by 8 may be read at get {65}.
The entry access_control_table(client_t__0,rpc_t__0,connect_rpc__0__syscall) that may be in a table by 9 may be read at get {64}.
The message ack__chan that may be sent on channel rpc__0[] by 13 may be received at input {21}.
The event @p_act(@occ30_1[],(true__bool,chid__struct(x_,rpc__0[]),dev_camera__str,secret_priv__str,sign_image__str,rpc__0[])) records how variables are instantiated at {30}.
The message (true__bool,chid__struct(x_,rpc__0[]),dev_camera__str,secret_priv__str,sign_image__str,rpc__0[]) that may be sent on channel channel_case_ch__2 by 15 may be received at input {30}.
The event @p_act(@occ34_5,(false__bool,(),dev_camera__str,secret_priv__str,sign_image__str,chid__struct(x_,rpc__0[]))) records how variables are instantiated at {34}.
The message (false__bool,(),dev_camera__str,secret_priv__str,sign_image__str,chid__struct(x_,rpc__0[])) that may be sent on channel loop_ch__1 by 16 may be received at input {34}.
The entry channel_table(rpc_t__0,rpc__0[]) that may be in a table by 8 may be read at get {53}.
The entry access_control_table(client_t__0,rpc_t__0,invoke_rpc__0__syscall) that may be in a table by 17 may be read at get {52}.
So the message invoke__chan(sign_image__str,v__1,secret_priv__str) may be sent on channel rpc__0[] at output {37}.
mess(rpc__0[],invoke__chan(sign_image__str,v__1,secret_priv__str)).

22. The entry channel_table(rpc_t__0,rpc__0[]) that may be in a table by 8 may be read at get {187}.
The entry access_control_table(client_ta_t__0,rpc_t__0,accept_rpc__0__syscall) that may be in a table by 10 may be read at get {186}.
The message req__chan that may be sent on channel rpc__0[] by 11 may be received at input {134}.
The event @p_act(@occ142_1[],(true__bool,(),sym_k__0,rpc__0[])) records how variables are instantiated at {142}.
The message (true__bool,(),sym_k__0,rpc__0[]) that may be sent on channel channel_case_ch__3 by 18 may be received at input {142}.
The event @p_act(@occ146_3,(false__bool,(),sym_k__0)) records how variables are instantiated at {146}.
The message (false__bool,(),sym_k__0) that may be sent on channel loop_ch__2 by 19 may be received at input {146}.
The entry channel_table(rpc_t__0,rpc__0[]) that may be in a table by 8 may be read at get {176}.
The entry access_control_table(client_ta_t__0,rpc_t__0,none__syscall) that may be in a table by 20 may be read at get {174}.
The message invoke__chan(sign_image__str,v__1,secret_priv__str) that may be sent on channel rpc__0[] by 21 may be received at input {147}.
So the message (false__bool,(),sym_k__0,sign_image__str,v__1,secret_priv__str) may be sent on channel case_ch__2 at output {149}.
mess(case_ch__2,(false__bool,(),sym_k__0,sign_image__str,v__1,secret_priv__str)).

23. The entry file_type_table(client_ta_t__0,readonly_t__0,secret_priv__str) may be inserted in a table at insert {131}.
table(file_type_table(client_ta_t__0,readonly_t__0,secret_priv__str)).

24. The entry access_control_table(client_ta_t__0,readonly_t__0,fopen__0__syscall) may be inserted in a table at insert {9}.
table(access_control_table(client_ta_t__0,readonly_t__0,fopen__0__syscall)).

25. The message (secret_priv__str,enc__0(priv_k__0,sym_k__0)) may be sent on channel file_ch_1[] at output {133}.
mess(file_ch_1[],(secret_priv__str,enc__0(priv_k__0,sym_k__0))).

26. The entry channel_table(rpc_t__0,rpc__0[]) that may be in a table by 8 may be read at get {187}.
The entry access_control_table(client_ta_t__0,rpc_t__0,accept_rpc__0__syscall) that may be in a table by 10 may be read at get {186}.
The message req__chan that may be sent on channel rpc__0[] by 11 may be received at input {134}.
The event @p_act(@occ142_1[],(true__bool,(),sym_k__0,rpc__0[])) records how variables are instantiated at {142}.
The message (true__bool,(),sym_k__0,rpc__0[]) that may be sent on channel channel_case_ch__3 by 18 may be received at input {142}.
The event @p_act(@occ146_3,(false__bool,(),sym_k__0)) records how variables are instantiated at {146}.
The message (false__bool,(),sym_k__0) that may be sent on channel loop_ch__2 by 19 may be received at input {146}.
The entry channel_table(rpc_t__0,rpc__0[]) that may be in a table by 8 may be read at get {176}.
The entry access_control_table(client_ta_t__0,rpc_t__0,none__syscall) that may be in a table by 20 may be read at get {174}.
The message invoke__chan(sign_image__str,v__1,secret_priv__str) that may be sent on channel rpc__0[] by 21 may be received at input {147}.
The event @p_act(@occ150_3,(false__bool,(),sym_k__0,sign_image__str,v__1,secret_priv__str)) records how variables are instantiated at {150}.
The message (false__bool,(),sym_k__0,sign_image__str,v__1,secret_priv__str) that may be sent on channel case_ch__2 by 22 may be received at input {150}.
The entry file_type_table(client_ta_t__0,readonly_t__0,secret_priv__str) that may be in a table by 23 may be read at get {164}.
The entry access_control_table(client_ta_t__0,readonly_t__0,fopen__0__syscall) that may be in a table by 24 may be read at get {163}.
The event @p_act(@occ152_3,(secret_priv__str,enc__0(priv_k__0,sym_k__0))) records how variables are instantiated at {152}.
The message (secret_priv__str,enc__0(priv_k__0,sym_k__0)) that may be sent on channel file_ch_1[] by 25 may be received at input {152}.
The entry file_type_table(client_ta_t__0,readonly_t__0,secret_priv__str) that may be in a table by 23 may be read at get {162}.
The entry access_control_table(client_ta_t__0,readonly_t__0,fopen__0__syscall) that may be in a table by 24 may be read at get {161}.
The entry channel_table(rpc_t__0,rpc__0[]) that may be in a table by 8 may be read at get {159}.
The entry access_control_table(client_ta_t__0,rpc_t__0,none__syscall) that may be in a table by 20 may be read at get {158}.
So the message Returned__chan(sign__0(v__1,priv_k__0)) may be sent on channel rpc__0[] at output {156}.
mess(rpc__0[],Returned__chan(sign__0(v__1,priv_k__0))).

27. The entry channel_table(rpc_t__0,rpc__0[]) that may be in a table by 8 may be read at get {67}.
The entry access_control_table(client_t__0,rpc_t__0,connect_rpc__0__syscall) that may be in a table by 9 may be read at get {66}.
The entry channel_table(rpc_t__0,rpc__0[]) that may be in a table by 8 may be read at get {65}.
The entry access_control_table(client_t__0,rpc_t__0,connect_rpc__0__syscall) that may be in a table by 9 may be read at get {64}.
The message ack__chan that may be sent on channel rpc__0[] by 13 may be received at input {21}.
The event @p_act(@occ30_1[],(true__bool,chid__struct(x_,rpc__0[]),dev_camera__str,secret_priv__str,sign_image__str,rpc__0[])) records how variables are instantiated at {30}.
The message (true__bool,chid__struct(x_,rpc__0[]),dev_camera__str,secret_priv__str,sign_image__str,rpc__0[]) that may be sent on channel channel_case_ch__2 by 15 may be received at input {30}.
The event @p_act(@occ34_4,(false__bool,(),dev_camera__str,secret_priv__str,sign_image__str,chid__struct(x_,rpc__0[]))) records how variables are instantiated at {34}.
The message (false__bool,(),dev_camera__str,secret_priv__str,sign_image__str,chid__struct(x_,rpc__0[])) that may be sent on channel loop_ch__1 by 16 may be received at input {34}.
The entry channel_table(rpc_t__0,rpc__0[]) that may be in a table by 8 may be read at get {53}.
The entry access_control_table(client_t__0,rpc_t__0,invoke_rpc__0__syscall) that may be in a table by 17 may be read at get {52}.
The entry channel_table(rpc_t__0,rpc__0[]) that may be in a table by 8 may be read at get {51}.
The entry access_control_table(client_t__0,rpc_t__0,invoke_rpc__0__syscall) that may be in a table by 17 may be read at get {50}.
The message Returned__chan(sign__0(v__1,priv_k__0)) that may be sent on channel rpc__0[] by 26 may be received at input {38}.
So the message (false__bool,(),dev_camera__str,secret_priv__str,sign_image__str,chid__struct(x_,rpc__0[]),v__2,chid__struct(x_,rpc__0[]),sign_image__str,v__2,secret_priv__str,rpc__0[]) may be sent on channel channel_case_ch__4 at output {40}.
mess(channel_case_ch__4,(false__bool,(),dev_camera__str,secret_priv__str,sign_image__str,chid__struct(x_,rpc__0[]),v__2,chid__struct(x_,rpc__0[]),sign_image__str,v__2,secret_priv__str,rpc__0[])).

28. The entry channel_table(rpc_t__0,rpc__0[]) that may be in a table by 8 may be read at get {67}.
The entry access_control_table(client_t__0,rpc_t__0,connect_rpc__0__syscall) that may be in a table by 9 may be read at get {66}.
The entry channel_table(rpc_t__0,rpc__0[]) that may be in a table by 8 may be read at get {65}.
The entry access_control_table(client_t__0,rpc_t__0,connect_rpc__0__syscall) that may be in a table by 9 may be read at get {64}.
The message ack__chan that may be sent on channel rpc__0[] by 13 may be received at input {21}.
The event @p_act(@occ30_1[],(true__bool,chid__struct(x_,rpc__0[]),dev_camera__str,secret_priv__str,sign_image__str,rpc__0[])) records how variables are instantiated at {30}.
The message (true__bool,chid__struct(x_,rpc__0[]),dev_camera__str,secret_priv__str,sign_image__str,rpc__0[]) that may be sent on channel channel_case_ch__2 by 15 may be received at input {30}.
The event @p_act(@occ34_4,(false__bool,(),dev_camera__str,secret_priv__str,sign_image__str,chid__struct(x_,rpc__0[]))) records how variables are instantiated at {34}.
The message (false__bool,(),dev_camera__str,secret_priv__str,sign_image__str,chid__struct(x_,rpc__0[])) that may be sent on channel loop_ch__1 by 16 may be received at input {34}.
The entry channel_table(rpc_t__0,rpc__0[]) that may be in a table by 8 may be read at get {53}.
The entry access_control_table(client_t__0,rpc_t__0,invoke_rpc__0__syscall) that may be in a table by 17 may be read at get {52}.
The entry channel_table(rpc_t__0,rpc__0[]) that may be in a table by 8 may be read at get {51}.
The entry access_control_table(client_t__0,rpc_t__0,invoke_rpc__0__syscall) that may be in a table by 17 may be read at get {50}.
The message Returned__chan(sign__0(v__1,priv_k__0)) that may be sent on channel rpc__0[] by 26 may be received at input {38}.
The event @p_act(@occ41_3,(false__bool,(),dev_camera__str,secret_priv__str,sign_image__str,chid__struct(x_,rpc__0[]),v__2,chid__struct(x_,rpc__0[]),sign_image__str,v__2,secret_priv__str,rpc__0[])) records how variables are instantiated at {41}.
The message (false__bool,(),dev_camera__str,secret_priv__str,sign_image__str,chid__struct(x_,rpc__0[]),v__2,chid__struct(x_,rpc__0[]),sign_image__str,v__2,secret_priv__str,rpc__0[]) that may be sent on channel channel_case_ch__4 by 27 may be received at input {41}.
So the message (true__bool,sign__0(v__1,priv_k__0),dev_camera__str,secret_priv__str,sign_image__str,chid__struct(x_,rpc__0[]),v__2,chid__struct(x_,rpc__0[]),sign_image__str,v__2,secret_priv__str,rpc__0[]) may be sent on channel channel_case_ch__4 at output {42}.
mess(channel_case_ch__4,(true__bool,sign__0(v__1,priv_k__0),dev_camera__str,secret_priv__str,sign_image__str,chid__struct(x_,rpc__0[]),v__2,chid__struct(x_,rpc__0[]),sign_image__str,v__2,secret_priv__str,rpc__0[])).

29. The entry access_control_table(client_t__0,udp_t__0,send__0__syscall) may be inserted in a table at insert {1}.
table(access_control_table(client_t__0,udp_t__0,send__0__syscall)).

30. The entry channel_table(rpc_t__0,rpc__0[]) that may be in a table by 8 may be read at get {67}.
The entry access_control_table(client_t__0,rpc_t__0,connect_rpc__0__syscall) that may be in a table by 9 may be read at get {66}.
The entry channel_table(rpc_t__0,rpc__0[]) that may be in a table by 8 may be read at get {65}.
The entry access_control_table(client_t__0,rpc_t__0,connect_rpc__0__syscall) that may be in a table by 9 may be read at get {64}.
The message ack__chan that may be sent on channel rpc__0[] by 13 may be received at input {21}.
The event @p_act(@occ30_1[],(true__bool,chid__struct(x_,rpc__0[]),dev_camera__str,secret_priv__str,sign_image__str,rpc__0[])) records how variables are instantiated at {30}.
The message (true__bool,chid__struct(x_,rpc__0[]),dev_camera__str,secret_priv__str,sign_image__str,rpc__0[]) that may be sent on channel channel_case_ch__2 by 15 may be received at input {30}.
The event @p_act(@occ34_4,(false__bool,(),dev_camera__str,secret_priv__str,sign_image__str,chid__struct(x_,rpc__0[]))) records how variables are instantiated at {34}.
The message (false__bool,(),dev_camera__str,secret_priv__str,sign_image__str,chid__struct(x_,rpc__0[])) that may be sent on channel loop_ch__1 by 16 may be received at input {34}.
The entry channel_table(rpc_t__0,rpc__0[]) that may be in a table by 8 may be read at get {53}.
The entry access_control_table(client_t__0,rpc_t__0,invoke_rpc__0__syscall) that may be in a table by 17 may be read at get {52}.
The entry channel_table(rpc_t__0,rpc__0[]) that may be in a table by 8 may be read at get {51}.
The entry access_control_table(client_t__0,rpc_t__0,invoke_rpc__0__syscall) that may be in a table by 17 may be read at get {50}.
The message Returned__chan(sign__0(v__1,priv_k__0)) that may be sent on channel rpc__0[] by 26 may be received at input {38}.
The event @p_act(@occ43_3,(true__bool,sign__0(v__1,priv_k__0),dev_camera__str,secret_priv__str,sign_image__str,chid__struct(x_,rpc__0[]),v__2,chid__struct(x_,rpc__0[]),sign_image__str,v__2,secret_priv__str,rpc__0[])) records how variables are instantiated at {43}.
The message (true__bool,sign__0(v__1,priv_k__0),dev_camera__str,secret_priv__str,sign_image__str,chid__struct(x_,rpc__0[]),v__2,chid__struct(x_,rpc__0[]),sign_image__str,v__2,secret_priv__str,rpc__0[]) that may be sent on channel channel_case_ch__4 by 28 may be received at input {43}.
The event ImgSend__event_global(v__2) may be executed at {45}.
The entry channel_table(udp_t__0,udp__0[]) that may be in a table by 6 may be read at get {49}.
The entry access_control_table(client_t__0,udp_t__0,send__0__syscall) that may be in a table by 29 may be read at get {48}.
So the message store__chan((sign__0(v__1,priv_k__0),v__2)) may be sent on channel udp__0[] at output {46}.
mess(udp__0[],store__chan((sign__0(v__1,priv_k__0),v__2))).

31. The entry file_type_table(server_t__0,readonly_t__0,secret_pub__str) that may be in a table by 1 may be read at get {127}.
The entry access_control_table(server_t__0,readonly_t__0,fopen__0__syscall) that may be in a table by 2 may be read at get {126}.
The event @p_act(@occ74_1[],(secret_pub__str,pk__0(priv_k__0))) records how variables are instantiated at {74}.
The message (secret_pub__str,pk__0(priv_k__0)) that may be sent on channel file_ch[] by 3 may be received at input {74}.
The entry file_type_table(server_t__0,readonly_t__0,secret_pub__str) that may be in a table by 1 may be read at get {125}.
The entry access_control_table(server_t__0,readonly_t__0,fopen__0__syscall) that may be in a table by 2 may be read at get {124}.
The event @p_act(@occ80_2,(false__bool,(),secret_pub__str,Fd__struct(y__1,pk__0(priv_k__0)),pk__0(priv_k__0))) records how variables are instantiated at {80}.
The message (false__bool,(),secret_pub__str,Fd__struct(y__1,pk__0(priv_k__0)),pk__0(priv_k__0)) that may be sent on channel loop_ch_ by 4 may be received at input {80}.
The message true__bool that may be sent on channel attack_choice_ch_1 by 5 may be received at input {94}.
The entry channel_table(udp_t__0,udp__0[]) that may be in a table by 6 may be read at get {104}.
The entry access_control_table(server_t__0,udp_t__0,recv__0__syscall) that may be in a table by 7 may be read at get {103}.
The message store__chan((sign__0(v__1,priv_k__0),v__2)) that may be sent on channel udp__0[] by 30 may be received at input {95}.
So the message (false__bool,(),secret_pub__str,Fd__struct(y__1,pk__0(priv_k__0)),pk__0(priv_k__0),udp__0[]) may be sent on channel channel_case_ch_ at output {97}.
mess(channel_case_ch_,(false__bool,(),secret_pub__str,Fd__struct(y__1,pk__0(priv_k__0)),pk__0(priv_k__0),udp__0[])).

32. The entry channel_table(rpc_t__0,rpc__0[]) that may be in a table by 8 may be read at get {67}.
The entry access_control_table(client_t__0,rpc_t__0,connect_rpc__0__syscall) that may be in a table by 9 may be read at get {66}.
The entry channel_table(rpc_t__0,rpc__0[]) that may be in a table by 8 may be read at get {65}.
The entry access_control_table(client_t__0,rpc_t__0,connect_rpc__0__syscall) that may be in a table by 9 may be read at get {64}.
The message ack__chan that may be sent on channel rpc__0[] by 13 may be received at input {21}.
The event @p_act(@occ30_1[],(true__bool,chid__struct(x_,rpc__0[]),dev_camera__str,secret_priv__str,sign_image__str,rpc__0[])) records how variables are instantiated at {30}.
The message (true__bool,chid__struct(x_,rpc__0[]),dev_camera__str,secret_priv__str,sign_image__str,rpc__0[]) that may be sent on channel channel_case_ch__2 by 15 may be received at input {30}.
The event @p_act(@occ34_3,(false__bool,(),dev_camera__str,secret_priv__str,sign_image__str,chid__struct(x_,rpc__0[]))) records how variables are instantiated at {34}.
The message (false__bool,(),dev_camera__str,secret_priv__str,sign_image__str,chid__struct(x_,rpc__0[])) that may be sent on channel loop_ch__1 by 16 may be received at input {34}.
So the message v_ may be sent to the attacker at output {36}.
attacker(v_).

33. The entry channel_table(rpc_t__0,rpc__0[]) that may be in a table by 8 may be read at get {67}.
The entry access_control_table(client_t__0,rpc_t__0,connect_rpc__0__syscall) that may be in a table by 9 may be read at get {66}.
The entry channel_table(rpc_t__0,rpc__0[]) that may be in a table by 8 may be read at get {65}.
The entry access_control_table(client_t__0,rpc_t__0,connect_rpc__0__syscall) that may be in a table by 9 may be read at get {64}.
The message ack__chan that may be sent on channel rpc__0[] by 13 may be received at input {21}.
The event @p_act(@occ30_1[],(true__bool,chid__struct(x_,rpc__0[]),dev_camera__str,secret_priv__str,sign_image__str,rpc__0[])) records how variables are instantiated at {30}.
The message (true__bool,chid__struct(x_,rpc__0[]),dev_camera__str,secret_priv__str,sign_image__str,rpc__0[]) that may be sent on channel channel_case_ch__2 by 15 may be received at input {30}.
The event @p_act(@occ34_3,(false__bool,(),dev_camera__str,secret_priv__str,sign_image__str,chid__struct(x_,rpc__0[]))) records how variables are instantiated at {34}.
The message (false__bool,(),dev_camera__str,secret_priv__str,sign_image__str,chid__struct(x_,rpc__0[])) that may be sent on channel loop_ch__1 by 16 may be received at input {34}.
The entry channel_table(rpc_t__0,rpc__0[]) that may be in a table by 8 may be read at get {53}.
The entry access_control_table(client_t__0,rpc_t__0,invoke_rpc__0__syscall) that may be in a table by 17 may be read at get {52}.
So the message invoke__chan(sign_image__str,v_,secret_priv__str) may be sent on channel rpc__0[] at output {37}.
mess(rpc__0[],invoke__chan(sign_image__str,v_,secret_priv__str)).

34. The entry channel_table(rpc_t__0,rpc__0[]) that may be in a table by 8 may be read at get {187}.
The entry access_control_table(client_ta_t__0,rpc_t__0,accept_rpc__0__syscall) that may be in a table by 10 may be read at get {186}.
The message req__chan that may be sent on channel rpc__0[] by 11 may be received at input {134}.
The event @p_act(@occ142_1[],(true__bool,(),sym_k__0,rpc__0[])) records how variables are instantiated at {142}.
The message (true__bool,(),sym_k__0,rpc__0[]) that may be sent on channel channel_case_ch__3 by 18 may be received at input {142}.
The event @p_act(@occ146_2,(false__bool,(),sym_k__0)) records how variables are instantiated at {146}.
The message (false__bool,(),sym_k__0) that may be sent on channel loop_ch__2 by 19 may be received at input {146}.
The entry channel_table(rpc_t__0,rpc__0[]) that may be in a table by 8 may be read at get {176}.
The entry access_control_table(client_ta_t__0,rpc_t__0,none__syscall) that may be in a table by 20 may be read at get {174}.
The message invoke__chan(sign_image__str,v_,secret_priv__str) that may be sent on channel rpc__0[] by 33 may be received at input {147}.
So the message (false__bool,(),sym_k__0,sign_image__str,v_,secret_priv__str) may be sent on channel case_ch__1 at output {149}.
mess(case_ch__1,(false__bool,(),sym_k__0,sign_image__str,v_,secret_priv__str)).

35. The entry channel_table(rpc_t__0,rpc__0[]) that may be in a table by 8 may be read at get {187}.
The entry access_control_table(client_ta_t__0,rpc_t__0,accept_rpc__0__syscall) that may be in a table by 10 may be read at get {186}.
The message req__chan that may be sent on channel rpc__0[] by 11 may be received at input {134}.
The event @p_act(@occ142_1[],(true__bool,(),sym_k__0,rpc__0[])) records how variables are instantiated at {142}.
The message (true__bool,(),sym_k__0,rpc__0[]) that may be sent on channel channel_case_ch__3 by 18 may be received at input {142}.
The event @p_act(@occ146_2,(false__bool,(),sym_k__0)) records how variables are instantiated at {146}.
The message (false__bool,(),sym_k__0) that may be sent on channel loop_ch__2 by 19 may be received at input {146}.
The entry channel_table(rpc_t__0,rpc__0[]) that may be in a table by 8 may be read at get {176}.
The entry access_control_table(client_ta_t__0,rpc_t__0,none__syscall) that may be in a table by 20 may be read at get {174}.
The message invoke__chan(sign_image__str,v_,secret_priv__str) that may be sent on channel rpc__0[] by 33 may be received at input {147}.
The event @p_act(@occ150_2,(false__bool,(),sym_k__0,sign_image__str,v_,secret_priv__str)) records how variables are instantiated at {150}.
The message (false__bool,(),sym_k__0,sign_image__str,v_,secret_priv__str) that may be sent on channel case_ch__1 by 34 may be received at input {150}.
The entry file_type_table(client_ta_t__0,readonly_t__0,secret_priv__str) that may be in a table by 23 may be read at get {164}.
The entry access_control_table(client_ta_t__0,readonly_t__0,fopen__0__syscall) that may be in a table by 24 may be read at get {163}.
The event @p_act(@occ152_2,(secret_priv__str,enc__0(priv_k__0,sym_k__0))) records how variables are instantiated at {152}.
The message (secret_priv__str,enc__0(priv_k__0,sym_k__0)) that may be sent on channel file_ch_1[] by 25 may be received at input {152}.
The entry file_type_table(client_ta_t__0,readonly_t__0,secret_priv__str) that may be in a table by 23 may be read at get {162}.
The entry access_control_table(client_ta_t__0,readonly_t__0,fopen__0__syscall) that may be in a table by 24 may be read at get {161}.
The entry channel_table(rpc_t__0,rpc__0[]) that may be in a table by 8 may be read at get {159}.
The entry access_control_table(client_ta_t__0,rpc_t__0,none__syscall) that may be in a table by 20 may be read at get {158}.
So the message Returned__chan(sign__0(v_,priv_k__0)) may be sent on channel rpc__0[] at output {156}.
mess(rpc__0[],Returned__chan(sign__0(v_,priv_k__0))).

36. The entry channel_table(rpc_t__0,rpc__0[]) that may be in a table by 8 may be read at get {67}.
The entry access_control_table(client_t__0,rpc_t__0,connect_rpc__0__syscall) that may be in a table by 9 may be read at get {66}.
The entry channel_table(rpc_t__0,rpc__0[]) that may be in a table by 8 may be read at get {65}.
The entry access_control_table(client_t__0,rpc_t__0,connect_rpc__0__syscall) that may be in a table by 9 may be read at get {64}.
The message ack__chan that may be sent on channel rpc__0[] by 13 may be received at input {21}.
The event @p_act(@occ30_1[],(true__bool,chid__struct(x_,rpc__0[]),dev_camera__str,secret_priv__str,sign_image__str,rpc__0[])) records how variables are instantiated at {30}.
The message (true__bool,chid__struct(x_,rpc__0[]),dev_camera__str,secret_priv__str,sign_image__str,rpc__0[]) that may be sent on channel channel_case_ch__2 by 15 may be received at input {30}.
The event @p_act(@occ34_2,(false__bool,(),dev_camera__str,secret_priv__str,sign_image__str,chid__struct(x_,rpc__0[]))) records how variables are instantiated at {34}.
The message (false__bool,(),dev_camera__str,secret_priv__str,sign_image__str,chid__struct(x_,rpc__0[])) that may be sent on channel loop_ch__1 by 16 may be received at input {34}.
The entry channel_table(rpc_t__0,rpc__0[]) that may be in a table by 8 may be read at get {53}.
The entry access_control_table(client_t__0,rpc_t__0,invoke_rpc__0__syscall) that may be in a table by 17 may be read at get {52}.
The entry channel_table(rpc_t__0,rpc__0[]) that may be in a table by 8 may be read at get {51}.
The entry access_control_table(client_t__0,rpc_t__0,invoke_rpc__0__syscall) that may be in a table by 17 may be read at get {50}.
The message Returned__chan(sign__0(v_,priv_k__0)) that may be sent on channel rpc__0[] by 35 may be received at input {38}.
So the message (false__bool,(),dev_camera__str,secret_priv__str,sign_image__str,chid__struct(x_,rpc__0[]),v__3,chid__struct(x_,rpc__0[]),sign_image__str,v__3,secret_priv__str,rpc__0[]) may be sent on channel channel_case_ch__1 at output {40}.
mess(channel_case_ch__1,(false__bool,(),dev_camera__str,secret_priv__str,sign_image__str,chid__struct(x_,rpc__0[]),v__3,chid__struct(x_,rpc__0[]),sign_image__str,v__3,secret_priv__str,rpc__0[])).

37. The entry channel_table(rpc_t__0,rpc__0[]) that may be in a table by 8 may be read at get {67}.
The entry access_control_table(client_t__0,rpc_t__0,connect_rpc__0__syscall) that may be in a table by 9 may be read at get {66}.
The entry channel_table(rpc_t__0,rpc__0[]) that may be in a table by 8 may be read at get {65}.
The entry access_control_table(client_t__0,rpc_t__0,connect_rpc__0__syscall) that may be in a table by 9 may be read at get {64}.
The message ack__chan that may be sent on channel rpc__0[] by 13 may be received at input {21}.
The event @p_act(@occ30_1[],(true__bool,chid__struct(x_,rpc__0[]),dev_camera__str,secret_priv__str,sign_image__str,rpc__0[])) records how variables are instantiated at {30}.
The message (true__bool,chid__struct(x_,rpc__0[]),dev_camera__str,secret_priv__str,sign_image__str,rpc__0[]) that may be sent on channel channel_case_ch__2 by 15 may be received at input {30}.
The event @p_act(@occ34_2,(false__bool,(),dev_camera__str,secret_priv__str,sign_image__str,chid__struct(x_,rpc__0[]))) records how variables are instantiated at {34}.
The message (false__bool,(),dev_camera__str,secret_priv__str,sign_image__str,chid__struct(x_,rpc__0[])) that may be sent on channel loop_ch__1 by 16 may be received at input {34}.
The entry channel_table(rpc_t__0,rpc__0[]) that may be in a table by 8 may be read at get {53}.
The entry access_control_table(client_t__0,rpc_t__0,invoke_rpc__0__syscall) that may be in a table by 17 may be read at get {52}.
The entry channel_table(rpc_t__0,rpc__0[]) that may be in a table by 8 may be read at get {51}.
The entry access_control_table(client_t__0,rpc_t__0,invoke_rpc__0__syscall) that may be in a table by 17 may be read at get {50}.
The message Returned__chan(sign__0(v_,priv_k__0)) that may be sent on channel rpc__0[] by 35 may be received at input {38}.
The event @p_act(@occ41_2,(false__bool,(),dev_camera__str,secret_priv__str,sign_image__str,chid__struct(x_,rpc__0[]),v__3,chid__struct(x_,rpc__0[]),sign_image__str,v__3,secret_priv__str,rpc__0[])) records how variables are instantiated at {41}.
The message (false__bool,(),dev_camera__str,secret_priv__str,sign_image__str,chid__struct(x_,rpc__0[]),v__3,chid__struct(x_,rpc__0[]),sign_image__str,v__3,secret_priv__str,rpc__0[]) that may be sent on channel channel_case_ch__1 by 36 may be received at input {41}.
So the message (true__bool,sign__0(v_,priv_k__0),dev_camera__str,secret_priv__str,sign_image__str,chid__struct(x_,rpc__0[]),v__3,chid__struct(x_,rpc__0[]),sign_image__str,v__3,secret_priv__str,rpc__0[]) may be sent on channel channel_case_ch__1 at output {42}.
mess(channel_case_ch__1,(true__bool,sign__0(v_,priv_k__0),dev_camera__str,secret_priv__str,sign_image__str,chid__struct(x_,rpc__0[]),v__3,chid__struct(x_,rpc__0[]),sign_image__str,v__3,secret_priv__str,rpc__0[])).

38. The entry channel_table(rpc_t__0,rpc__0[]) that may be in a table by 8 may be read at get {67}.
The entry access_control_table(client_t__0,rpc_t__0,connect_rpc__0__syscall) that may be in a table by 9 may be read at get {66}.
The entry channel_table(rpc_t__0,rpc__0[]) that may be in a table by 8 may be read at get {65}.
The entry access_control_table(client_t__0,rpc_t__0,connect_rpc__0__syscall) that may be in a table by 9 may be read at get {64}.
The message ack__chan that may be sent on channel rpc__0[] by 13 may be received at input {21}.
The event @p_act(@occ30_1[],(true__bool,chid__struct(x_,rpc__0[]),dev_camera__str,secret_priv__str,sign_image__str,rpc__0[])) records how variables are instantiated at {30}.
The message (true__bool,chid__struct(x_,rpc__0[]),dev_camera__str,secret_priv__str,sign_image__str,rpc__0[]) that may be sent on channel channel_case_ch__2 by 15 may be received at input {30}.
The event @p_act(@occ34_2,(false__bool,(),dev_camera__str,secret_priv__str,sign_image__str,chid__struct(x_,rpc__0[]))) records how variables are instantiated at {34}.
The message (false__bool,(),dev_camera__str,secret_priv__str,sign_image__str,chid__struct(x_,rpc__0[])) that may be sent on channel loop_ch__1 by 16 may be received at input {34}.
The entry channel_table(rpc_t__0,rpc__0[]) that may be in a table by 8 may be read at get {53}.
The entry access_control_table(client_t__0,rpc_t__0,invoke_rpc__0__syscall) that may be in a table by 17 may be read at get {52}.
The entry channel_table(rpc_t__0,rpc__0[]) that may be in a table by 8 may be read at get {51}.
The entry access_control_table(client_t__0,rpc_t__0,invoke_rpc__0__syscall) that may be in a table by 17 may be read at get {50}.
The message Returned__chan(sign__0(v_,priv_k__0)) that may be sent on channel rpc__0[] by 35 may be received at input {38}.
The event @p_act(@occ43_2,(true__bool,sign__0(v_,priv_k__0),dev_camera__str,secret_priv__str,sign_image__str,chid__struct(x_,rpc__0[]),v__3,chid__struct(x_,rpc__0[]),sign_image__str,v__3,secret_priv__str,rpc__0[])) records how variables are instantiated at {43}.
The message (true__bool,sign__0(v_,priv_k__0),dev_camera__str,secret_priv__str,sign_image__str,chid__struct(x_,rpc__0[]),v__3,chid__struct(x_,rpc__0[]),sign_image__str,v__3,secret_priv__str,rpc__0[]) that may be sent on channel channel_case_ch__1 by 37 may be received at input {43}.
So the message sign__0(v_,priv_k__0) may be sent to the attacker at output {44}.
attacker(sign__0(v_,priv_k__0)).

39. By 38, the attacker may know sign__0(v_,priv_k__0).
By 32, the attacker may know v_.
Using the function 2-tuple the attacker may obtain (sign__0(v_,priv_k__0),v_).
attacker((sign__0(v_,priv_k__0),v_)).

40. The entry file_type_table(server_t__0,readonly_t__0,secret_pub__str) that may be in a table by 1 may be read at get {127}.
The entry access_control_table(server_t__0,readonly_t__0,fopen__0__syscall) that may be in a table by 2 may be read at get {126}.
The event @p_act(@occ74_1[],(secret_pub__str,pk__0(priv_k__0))) records how variables are instantiated at {74}.
The message (secret_pub__str,pk__0(priv_k__0)) that may be sent on channel file_ch[] by 3 may be received at input {74}.
The entry file_type_table(server_t__0,readonly_t__0,secret_pub__str) that may be in a table by 1 may be read at get {125}.
The entry access_control_table(server_t__0,readonly_t__0,fopen__0__syscall) that may be in a table by 2 may be read at get {124}.
The event @p_act(@occ80_2,(false__bool,(),secret_pub__str,Fd__struct(y__1,pk__0(priv_k__0)),pk__0(priv_k__0))) records how variables are instantiated at {80}.
The message (false__bool,(),secret_pub__str,Fd__struct(y__1,pk__0(priv_k__0)),pk__0(priv_k__0)) that may be sent on channel loop_ch_ by 4 may be received at input {80}.
The message true__bool that may be sent on channel attack_choice_ch_1 by 5 may be received at input {94}.
The entry channel_table(udp_t__0,udp__0[]) that may be in a table by 6 may be read at get {104}.
The entry access_control_table(server_t__0,udp_t__0,recv__0__syscall) that may be in a table by 7 may be read at get {103}.
The message store__chan((sign__0(v__1,priv_k__0),v__2)) that may be sent on channel udp__0[] by 30 may be received at input {95}.
The event @p_act(@occ98_2,(false__bool,(),secret_pub__str,Fd__struct(y__1,pk__0(priv_k__0)),pk__0(priv_k__0),udp__0[])) records how variables are instantiated at {98}.
The message (false__bool,(),secret_pub__str,Fd__struct(y__1,pk__0(priv_k__0)),pk__0(priv_k__0),udp__0[]) that may be sent on channel channel_case_ch_ by 31 may be received at input {98}.
The message (sign__0(v_,priv_k__0),v_) that the attacker may have by 39 may be received at input {99}.
So the message (true__bool,(sign__0(v_,priv_k__0),v_),secret_pub__str,Fd__struct(y__1,pk__0(priv_k__0)),pk__0(priv_k__0),udp__0[]) may be sent on channel channel_case_ch_ at output {100}.
mess(channel_case_ch_,(true__bool,(sign__0(v_,priv_k__0),v_),secret_pub__str,Fd__struct(y__1,pk__0(priv_k__0)),pk__0(priv_k__0),udp__0[])).

41. The entry file_type_table(server_t__0,readonly_t__0,secret_pub__str) that may be in a table by 1 may be read at get {127}.
The entry access_control_table(server_t__0,readonly_t__0,fopen__0__syscall) that may be in a table by 2 may be read at get {126}.
The event @p_act(@occ74_1[],(secret_pub__str,pk__0(priv_k__0))) records how variables are instantiated at {74}.
The message (secret_pub__str,pk__0(priv_k__0)) that may be sent on channel file_ch[] by 3 may be received at input {74}.
The entry file_type_table(server_t__0,readonly_t__0,secret_pub__str) that may be in a table by 1 may be read at get {125}.
The entry access_control_table(server_t__0,readonly_t__0,fopen__0__syscall) that may be in a table by 2 may be read at get {124}.
The event @p_act(@occ80_2,(false__bool,(),secret_pub__str,Fd__struct(y__1,pk__0(priv_k__0)),pk__0(priv_k__0))) records how variables are instantiated at {80}.
The message (false__bool,(),secret_pub__str,Fd__struct(y__1,pk__0(priv_k__0)),pk__0(priv_k__0)) that may be sent on channel loop_ch_ by 4 may be received at input {80}.
The message true__bool that may be sent on channel attack_choice_ch_1 by 5 may be received at input {94}.
The entry channel_table(udp_t__0,udp__0[]) that may be in a table by 6 may be read at get {104}.
The entry access_control_table(server_t__0,udp_t__0,recv__0__syscall) that may be in a table by 7 may be read at get {103}.
The message store__chan((sign__0(v__1,priv_k__0),v__2)) that may be sent on channel udp__0[] by 30 may be received at input {95}.
The event @p_act(@occ101_2,(true__bool,(sign__0(v_,priv_k__0),v_),secret_pub__str,Fd__struct(y__1,pk__0(priv_k__0)),pk__0(priv_k__0),udp__0[])) records how variables are instantiated at {101}.
The message (true__bool,(sign__0(v_,priv_k__0),v_),secret_pub__str,Fd__struct(y__1,pk__0(priv_k__0)),pk__0(priv_k__0),udp__0[]) that may be sent on channel channel_case_ch_ by 40 may be received at input {101}.
So the message (true__bool,(sign__0(v_,priv_k__0),v_),secret_pub__str,Fd__struct(y__1,pk__0(priv_k__0)),pk__0(priv_k__0)) may be sent on channel call_join_ch_ at output {102}.
mess(call_join_ch_,(true__bool,(sign__0(v_,priv_k__0),v_),secret_pub__str,Fd__struct(y__1,pk__0(priv_k__0)),pk__0(priv_k__0))).

42. The entry file_type_table(server_t__0,readonly_t__0,secret_pub__str) that may be in a table by 1 may be read at get {127}.
The entry access_control_table(server_t__0,readonly_t__0,fopen__0__syscall) that may be in a table by 2 may be read at get {126}.
The event @p_act(@occ74_1[],(secret_pub__str,pk__0(priv_k__0))) records how variables are instantiated at {74}.
The message (secret_pub__str,pk__0(priv_k__0)) that may be sent on channel file_ch[] by 3 may be received at input {74}.
The entry file_type_table(server_t__0,readonly_t__0,secret_pub__str) that may be in a table by 1 may be read at get {125}.
The entry access_control_table(server_t__0,readonly_t__0,fopen__0__syscall) that may be in a table by 2 may be read at get {124}.
The event @p_act(@occ80_2,(false__bool,(),secret_pub__str,Fd__struct(y__1,pk__0(priv_k__0)),pk__0(priv_k__0))) records how variables are instantiated at {80}.
The message (false__bool,(),secret_pub__str,Fd__struct(y__1,pk__0(priv_k__0)),pk__0(priv_k__0)) that may be sent on channel loop_ch_ by 4 may be received at input {80}.
The event @p_act(@occ105_2,(true__bool,(sign__0(v_,priv_k__0),v_),secret_pub__str,Fd__struct(y__1,pk__0(priv_k__0)),pk__0(priv_k__0))) records how variables are instantiated at {105}.
The message (true__bool,(sign__0(v_,priv_k__0),v_),secret_pub__str,Fd__struct(y__1,pk__0(priv_k__0)),pk__0(priv_k__0)) that may be sent on channel call_join_ch_ by 41 may be received at input {105}.
So the message (false__bool,(),secret_pub__str,Fd__struct(y__1,pk__0(priv_k__0)),pk__0(priv_k__0),(sign__0(v_,priv_k__0),v_),true__0) may be sent on channel case_ch_ at output {107}.
mess(case_ch_,(false__bool,(),secret_pub__str,Fd__struct(y__1,pk__0(priv_k__0)),pk__0(priv_k__0),(sign__0(v_,priv_k__0),v_),true__0)).

43. The entry file_type_table(server_t__0,readonly_t__0,secret_pub__str) that may be in a table by 1 may be read at get {127}.
The entry access_control_table(server_t__0,readonly_t__0,fopen__0__syscall) that may be in a table by 2 may be read at get {126}.
The event @p_act(@occ74_1[],(secret_pub__str,pk__0(priv_k__0))) records how variables are instantiated at {74}.
The message (secret_pub__str,pk__0(priv_k__0)) that may be sent on channel file_ch[] by 3 may be received at input {74}.
The entry file_type_table(server_t__0,readonly_t__0,secret_pub__str) that may be in a table by 1 may be read at get {125}.
The entry access_control_table(server_t__0,readonly_t__0,fopen__0__syscall) that may be in a table by 2 may be read at get {124}.
The event @p_act(@occ80_2,(false__bool,(),secret_pub__str,Fd__struct(y__1,pk__0(priv_k__0)),pk__0(priv_k__0))) records how variables are instantiated at {80}.
The message (false__bool,(),secret_pub__str,Fd__struct(y__1,pk__0(priv_k__0)),pk__0(priv_k__0)) that may be sent on channel loop_ch_ by 4 may be received at input {80}.
The event @p_act(@occ105_2,(true__bool,(sign__0(v_,priv_k__0),v_),secret_pub__str,Fd__struct(y__1,pk__0(priv_k__0)),pk__0(priv_k__0))) records how variables are instantiated at {105}.
The message (true__bool,(sign__0(v_,priv_k__0),v_),secret_pub__str,Fd__struct(y__1,pk__0(priv_k__0)),pk__0(priv_k__0)) that may be sent on channel call_join_ch_ by 41 may be received at input {105}.
The event @p_act(@occ108_2,(false__bool,(),secret_pub__str,Fd__struct(y__1,pk__0(priv_k__0)),pk__0(priv_k__0),(sign__0(v_,priv_k__0),v_),true__0)) records how variables are instantiated at {108}.
The message (false__bool,(),secret_pub__str,Fd__struct(y__1,pk__0(priv_k__0)),pk__0(priv_k__0),(sign__0(v_,priv_k__0),v_),true__0) that may be sent on channel case_ch_ by 42 may be received at input {108}.
So event ImgRecvValid__event_global(snd__0((sign__0(v_,priv_k__0),v_))) may be executed at {110}.
event(ImgRecvValid__event_global(snd__0((sign__0(v_,priv_k__0),v_)))).

44. By 43, event(ImgRecvValid__event_global(snd__0((sign__0(v_,priv_k__0),v_)))).
The goal is reached, represented in the following fact:
event(ImgRecvValid__event_global(snd__0((sign__0(v_,priv_k__0),v_)))).


Could not find a trace corresponding to this derivation.
RESULT event(ImgRecvValid__event_global(x__63)) ==> event(ImgSend__event_global(x__63)) cannot be proved.

--------------------------------------------------------------
Verification summary:

Query not (event(ClientClose__event_global) && event(ClientTAClose__event_global) && event(ImgRecvValid__event_global(x__62))) cannot be proved.

Query event(ImgRecvValid__event_global(x__63)) ==> event(ImgSend__event_global(x__63)) cannot be proved.

--------------------------------------------------------------

